<?xml version="1.0" encoding="utf-8"?>
<gpx xmlns="http://www.topografix.com/GPX/1/1" version="1.1" creator="https://mapy.com/">
	<trk>
		<name>Route from P+B Sportpálya, Pilisszentiván to P+B Sportpálya, Pilisszentiván</name>
		<trkseg>
			<trkpt lat="47.611973" lon="18.883907">
				<ele>220.000000</ele>
			</trkpt>
			<trkpt lat="47.611779" lon="18.883720">
				<ele>221.000000</ele>
			</trkpt>
			<trkpt lat="47.611755" lon="18.883728">
				<ele>221.000000</ele>
			</trkpt>
			<trkpt lat="47.611743" lon="18.883728">
				<ele>221.000000</ele>
			</trkpt>
			<trkpt lat="47.611725" lon="18.883728">
				<ele>221.000000</ele>
			</trkpt>
			<trkpt lat="47.611700" lon="18.883728">
				<ele>221.000000</ele>
			</trkpt>
			<trkpt lat="47.611676" lon="18.883737">
				<ele>222.000000</ele>
			</trkpt>
			<trkpt lat="47.611627" lon="18.883764">
				<ele>222.000000</ele>
			</trkpt>
			<trkpt lat="47.611585" lon="18.883781">
				<ele>222.000000</ele>
			</trkpt>
			<trkpt lat="47.611573" lon="18.883781">
				<ele>223.000000</ele>
			</trkpt>
			<trkpt lat="47.611555" lon="18.883773">
				<ele>223.000000</ele>
			</trkpt>
			<trkpt lat="47.611531" lon="18.883764">
				<ele>223.000000</ele>
			</trkpt>
			<trkpt lat="47.611501" lon="18.883747">
				<ele>223.000000</ele>
			</trkpt>
			<trkpt lat="47.611452" lon="18.883720">
				<ele>224.000000</ele>
			</trkpt>
			<trkpt lat="47.611415" lon="18.883701">
				<ele>224.000000</ele>
			</trkpt>
			<trkpt lat="47.611373" lon="18.883684">
				<ele>224.000000</ele>
			</trkpt>
			<trkpt lat="47.611331" lon="18.883674">
				<ele>225.000000</ele>
			</trkpt>
			<trkpt lat="47.611295" lon="18.883674">
				<ele>225.000000</ele>
			</trkpt>
			<trkpt lat="47.611270" lon="18.883665">
				<ele>225.000000</ele>
			</trkpt>
			<trkpt lat="47.611137" lon="18.883665">
				<ele>227.000000</ele>
			</trkpt>
			<trkpt lat="47.610738" lon="18.883594">
				<ele>230.000000</ele>
			</trkpt>
			<trkpt lat="47.610664" lon="18.883567">
				<ele>230.000000</ele>
			</trkpt>
			<trkpt lat="47.610604" lon="18.883540">
				<ele>230.000000</ele>
			</trkpt>
			<trkpt lat="47.610398" lon="18.883450">
				<ele>230.000000</ele>
			</trkpt>
			<trkpt lat="47.610326" lon="18.883414">
				<ele>230.000000</ele>
			</trkpt>
			<trkpt lat="47.610253" lon="18.883378">
				<ele>230.000000</ele>
			</trkpt>
			<trkpt lat="47.610198" lon="18.883334">
				<ele>230.000000</ele>
			</trkpt>
			<trkpt lat="47.610162" lon="18.883315">
				<ele>230.000000</ele>
			</trkpt>
			<trkpt lat="47.610150" lon="18.883297">
				<ele>231.000000</ele>
			</trkpt>
			<trkpt lat="47.610132" lon="18.883279">
				<ele>231.000000</ele>
			</trkpt>
			<trkpt lat="47.610126" lon="18.883261">
				<ele>231.000000</ele>
			</trkpt>
			<trkpt lat="47.610035" lon="18.883108">
				<ele>231.000000</ele>
			</trkpt>
			<trkpt lat="47.609950" lon="18.882992">
				<ele>231.000000</ele>
			</trkpt>
			<trkpt lat="47.609841" lon="18.882839">
				<ele>232.000000</ele>
			</trkpt>
			<trkpt lat="47.609617" lon="18.882533">
				<ele>232.000000</ele>
			</trkpt>
			<trkpt lat="47.609575" lon="18.882462">
				<ele>232.000000</ele>
			</trkpt>
			<trkpt lat="47.609538" lon="18.882399">
				<ele>233.000000</ele>
			</trkpt>
			<trkpt lat="47.609514" lon="18.882345">
				<ele>233.000000</ele>
			</trkpt>
			<trkpt lat="47.609484" lon="18.882273">
				<ele>233.000000</ele>
			</trkpt>
			<trkpt lat="47.609417" lon="18.882076">
				<ele>233.000000</ele>
			</trkpt>
			<trkpt lat="47.609381" lon="18.881994">
				<ele>233.000000</ele>
			</trkpt>
			<trkpt lat="47.609320" lon="18.881877">
				<ele>234.000000</ele>
			</trkpt>
			<trkpt lat="47.609272" lon="18.881797">
				<ele>234.000000</ele>
			</trkpt>
			<trkpt lat="47.609223" lon="18.881734">
				<ele>234.000000</ele>
			</trkpt>
			<trkpt lat="47.609187" lon="18.881689">
				<ele>234.000000</ele>
			</trkpt>
			<trkpt lat="47.608975" lon="18.881447">
				<ele>235.000000</ele>
			</trkpt>
			<trkpt lat="47.608890" lon="18.881330">
				<ele>235.000000</ele>
			</trkpt>
			<trkpt lat="47.608848" lon="18.881276">
				<ele>235.000000</ele>
			</trkpt>
			<trkpt lat="47.608800" lon="18.881194">
				<ele>235.000000</ele>
			</trkpt>
			<trkpt lat="47.608757" lon="18.881131">
				<ele>235.000000</ele>
			</trkpt>
			<trkpt lat="47.608727" lon="18.881078">
				<ele>236.000000</ele>
			</trkpt>
			<trkpt lat="47.608702" lon="18.881034">
				<ele>236.000000</ele>
			</trkpt>
			<trkpt lat="47.608636" lon="18.880871">
				<ele>236.000000</ele>
			</trkpt>
			<trkpt lat="47.608545" lon="18.880665">
				<ele>236.000000</ele>
			</trkpt>
			<trkpt lat="47.608527" lon="18.880638">
				<ele>236.000000</ele>
			</trkpt>
			<trkpt lat="47.608509" lon="18.880602">
				<ele>236.000000</ele>
			</trkpt>
			<trkpt lat="47.608472" lon="18.880548">
				<ele>237.000000</ele>
			</trkpt>
			<trkpt lat="47.608381" lon="18.880441">
				<ele>237.000000</ele>
			</trkpt>
			<trkpt lat="47.608357" lon="18.880414">
				<ele>237.000000</ele>
			</trkpt>
			<trkpt lat="47.608345" lon="18.880386">
				<ele>237.000000</ele>
			</trkpt>
			<trkpt lat="47.608327" lon="18.880342">
				<ele>237.000000</ele>
			</trkpt>
			<trkpt lat="47.608327" lon="18.880324">
				<ele>237.000000</ele>
			</trkpt>
			<trkpt lat="47.608315" lon="18.880278">
				<ele>237.000000</ele>
			</trkpt>
			<trkpt lat="47.608309" lon="18.880261">
				<ele>237.000000</ele>
			</trkpt>
			<trkpt lat="47.608297" lon="18.880215">
				<ele>237.000000</ele>
			</trkpt>
			<trkpt lat="47.608279" lon="18.880162">
				<ele>237.000000</ele>
			</trkpt>
			<trkpt lat="47.608261" lon="18.880118">
				<ele>237.000000</ele>
			</trkpt>
			<trkpt lat="47.608248" lon="18.880099">
				<ele>238.000000</ele>
			</trkpt>
			<trkpt lat="47.608236" lon="18.880081">
				<ele>238.000000</ele>
			</trkpt>
			<trkpt lat="47.608175" lon="18.880000">
				<ele>238.000000</ele>
			</trkpt>
			<trkpt lat="47.608127" lon="18.879938">
				<ele>238.000000</ele>
			</trkpt>
			<trkpt lat="47.608079" lon="18.879875">
				<ele>238.000000</ele>
			</trkpt>
			<trkpt lat="47.608067" lon="18.879848">
				<ele>238.000000</ele>
			</trkpt>
			<trkpt lat="47.608055" lon="18.879829">
				<ele>238.000000</ele>
			</trkpt>
			<trkpt lat="47.607897" lon="18.879506">
				<ele>239.000000</ele>
			</trkpt>
			<trkpt lat="47.607891" lon="18.879497">
				<ele>239.000000</ele>
			</trkpt>
			<trkpt lat="47.607885" lon="18.879497">
				<ele>239.000000</ele>
			</trkpt>
			<trkpt lat="47.607879" lon="18.879497">
				<ele>239.000000</ele>
			</trkpt>
			<trkpt lat="47.607873" lon="18.879506">
				<ele>239.000000</ele>
			</trkpt>
			<trkpt lat="47.607867" lon="18.879506">
				<ele>239.000000</ele>
			</trkpt>
			<trkpt lat="47.607861" lon="18.879506">
				<ele>239.000000</ele>
			</trkpt>
			<trkpt lat="47.607849" lon="18.879515">
				<ele>239.000000</ele>
			</trkpt>
			<trkpt lat="47.607843" lon="18.879523">
				<ele>239.000000</ele>
			</trkpt>
			<trkpt lat="47.607788" lon="18.879596">
				<ele>239.000000</ele>
			</trkpt>
			<trkpt lat="47.607739" lon="18.879560">
				<ele>239.000000</ele>
			</trkpt>
			<trkpt lat="47.607715" lon="18.879542">
				<ele>239.000000</ele>
			</trkpt>
			<trkpt lat="47.607685" lon="18.879515">
				<ele>239.000000</ele>
			</trkpt>
			<trkpt lat="47.607667" lon="18.879497">
				<ele>239.000000</ele>
			</trkpt>
			<trkpt lat="47.607655" lon="18.879479">
				<ele>240.000000</ele>
			</trkpt>
			<trkpt lat="47.607618" lon="18.879426">
				<ele>240.000000</ele>
			</trkpt>
			<trkpt lat="47.607612" lon="18.879407">
				<ele>240.000000</ele>
			</trkpt>
			<trkpt lat="47.607600" lon="18.879389">
				<ele>240.000000</ele>
			</trkpt>
			<trkpt lat="47.607594" lon="18.879372">
				<ele>240.000000</ele>
			</trkpt>
			<trkpt lat="47.607594" lon="18.879362">
				<ele>240.000000</ele>
			</trkpt>
			<trkpt lat="47.607588" lon="18.879353">
				<ele>240.000000</ele>
			</trkpt>
			<trkpt lat="47.607582" lon="18.879353">
				<ele>240.000000</ele>
			</trkpt>
			<trkpt lat="47.607576" lon="18.879344">
				<ele>240.000000</ele>
			</trkpt>
			<trkpt lat="47.607570" lon="18.879344">
				<ele>240.000000</ele>
			</trkpt>
			<trkpt lat="47.607564" lon="18.879344">
				<ele>240.000000</ele>
			</trkpt>
			<trkpt lat="47.607558" lon="18.879344">
				<ele>240.000000</ele>
			</trkpt>
			<trkpt lat="47.607552" lon="18.879336">
				<ele>240.000000</ele>
			</trkpt>
			<trkpt lat="47.607546" lon="18.879336">
				<ele>240.000000</ele>
			</trkpt>
			<trkpt lat="47.607540" lon="18.879336">
				<ele>240.000000</ele>
			</trkpt>
			<trkpt lat="47.607534" lon="18.879336">
				<ele>240.000000</ele>
			</trkpt>
			<trkpt lat="47.607412" lon="18.879254">
				<ele>242.000000</ele>
			</trkpt>
			<trkpt lat="47.607400" lon="18.879246">
				<ele>242.000000</ele>
			</trkpt>
			<trkpt lat="47.607394" lon="18.879246">
				<ele>242.000000</ele>
			</trkpt>
			<trkpt lat="47.607394" lon="18.879236">
				<ele>242.000000</ele>
			</trkpt>
			<trkpt lat="47.607382" lon="18.879227">
				<ele>242.000000</ele>
			</trkpt>
			<trkpt lat="47.607376" lon="18.879219">
				<ele>242.000000</ele>
			</trkpt>
			<trkpt lat="47.607376" lon="18.879210">
				<ele>242.000000</ele>
			</trkpt>
			<trkpt lat="47.607370" lon="18.879210">
				<ele>243.000000</ele>
			</trkpt>
			<trkpt lat="47.607370" lon="18.879200">
				<ele>243.000000</ele>
			</trkpt>
			<trkpt lat="47.607364" lon="18.879147">
				<ele>243.000000</ele>
			</trkpt>
			<trkpt lat="47.607358" lon="18.879110">
				<ele>244.000000</ele>
			</trkpt>
			<trkpt lat="47.607352" lon="18.879084">
				<ele>244.000000</ele>
			</trkpt>
			<trkpt lat="47.607352" lon="18.879066">
				<ele>244.000000</ele>
			</trkpt>
			<trkpt lat="47.607346" lon="18.879047">
				<ele>245.000000</ele>
			</trkpt>
			<trkpt lat="47.607346" lon="18.879039">
				<ele>245.000000</ele>
			</trkpt>
			<trkpt lat="47.607334" lon="18.879021">
				<ele>245.000000</ele>
			</trkpt>
			<trkpt lat="47.607322" lon="18.878994">
				<ele>245.000000</ele>
			</trkpt>
			<trkpt lat="47.607316" lon="18.878986">
				<ele>245.000000</ele>
			</trkpt>
			<trkpt lat="47.607310" lon="18.878986">
				<ele>246.000000</ele>
			</trkpt>
			<trkpt lat="47.607310" lon="18.878976">
				<ele>246.000000</ele>
			</trkpt>
			<trkpt lat="47.607298" lon="18.878967">
				<ele>246.000000</ele>
			</trkpt>
			<trkpt lat="47.606964" lon="18.878833">
				<ele>251.000000</ele>
			</trkpt>
			<trkpt lat="47.606916" lon="18.878814">
				<ele>251.000000</ele>
			</trkpt>
			<trkpt lat="47.606898" lon="18.878814">
				<ele>251.000000</ele>
			</trkpt>
			<trkpt lat="47.606891" lon="18.878814">
				<ele>251.000000</ele>
			</trkpt>
			<trkpt lat="47.606879" lon="18.878814">
				<ele>251.000000</ele>
			</trkpt>
			<trkpt lat="47.606577" lon="18.878868">
				<ele>253.000000</ele>
			</trkpt>
			<trkpt lat="47.606528" lon="18.878877">
				<ele>253.000000</ele>
			</trkpt>
			<trkpt lat="47.606510" lon="18.878877">
				<ele>253.000000</ele>
			</trkpt>
			<trkpt lat="47.606492" lon="18.878877">
				<ele>254.000000</ele>
			</trkpt>
			<trkpt lat="47.606473" lon="18.878868">
				<ele>254.000000</ele>
			</trkpt>
			<trkpt lat="47.606461" lon="18.878860">
				<ele>254.000000</ele>
			</trkpt>
			<trkpt lat="47.606237" lon="18.878653">
				<ele>255.000000</ele>
			</trkpt>
			<trkpt lat="47.606219" lon="18.878644">
				<ele>255.000000</ele>
			</trkpt>
			<trkpt lat="47.606201" lon="18.878626">
				<ele>256.000000</ele>
			</trkpt>
			<trkpt lat="47.606195" lon="18.878626">
				<ele>256.000000</ele>
			</trkpt>
			<trkpt lat="47.606183" lon="18.878626">
				<ele>256.000000</ele>
			</trkpt>
			<trkpt lat="47.606146" lon="18.878617">
				<ele>256.000000</ele>
			</trkpt>
			<trkpt lat="47.606134" lon="18.878617">
				<ele>256.000000</ele>
			</trkpt>
			<trkpt lat="47.606128" lon="18.878617">
				<ele>256.000000</ele>
			</trkpt>
			<trkpt lat="47.606122" lon="18.878617">
				<ele>256.000000</ele>
			</trkpt>
			<trkpt lat="47.606116" lon="18.878626">
				<ele>256.000000</ele>
			</trkpt>
			<trkpt lat="47.605971" lon="18.878688">
				<ele>257.000000</ele>
			</trkpt>
			<trkpt lat="47.605952" lon="18.878697">
				<ele>257.000000</ele>
			</trkpt>
			<trkpt lat="47.605928" lon="18.878697">
				<ele>257.000000</ele>
			</trkpt>
			<trkpt lat="47.605910" lon="18.878707">
				<ele>257.000000</ele>
			</trkpt>
			<trkpt lat="47.605904" lon="18.878707">
				<ele>257.000000</ele>
			</trkpt>
			<trkpt lat="47.605874" lon="18.878697">
				<ele>258.000000</ele>
			</trkpt>
			<trkpt lat="47.605777" lon="18.878670">
				<ele>258.000000</ele>
			</trkpt>
			<trkpt lat="47.605565" lon="18.878590">
				<ele>260.000000</ele>
			</trkpt>
			<trkpt lat="47.605189" lon="18.878338">
				<ele>260.000000</ele>
			</trkpt>
			<trkpt lat="47.605214" lon="18.878204">
				<ele>260.000000</ele>
			</trkpt>
			<trkpt lat="47.605226" lon="18.878078">
				<ele>261.000000</ele>
			</trkpt>
			<trkpt lat="47.605232" lon="18.877835">
				<ele>262.000000</ele>
			</trkpt>
			<trkpt lat="47.605238" lon="18.877818">
				<ele>262.000000</ele>
			</trkpt>
			<trkpt lat="47.605226" lon="18.877772">
				<ele>262.000000</ele>
			</trkpt>
			<trkpt lat="47.605177" lon="18.877755">
				<ele>263.000000</ele>
			</trkpt>
			<trkpt lat="47.605153" lon="18.877701">
				<ele>263.000000</ele>
			</trkpt>
			<trkpt lat="47.605057" lon="18.877502">
				<ele>264.000000</ele>
			</trkpt>
			<trkpt lat="47.604923" lon="18.877179">
				<ele>266.000000</ele>
			</trkpt>
			<trkpt lat="47.604851" lon="18.876973">
				<ele>267.000000</ele>
			</trkpt>
			<trkpt lat="47.604784" lon="18.876596">
				<ele>269.000000</ele>
			</trkpt>
			<trkpt lat="47.604869" lon="18.875940">
				<ele>272.000000</ele>
			</trkpt>
			<trkpt lat="47.604820" lon="18.875464">
				<ele>275.000000</ele>
			</trkpt>
			<trkpt lat="47.604820" lon="18.874952">
				<ele>278.000000</ele>
			</trkpt>
			<trkpt lat="47.604808" lon="18.874386">
				<ele>280.000000</ele>
			</trkpt>
			<trkpt lat="47.604778" lon="18.874044">
				<ele>280.000000</ele>
			</trkpt>
			<trkpt lat="47.604681" lon="18.873640">
				<ele>280.000000</ele>
			</trkpt>
			<trkpt lat="47.604687" lon="18.873361">
				<ele>280.000000</ele>
			</trkpt>
			<trkpt lat="47.604669" lon="18.872814">
				<ele>280.000000</ele>
			</trkpt>
			<trkpt lat="47.604584" lon="18.872428">
				<ele>283.000000</ele>
			</trkpt>
			<trkpt lat="47.604511" lon="18.872355">
				<ele>285.000000</ele>
			</trkpt>
			<trkpt lat="47.604263" lon="18.872185">
				<ele>288.000000</ele>
			</trkpt>
			<trkpt lat="47.604021" lon="18.872131">
				<ele>292.000000</ele>
			</trkpt>
			<trkpt lat="47.603773" lon="18.871862">
				<ele>295.000000</ele>
			</trkpt>
			<trkpt lat="47.603627" lon="18.871655">
				<ele>297.000000</ele>
			</trkpt>
			<trkpt lat="47.603367" lon="18.871529">
				<ele>300.000000</ele>
			</trkpt>
			<trkpt lat="47.603160" lon="18.871556">
				<ele>302.000000</ele>
			</trkpt>
			<trkpt lat="47.602942" lon="18.871484">
				<ele>303.000000</ele>
			</trkpt>
			<trkpt lat="47.602755" lon="18.871573">
				<ele>304.000000</ele>
			</trkpt>
			<trkpt lat="47.602670" lon="18.871512">
				<ele>305.000000</ele>
			</trkpt>
			<trkpt lat="47.602573" lon="18.871403">
				<ele>306.000000</ele>
			</trkpt>
			<trkpt lat="47.602452" lon="18.871386">
				<ele>307.000000</ele>
			</trkpt>
			<trkpt lat="47.602246" lon="18.871466">
				<ele>308.000000</ele>
			</trkpt>
			<trkpt lat="47.602131" lon="18.871512">
				<ele>309.000000</ele>
			</trkpt>
			<trkpt lat="47.601998" lon="18.871529">
				<ele>310.000000</ele>
			</trkpt>
			<trkpt lat="47.601937" lon="18.871502">
				<ele>310.000000</ele>
			</trkpt>
			<trkpt lat="47.601798" lon="18.871412">
				<ele>313.000000</ele>
			</trkpt>
			<trkpt lat="47.601592" lon="18.871097">
				<ele>319.000000</ele>
			</trkpt>
			<trkpt lat="47.601562" lon="18.871053">
				<ele>320.000000</ele>
			</trkpt>
			<trkpt lat="47.601477" lon="18.870810">
				<ele>322.000000</ele>
			</trkpt>
			<trkpt lat="47.601458" lon="18.870613">
				<ele>323.000000</ele>
			</trkpt>
			<trkpt lat="47.601458" lon="18.870325">
				<ele>325.000000</ele>
			</trkpt>
			<trkpt lat="47.601398" lon="18.869975">
				<ele>328.000000</ele>
			</trkpt>
			<trkpt lat="47.601319" lon="18.869741">
				<ele>329.000000</ele>
			</trkpt>
			<trkpt lat="47.601186" lon="18.869391">
				<ele>332.000000</ele>
			</trkpt>
			<trkpt lat="47.600732" lon="18.868942">
				<ele>339.000000</ele>
			</trkpt>
			<trkpt lat="47.600532" lon="18.868780">
				<ele>342.000000</ele>
			</trkpt>
			<trkpt lat="47.600253" lon="18.868646">
				<ele>346.000000</ele>
			</trkpt>
			<trkpt lat="47.599751" lon="18.868636">
				<ele>354.000000</ele>
			</trkpt>
			<trkpt lat="47.599587" lon="18.868654">
				<ele>357.000000</ele>
			</trkpt>
			<trkpt lat="47.599217" lon="18.868833">
				<ele>363.000000</ele>
			</trkpt>
			<trkpt lat="47.599024" lon="18.868852">
				<ele>367.000000</ele>
			</trkpt>
			<trkpt lat="47.598800" lon="18.868843">
				<ele>371.000000</ele>
			</trkpt>
			<trkpt lat="47.598715" lon="18.868807">
				<ele>373.000000</ele>
			</trkpt>
			<trkpt lat="47.598624" lon="18.868726">
				<ele>375.000000</ele>
			</trkpt>
			<trkpt lat="47.598478" lon="18.868654">
				<ele>377.000000</ele>
			</trkpt>
			<trkpt lat="47.598303" lon="18.868663">
				<ele>381.000000</ele>
			</trkpt>
			<trkpt lat="47.598121" lon="18.868807">
				<ele>384.000000</ele>
			</trkpt>
			<trkpt lat="47.597776" lon="18.869292">
				<ele>392.000000</ele>
			</trkpt>
			<trkpt lat="47.597188" lon="18.870101">
				<ele>402.000000</ele>
			</trkpt>
			<trkpt lat="47.596903" lon="18.870415">
				<ele>407.000000</ele>
			</trkpt>
			<trkpt lat="47.596582" lon="18.870648">
				<ele>411.000000</ele>
			</trkpt>
			<trkpt lat="47.596406" lon="18.870711">
				<ele>413.000000</ele>
			</trkpt>
			<trkpt lat="47.596201" lon="18.870973">
				<ele>417.000000</ele>
			</trkpt>
			<trkpt lat="47.596195" lon="18.870973">
				<ele>417.000000</ele>
			</trkpt>
			<trkpt lat="47.596189" lon="18.870973">
				<ele>417.000000</ele>
			</trkpt>
			<trkpt lat="47.596183" lon="18.870973">
				<ele>417.000000</ele>
			</trkpt>
			<trkpt lat="47.596176" lon="18.870973">
				<ele>417.000000</ele>
			</trkpt>
			<trkpt lat="47.596158" lon="18.870981">
				<ele>417.000000</ele>
			</trkpt>
			<trkpt lat="47.596140" lon="18.870990">
				<ele>417.000000</ele>
			</trkpt>
			<trkpt lat="47.596134" lon="18.870990">
				<ele>417.000000</ele>
			</trkpt>
			<trkpt lat="47.596122" lon="18.870990">
				<ele>417.000000</ele>
			</trkpt>
			<trkpt lat="47.596097" lon="18.870999">
				<ele>418.000000</ele>
			</trkpt>
			<trkpt lat="47.596067" lon="18.871007">
				<ele>418.000000</ele>
			</trkpt>
			<trkpt lat="47.596019" lon="18.871007">
				<ele>418.000000</ele>
			</trkpt>
			<trkpt lat="47.595971" lon="18.871007">
				<ele>419.000000</ele>
			</trkpt>
			<trkpt lat="47.595953" lon="18.871017">
				<ele>419.000000</ele>
			</trkpt>
			<trkpt lat="47.595934" lon="18.871017">
				<ele>419.000000</ele>
			</trkpt>
			<trkpt lat="47.595910" lon="18.871026">
				<ele>419.000000</ele>
			</trkpt>
			<trkpt lat="47.595807" lon="18.871053">
				<ele>420.000000</ele>
			</trkpt>
			<trkpt lat="47.595789" lon="18.871062">
				<ele>421.000000</ele>
			</trkpt>
			<trkpt lat="47.595777" lon="18.871062">
				<ele>421.000000</ele>
			</trkpt>
			<trkpt lat="47.595771" lon="18.871070">
				<ele>421.000000</ele>
			</trkpt>
			<trkpt lat="47.595746" lon="18.871097">
				<ele>422.000000</ele>
			</trkpt>
			<trkpt lat="47.595716" lon="18.871152">
				<ele>422.000000</ele>
			</trkpt>
			<trkpt lat="47.595698" lon="18.871170">
				<ele>423.000000</ele>
			</trkpt>
			<trkpt lat="47.595692" lon="18.871179">
				<ele>423.000000</ele>
			</trkpt>
			<trkpt lat="47.595680" lon="18.871187">
				<ele>423.000000</ele>
			</trkpt>
			<trkpt lat="47.595674" lon="18.871197">
				<ele>423.000000</ele>
			</trkpt>
			<trkpt lat="47.595668" lon="18.871197">
				<ele>423.000000</ele>
			</trkpt>
			<trkpt lat="47.595662" lon="18.871197">
				<ele>423.000000</ele>
			</trkpt>
			<trkpt lat="47.595649" lon="18.871187">
				<ele>423.000000</ele>
			</trkpt>
			<trkpt lat="47.595643" lon="18.871187">
				<ele>424.000000</ele>
			</trkpt>
			<trkpt lat="47.595637" lon="18.871187">
				<ele>424.000000</ele>
			</trkpt>
			<trkpt lat="47.595631" lon="18.871197">
				<ele>424.000000</ele>
			</trkpt>
			<trkpt lat="47.595619" lon="18.871197">
				<ele>424.000000</ele>
			</trkpt>
			<trkpt lat="47.595613" lon="18.871197">
				<ele>424.000000</ele>
			</trkpt>
			<trkpt lat="47.595613" lon="18.871206">
				<ele>424.000000</ele>
			</trkpt>
			<trkpt lat="47.595601" lon="18.871214">
				<ele>424.000000</ele>
			</trkpt>
			<trkpt lat="47.595595" lon="18.871223">
				<ele>424.000000</ele>
			</trkpt>
			<trkpt lat="47.595589" lon="18.871233">
				<ele>425.000000</ele>
			</trkpt>
			<trkpt lat="47.595583" lon="18.871242">
				<ele>425.000000</ele>
			</trkpt>
			<trkpt lat="47.595576" lon="18.871269">
				<ele>425.000000</ele>
			</trkpt>
			<trkpt lat="47.595570" lon="18.871286">
				<ele>425.000000</ele>
			</trkpt>
			<trkpt lat="47.595564" lon="18.871296">
				<ele>425.000000</ele>
			</trkpt>
			<trkpt lat="47.595516" lon="18.871449">
				<ele>427.000000</ele>
			</trkpt>
			<trkpt lat="47.595510" lon="18.871457">
				<ele>427.000000</ele>
			</trkpt>
			<trkpt lat="47.595510" lon="18.871466">
				<ele>427.000000</ele>
			</trkpt>
			<trkpt lat="47.595504" lon="18.871475">
				<ele>428.000000</ele>
			</trkpt>
			<trkpt lat="47.595498" lon="18.871493">
				<ele>428.000000</ele>
			</trkpt>
			<trkpt lat="47.595486" lon="18.871502">
				<ele>428.000000</ele>
			</trkpt>
			<trkpt lat="47.595480" lon="18.871520">
				<ele>428.000000</ele>
			</trkpt>
			<trkpt lat="47.595468" lon="18.871529">
				<ele>428.000000</ele>
			</trkpt>
			<trkpt lat="47.595456" lon="18.871538">
				<ele>429.000000</ele>
			</trkpt>
			<trkpt lat="47.595450" lon="18.871547">
				<ele>429.000000</ele>
			</trkpt>
			<trkpt lat="47.595438" lon="18.871547">
				<ele>429.000000</ele>
			</trkpt>
			<trkpt lat="47.595419" lon="18.871556">
				<ele>429.000000</ele>
			</trkpt>
			<trkpt lat="47.595401" lon="18.871565">
				<ele>429.000000</ele>
			</trkpt>
			<trkpt lat="47.595358" lon="18.871565">
				<ele>430.000000</ele>
			</trkpt>
			<trkpt lat="47.595292" lon="18.871573">
				<ele>432.000000</ele>
			</trkpt>
			<trkpt lat="47.595280" lon="18.871573">
				<ele>432.000000</ele>
			</trkpt>
			<trkpt lat="47.595268" lon="18.871565">
				<ele>432.000000</ele>
			</trkpt>
			<trkpt lat="47.595232" lon="18.871556">
				<ele>433.000000</ele>
			</trkpt>
			<trkpt lat="47.595213" lon="18.871547">
				<ele>434.000000</ele>
			</trkpt>
			<trkpt lat="47.595195" lon="18.871538">
				<ele>434.000000</ele>
			</trkpt>
			<trkpt lat="47.595159" lon="18.871512">
				<ele>435.000000</ele>
			</trkpt>
			<trkpt lat="47.594831" lon="18.871242">
				<ele>444.000000</ele>
			</trkpt>
			<trkpt lat="47.594819" lon="18.871233">
				<ele>444.000000</ele>
			</trkpt>
			<trkpt lat="47.594807" lon="18.871233">
				<ele>445.000000</ele>
			</trkpt>
			<trkpt lat="47.594783" lon="18.871223">
				<ele>445.000000</ele>
			</trkpt>
			<trkpt lat="47.594771" lon="18.871214">
				<ele>446.000000</ele>
			</trkpt>
			<trkpt lat="47.594753" lon="18.871214">
				<ele>446.000000</ele>
			</trkpt>
			<trkpt lat="47.594717" lon="18.871214">
				<ele>447.000000</ele>
			</trkpt>
			<trkpt lat="47.594650" lon="18.871233">
				<ele>449.000000</ele>
			</trkpt>
			<trkpt lat="47.594607" lon="18.871242">
				<ele>450.000000</ele>
			</trkpt>
			<trkpt lat="47.594292" lon="18.871367">
				<ele>457.000000</ele>
			</trkpt>
			<trkpt lat="47.594250" lon="18.871376">
				<ele>458.000000</ele>
			</trkpt>
			<trkpt lat="47.594244" lon="18.871386">
				<ele>458.000000</ele>
			</trkpt>
			<trkpt lat="47.594238" lon="18.871386">
				<ele>458.000000</ele>
			</trkpt>
			<trkpt lat="47.594226" lon="18.871386">
				<ele>458.000000</ele>
			</trkpt>
			<trkpt lat="47.594147" lon="18.871367">
				<ele>460.000000</ele>
			</trkpt>
			<trkpt lat="47.594123" lon="18.871367">
				<ele>460.000000</ele>
			</trkpt>
			<trkpt lat="47.594117" lon="18.871367">
				<ele>460.000000</ele>
			</trkpt>
			<trkpt lat="47.594111" lon="18.871367">
				<ele>461.000000</ele>
			</trkpt>
			<trkpt lat="47.594092" lon="18.871367">
				<ele>461.000000</ele>
			</trkpt>
			<trkpt lat="47.594080" lon="18.871367">
				<ele>461.000000</ele>
			</trkpt>
			<trkpt lat="47.594068" lon="18.871376">
				<ele>461.000000</ele>
			</trkpt>
			<trkpt lat="47.594050" lon="18.871386">
				<ele>462.000000</ele>
			</trkpt>
			<trkpt lat="47.593996" lon="18.871412">
				<ele>463.000000</ele>
			</trkpt>
			<trkpt lat="47.593977" lon="18.871422">
				<ele>463.000000</ele>
			</trkpt>
			<trkpt lat="47.593959" lon="18.871439">
				<ele>463.000000</ele>
			</trkpt>
			<trkpt lat="47.593947" lon="18.871457">
				<ele>464.000000</ele>
			</trkpt>
			<trkpt lat="47.593881" lon="18.871520">
				<ele>465.000000</ele>
			</trkpt>
			<trkpt lat="47.593868" lon="18.871538">
				<ele>465.000000</ele>
			</trkpt>
			<trkpt lat="47.593765" lon="18.871619">
				<ele>467.000000</ele>
			</trkpt>
			<trkpt lat="47.593735" lon="18.871646">
				<ele>468.000000</ele>
			</trkpt>
			<trkpt lat="47.593723" lon="18.871655">
				<ele>468.000000</ele>
			</trkpt>
			<trkpt lat="47.593699" lon="18.871663">
				<ele>468.000000</ele>
			</trkpt>
			<trkpt lat="47.593632" lon="18.871682">
				<ele>469.000000</ele>
			</trkpt>
			<trkpt lat="47.593523" lon="18.871718">
				<ele>472.000000</ele>
			</trkpt>
			<trkpt lat="47.593505" lon="18.871718">
				<ele>472.000000</ele>
			</trkpt>
			<trkpt lat="47.593481" lon="18.871718">
				<ele>472.000000</ele>
			</trkpt>
			<trkpt lat="47.593456" lon="18.871726">
				<ele>473.000000</ele>
			</trkpt>
			<trkpt lat="47.593438" lon="18.871736">
				<ele>473.000000</ele>
			</trkpt>
			<trkpt lat="47.593396" lon="18.871753">
				<ele>474.000000</ele>
			</trkpt>
			<trkpt lat="47.593384" lon="18.871753">
				<ele>474.000000</ele>
			</trkpt>
			<trkpt lat="47.593378" lon="18.871753">
				<ele>475.000000</ele>
			</trkpt>
			<trkpt lat="47.593372" lon="18.871753">
				<ele>475.000000</ele>
			</trkpt>
			<trkpt lat="47.593178" lon="18.871762">
				<ele>479.000000</ele>
			</trkpt>
			<trkpt lat="47.593172" lon="18.871762">
				<ele>479.000000</ele>
			</trkpt>
			<trkpt lat="47.593160" lon="18.871762">
				<ele>479.000000</ele>
			</trkpt>
			<trkpt lat="47.593154" lon="18.871762">
				<ele>479.000000</ele>
			</trkpt>
			<trkpt lat="47.593020" lon="18.871835">
				<ele>481.000000</ele>
			</trkpt>
			<trkpt lat="47.592990" lon="18.871852">
				<ele>482.000000</ele>
			</trkpt>
			<trkpt lat="47.592972" lon="18.871852">
				<ele>482.000000</ele>
			</trkpt>
			<trkpt lat="47.592911" lon="18.871870">
				<ele>483.000000</ele>
			</trkpt>
			<trkpt lat="47.592893" lon="18.871879">
				<ele>483.000000</ele>
			</trkpt>
			<trkpt lat="47.592875" lon="18.871889">
				<ele>483.000000</ele>
			</trkpt>
			<trkpt lat="47.592851" lon="18.871906">
				<ele>483.000000</ele>
			</trkpt>
			<trkpt lat="47.592711" lon="18.872015">
				<ele>485.000000</ele>
			</trkpt>
			<trkpt lat="47.592669" lon="18.872041">
				<ele>486.000000</ele>
			</trkpt>
			<trkpt lat="47.592651" lon="18.872041">
				<ele>486.000000</ele>
			</trkpt>
			<trkpt lat="47.592633" lon="18.872049">
				<ele>486.000000</ele>
			</trkpt>
			<trkpt lat="47.592621" lon="18.872049">
				<ele>487.000000</ele>
			</trkpt>
			<trkpt lat="47.592608" lon="18.872059">
				<ele>487.000000</ele>
			</trkpt>
			<trkpt lat="47.592602" lon="18.872059">
				<ele>487.000000</ele>
			</trkpt>
			<trkpt lat="47.592590" lon="18.872078">
				<ele>487.000000</ele>
			</trkpt>
			<trkpt lat="47.592572" lon="18.872095">
				<ele>487.000000</ele>
			</trkpt>
			<trkpt lat="47.592566" lon="18.872104">
				<ele>487.000000</ele>
			</trkpt>
			<trkpt lat="47.592560" lon="18.872104">
				<ele>488.000000</ele>
			</trkpt>
			<trkpt lat="47.592547" lon="18.872112">
				<ele>488.000000</ele>
			</trkpt>
			<trkpt lat="47.592384" lon="18.872221">
				<ele>490.000000</ele>
			</trkpt>
			<trkpt lat="47.592336" lon="18.872248">
				<ele>491.000000</ele>
			</trkpt>
			<trkpt lat="47.592311" lon="18.872256">
				<ele>491.000000</ele>
			</trkpt>
			<trkpt lat="47.592299" lon="18.872256">
				<ele>492.000000</ele>
			</trkpt>
			<trkpt lat="47.592287" lon="18.872265">
				<ele>492.000000</ele>
			</trkpt>
			<trkpt lat="47.592232" lon="18.872275">
				<ele>493.000000</ele>
			</trkpt>
			<trkpt lat="47.592208" lon="18.872275">
				<ele>493.000000</ele>
			</trkpt>
			<trkpt lat="47.592196" lon="18.872284">
				<ele>494.000000</ele>
			</trkpt>
			<trkpt lat="47.592184" lon="18.872284">
				<ele>494.000000</ele>
			</trkpt>
			<trkpt lat="47.592154" lon="18.872302">
				<ele>495.000000</ele>
			</trkpt>
			<trkpt lat="47.591972" lon="18.872409">
				<ele>498.000000</ele>
			</trkpt>
			<trkpt lat="47.591960" lon="18.872418">
				<ele>499.000000</ele>
			</trkpt>
			<trkpt lat="47.591912" lon="18.872472">
				<ele>500.000000</ele>
			</trkpt>
			<trkpt lat="47.591894" lon="18.872481">
				<ele>500.000000</ele>
			</trkpt>
			<trkpt lat="47.591875" lon="18.872491">
				<ele>501.000000</ele>
			</trkpt>
			<trkpt lat="47.591833" lon="18.872517">
				<ele>502.000000</ele>
			</trkpt>
			<trkpt lat="47.591699" lon="18.872562">
				<ele>505.000000</ele>
			</trkpt>
			<trkpt lat="47.591687" lon="18.872562">
				<ele>505.000000</ele>
			</trkpt>
			<trkpt lat="47.591675" lon="18.872571">
				<ele>506.000000</ele>
			</trkpt>
			<trkpt lat="47.591663" lon="18.872589">
				<ele>506.000000</ele>
			</trkpt>
			<trkpt lat="47.591657" lon="18.872589">
				<ele>506.000000</ele>
			</trkpt>
			<trkpt lat="47.591645" lon="18.872598">
				<ele>506.000000</ele>
			</trkpt>
			<trkpt lat="47.591554" lon="18.872625">
				<ele>509.000000</ele>
			</trkpt>
			<trkpt lat="47.591511" lon="18.872644">
				<ele>510.000000</ele>
			</trkpt>
			<trkpt lat="47.591397" lon="18.872715">
				<ele>510.000000</ele>
			</trkpt>
			<trkpt lat="47.591385" lon="18.872724">
				<ele>510.000000</ele>
			</trkpt>
			<trkpt lat="47.591379" lon="18.872733">
				<ele>510.000000</ele>
			</trkpt>
			<trkpt lat="47.591373" lon="18.872741">
				<ele>510.000000</ele>
			</trkpt>
			<trkpt lat="47.591373" lon="18.872751">
				<ele>510.000000</ele>
			</trkpt>
			<trkpt lat="47.591366" lon="18.872760">
				<ele>510.000000</ele>
			</trkpt>
			<trkpt lat="47.591366" lon="18.872768">
				<ele>510.000000</ele>
			</trkpt>
			<trkpt lat="47.591366" lon="18.872787">
				<ele>510.000000</ele>
			</trkpt>
			<trkpt lat="47.591373" lon="18.872795">
				<ele>510.000000</ele>
			</trkpt>
			<trkpt lat="47.591379" lon="18.872795">
				<ele>510.000000</ele>
			</trkpt>
			<trkpt lat="47.591379" lon="18.872795">
				<ele>510.000000</ele>
			</trkpt>
			<trkpt lat="47.591379" lon="18.872795">
				<ele>510.000000</ele>
			</trkpt>
			<trkpt lat="47.591379" lon="18.872804">
				<ele>510.000000</ele>
			</trkpt>
			<trkpt lat="47.591397" lon="18.872822">
				<ele>510.000000</ele>
			</trkpt>
			<trkpt lat="47.591403" lon="18.872831">
				<ele>510.000000</ele>
			</trkpt>
			<trkpt lat="47.591415" lon="18.872831">
				<ele>510.000000</ele>
			</trkpt>
			<trkpt lat="47.591463" lon="18.872850">
				<ele>510.000000</ele>
			</trkpt>
			<trkpt lat="47.591621" lon="18.872904">
				<ele>511.000000</ele>
			</trkpt>
			<trkpt lat="47.591657" lon="18.872921">
				<ele>511.000000</ele>
			</trkpt>
			<trkpt lat="47.591718" lon="18.872948">
				<ele>512.000000</ele>
			</trkpt>
			<trkpt lat="47.591736" lon="18.872967">
				<ele>512.000000</ele>
			</trkpt>
			<trkpt lat="47.591742" lon="18.872975">
				<ele>512.000000</ele>
			</trkpt>
			<trkpt lat="47.591748" lon="18.872984">
				<ele>512.000000</ele>
			</trkpt>
			<trkpt lat="47.591754" lon="18.872994">
				<ele>512.000000</ele>
			</trkpt>
			<trkpt lat="47.591754" lon="18.873011">
				<ele>512.000000</ele>
			</trkpt>
			<trkpt lat="47.591760" lon="18.873020">
				<ele>513.000000</ele>
			</trkpt>
			<trkpt lat="47.591760" lon="18.873038">
				<ele>513.000000</ele>
			</trkpt>
			<trkpt lat="47.591760" lon="18.873047">
				<ele>513.000000</ele>
			</trkpt>
			<trkpt lat="47.591760" lon="18.873057">
				<ele>513.000000</ele>
			</trkpt>
			<trkpt lat="47.591754" lon="18.873074">
				<ele>513.000000</ele>
			</trkpt>
			<trkpt lat="47.591748" lon="18.873091">
				<ele>513.000000</ele>
			</trkpt>
			<trkpt lat="47.591742" lon="18.873120">
				<ele>513.000000</ele>
			</trkpt>
			<trkpt lat="47.591736" lon="18.873137">
				<ele>513.000000</ele>
			</trkpt>
			<trkpt lat="47.591736" lon="18.873164">
				<ele>513.000000</ele>
			</trkpt>
			<trkpt lat="47.591730" lon="18.873210">
				<ele>514.000000</ele>
			</trkpt>
			<trkpt lat="47.591730" lon="18.873244">
				<ele>514.000000</ele>
			</trkpt>
			<trkpt lat="47.591724" lon="18.873271">
				<ele>514.000000</ele>
			</trkpt>
			<trkpt lat="47.591718" lon="18.873334">
				<ele>514.000000</ele>
			</trkpt>
			<trkpt lat="47.591705" lon="18.873380">
				<ele>515.000000</ele>
			</trkpt>
			<trkpt lat="47.591699" lon="18.873416">
				<ele>515.000000</ele>
			</trkpt>
			<trkpt lat="47.591699" lon="18.873433">
				<ele>515.000000</ele>
			</trkpt>
			<trkpt lat="47.591699" lon="18.873443">
				<ele>515.000000</ele>
			</trkpt>
			<trkpt lat="47.591711" lon="18.873478">
				<ele>515.000000</ele>
			</trkpt>
			<trkpt lat="47.591730" lon="18.873533">
				<ele>516.000000</ele>
			</trkpt>
			<trkpt lat="47.591748" lon="18.873577">
				<ele>516.000000</ele>
			</trkpt>
			<trkpt lat="47.591766" lon="18.873613">
				<ele>516.000000</ele>
			</trkpt>
			<trkpt lat="47.591754" lon="18.873640">
				<ele>517.000000</ele>
			</trkpt>
			<trkpt lat="47.591742" lon="18.873657">
				<ele>517.000000</ele>
			</trkpt>
			<trkpt lat="47.591736" lon="18.873676">
				<ele>517.000000</ele>
			</trkpt>
			<trkpt lat="47.591724" lon="18.873686">
				<ele>517.000000</ele>
			</trkpt>
			<trkpt lat="47.591705" lon="18.873694">
				<ele>517.000000</ele>
			</trkpt>
			<trkpt lat="47.591669" lon="18.873712">
				<ele>518.000000</ele>
			</trkpt>
			<trkpt lat="47.591645" lon="18.873730">
				<ele>518.000000</ele>
			</trkpt>
			<trkpt lat="47.591609" lon="18.873747">
				<ele>519.000000</ele>
			</trkpt>
			<trkpt lat="47.591585" lon="18.873757">
				<ele>519.000000</ele>
			</trkpt>
			<trkpt lat="47.591560" lon="18.873766">
				<ele>519.000000</ele>
			</trkpt>
			<trkpt lat="47.591542" lon="18.873766">
				<ele>519.000000</ele>
			</trkpt>
			<trkpt lat="47.591397" lon="18.873757">
				<ele>521.000000</ele>
			</trkpt>
			<trkpt lat="47.591354" lon="18.873757">
				<ele>522.000000</ele>
			</trkpt>
			<trkpt lat="47.591251" lon="18.873766">
				<ele>524.000000</ele>
			</trkpt>
			<trkpt lat="47.591184" lon="18.873766">
				<ele>525.000000</ele>
			</trkpt>
			<trkpt lat="47.591160" lon="18.873766">
				<ele>526.000000</ele>
			</trkpt>
			<trkpt lat="47.591136" lon="18.873757">
				<ele>526.000000</ele>
			</trkpt>
			<trkpt lat="47.591100" lon="18.873766">
				<ele>527.000000</ele>
			</trkpt>
			<trkpt lat="47.591039" lon="18.873783">
				<ele>528.000000</ele>
			</trkpt>
			<trkpt lat="47.590990" lon="18.873802">
				<ele>529.000000</ele>
			</trkpt>
			<trkpt lat="47.590924" lon="18.873747">
				<ele>530.000000</ele>
			</trkpt>
			<trkpt lat="47.590876" lon="18.873712">
				<ele>530.000000</ele>
			</trkpt>
			<trkpt lat="47.590852" lon="18.873703">
				<ele>531.000000</ele>
			</trkpt>
			<trkpt lat="47.590809" lon="18.873686">
				<ele>531.000000</ele>
			</trkpt>
			<trkpt lat="47.590766" lon="18.873667">
				<ele>531.000000</ele>
			</trkpt>
			<trkpt lat="47.590742" lon="18.873657">
				<ele>531.000000</ele>
			</trkpt>
			<trkpt lat="47.590706" lon="18.873631">
				<ele>532.000000</ele>
			</trkpt>
			<trkpt lat="47.590682" lon="18.873613">
				<ele>532.000000</ele>
			</trkpt>
			<trkpt lat="47.590657" lon="18.873586">
				<ele>532.000000</ele>
			</trkpt>
			<trkpt lat="47.590633" lon="18.873560">
				<ele>532.000000</ele>
			</trkpt>
			<trkpt lat="47.590585" lon="18.873497">
				<ele>533.000000</ele>
			</trkpt>
			<trkpt lat="47.590555" lon="18.873443">
				<ele>533.000000</ele>
			</trkpt>
			<trkpt lat="47.590518" lon="18.873353">
				<ele>534.000000</ele>
			</trkpt>
			<trkpt lat="47.590500" lon="18.873307">
				<ele>534.000000</ele>
			</trkpt>
			<trkpt lat="47.590488" lon="18.873254">
				<ele>534.000000</ele>
			</trkpt>
			<trkpt lat="47.590475" lon="18.873200">
				<ele>535.000000</ele>
			</trkpt>
			<trkpt lat="47.590469" lon="18.873110">
				<ele>535.000000</ele>
			</trkpt>
			<trkpt lat="47.590469" lon="18.873065">
				<ele>535.000000</ele>
			</trkpt>
			<trkpt lat="47.590469" lon="18.873011">
				<ele>535.000000</ele>
			</trkpt>
			<trkpt lat="47.590469" lon="18.872957">
				<ele>536.000000</ele>
			</trkpt>
			<trkpt lat="47.590488" lon="18.872868">
				<ele>536.000000</ele>
			</trkpt>
			<trkpt lat="47.590488" lon="18.872822">
				<ele>536.000000</ele>
			</trkpt>
			<trkpt lat="47.590488" lon="18.872787">
				<ele>537.000000</ele>
			</trkpt>
			<trkpt lat="47.590488" lon="18.872724">
				<ele>537.000000</ele>
			</trkpt>
			<trkpt lat="47.590481" lon="18.872670">
				<ele>537.000000</ele>
			</trkpt>
			<trkpt lat="47.590469" lon="18.872615">
				<ele>537.000000</ele>
			</trkpt>
			<trkpt lat="47.590457" lon="18.872554">
				<ele>538.000000</ele>
			</trkpt>
			<trkpt lat="47.590439" lon="18.872445">
				<ele>538.000000</ele>
			</trkpt>
			<trkpt lat="47.590445" lon="18.872418">
				<ele>539.000000</ele>
			</trkpt>
			<trkpt lat="47.590451" lon="18.872365">
				<ele>539.000000</ele>
			</trkpt>
			<trkpt lat="47.590475" lon="18.872239">
				<ele>539.000000</ele>
			</trkpt>
			<trkpt lat="47.590524" lon="18.872068">
				<ele>540.000000</ele>
			</trkpt>
			<trkpt lat="47.590621" lon="18.871673">
				<ele>540.000000</ele>
			</trkpt>
			<trkpt lat="47.590657" lon="18.871663">
				<ele>540.000000</ele>
			</trkpt>
			<trkpt lat="47.590657" lon="18.871663">
				<ele>540.000000</ele>
			</trkpt>
			<trkpt lat="47.590621" lon="18.871673">
				<ele>540.000000</ele>
			</trkpt>
			<trkpt lat="47.590524" lon="18.872068">
				<ele>540.000000</ele>
			</trkpt>
			<trkpt lat="47.590475" lon="18.872239">
				<ele>539.000000</ele>
			</trkpt>
			<trkpt lat="47.590451" lon="18.872365">
				<ele>539.000000</ele>
			</trkpt>
			<trkpt lat="47.590445" lon="18.872418">
				<ele>539.000000</ele>
			</trkpt>
			<trkpt lat="47.590439" lon="18.872445">
				<ele>538.000000</ele>
			</trkpt>
			<trkpt lat="47.590457" lon="18.872554">
				<ele>538.000000</ele>
			</trkpt>
			<trkpt lat="47.590469" lon="18.872615">
				<ele>537.000000</ele>
			</trkpt>
			<trkpt lat="47.590481" lon="18.872670">
				<ele>537.000000</ele>
			</trkpt>
			<trkpt lat="47.590488" lon="18.872724">
				<ele>537.000000</ele>
			</trkpt>
			<trkpt lat="47.590488" lon="18.872787">
				<ele>537.000000</ele>
			</trkpt>
			<trkpt lat="47.590488" lon="18.872822">
				<ele>536.000000</ele>
			</trkpt>
			<trkpt lat="47.590488" lon="18.872868">
				<ele>536.000000</ele>
			</trkpt>
			<trkpt lat="47.590469" lon="18.872957">
				<ele>536.000000</ele>
			</trkpt>
			<trkpt lat="47.590469" lon="18.873011">
				<ele>535.000000</ele>
			</trkpt>
			<trkpt lat="47.590469" lon="18.873065">
				<ele>535.000000</ele>
			</trkpt>
			<trkpt lat="47.590469" lon="18.873110">
				<ele>535.000000</ele>
			</trkpt>
			<trkpt lat="47.590475" lon="18.873200">
				<ele>535.000000</ele>
			</trkpt>
			<trkpt lat="47.590488" lon="18.873254">
				<ele>534.000000</ele>
			</trkpt>
			<trkpt lat="47.590500" lon="18.873307">
				<ele>534.000000</ele>
			</trkpt>
			<trkpt lat="47.590518" lon="18.873353">
				<ele>534.000000</ele>
			</trkpt>
			<trkpt lat="47.590555" lon="18.873443">
				<ele>533.000000</ele>
			</trkpt>
			<trkpt lat="47.590585" lon="18.873497">
				<ele>533.000000</ele>
			</trkpt>
			<trkpt lat="47.590633" lon="18.873560">
				<ele>532.000000</ele>
			</trkpt>
			<trkpt lat="47.590657" lon="18.873586">
				<ele>532.000000</ele>
			</trkpt>
			<trkpt lat="47.590682" lon="18.873613">
				<ele>532.000000</ele>
			</trkpt>
			<trkpt lat="47.590706" lon="18.873631">
				<ele>532.000000</ele>
			</trkpt>
			<trkpt lat="47.590742" lon="18.873657">
				<ele>531.000000</ele>
			</trkpt>
			<trkpt lat="47.590766" lon="18.873667">
				<ele>531.000000</ele>
			</trkpt>
			<trkpt lat="47.590809" lon="18.873686">
				<ele>531.000000</ele>
			</trkpt>
			<trkpt lat="47.590852" lon="18.873703">
				<ele>531.000000</ele>
			</trkpt>
			<trkpt lat="47.590876" lon="18.873712">
				<ele>530.000000</ele>
			</trkpt>
			<trkpt lat="47.590924" lon="18.873747">
				<ele>530.000000</ele>
			</trkpt>
			<trkpt lat="47.590990" lon="18.873802">
				<ele>529.000000</ele>
			</trkpt>
			<trkpt lat="47.591039" lon="18.873783">
				<ele>528.000000</ele>
			</trkpt>
			<trkpt lat="47.591100" lon="18.873766">
				<ele>527.000000</ele>
			</trkpt>
			<trkpt lat="47.591136" lon="18.873757">
				<ele>526.000000</ele>
			</trkpt>
			<trkpt lat="47.591160" lon="18.873766">
				<ele>526.000000</ele>
			</trkpt>
			<trkpt lat="47.591184" lon="18.873766">
				<ele>525.000000</ele>
			</trkpt>
			<trkpt lat="47.591251" lon="18.873766">
				<ele>524.000000</ele>
			</trkpt>
			<trkpt lat="47.591354" lon="18.873757">
				<ele>522.000000</ele>
			</trkpt>
			<trkpt lat="47.591397" lon="18.873757">
				<ele>521.000000</ele>
			</trkpt>
			<trkpt lat="47.591542" lon="18.873766">
				<ele>519.000000</ele>
			</trkpt>
			<trkpt lat="47.591560" lon="18.873766">
				<ele>519.000000</ele>
			</trkpt>
			<trkpt lat="47.591585" lon="18.873757">
				<ele>519.000000</ele>
			</trkpt>
			<trkpt lat="47.591609" lon="18.873747">
				<ele>519.000000</ele>
			</trkpt>
			<trkpt lat="47.591645" lon="18.873730">
				<ele>518.000000</ele>
			</trkpt>
			<trkpt lat="47.591669" lon="18.873712">
				<ele>518.000000</ele>
			</trkpt>
			<trkpt lat="47.591705" lon="18.873694">
				<ele>517.000000</ele>
			</trkpt>
			<trkpt lat="47.591724" lon="18.873686">
				<ele>517.000000</ele>
			</trkpt>
			<trkpt lat="47.591736" lon="18.873676">
				<ele>517.000000</ele>
			</trkpt>
			<trkpt lat="47.591742" lon="18.873657">
				<ele>517.000000</ele>
			</trkpt>
			<trkpt lat="47.591754" lon="18.873640">
				<ele>517.000000</ele>
			</trkpt>
			<trkpt lat="47.591766" lon="18.873613">
				<ele>516.000000</ele>
			</trkpt>
			<trkpt lat="47.591790" lon="18.873640">
				<ele>516.000000</ele>
			</trkpt>
			<trkpt lat="47.591796" lon="18.873649">
				<ele>516.000000</ele>
			</trkpt>
			<trkpt lat="47.591802" lon="18.873657">
				<ele>516.000000</ele>
			</trkpt>
			<trkpt lat="47.591827" lon="18.873676">
				<ele>515.000000</ele>
			</trkpt>
			<trkpt lat="47.591839" lon="18.873686">
				<ele>515.000000</ele>
			</trkpt>
			<trkpt lat="47.591851" lon="18.873694">
				<ele>515.000000</ele>
			</trkpt>
			<trkpt lat="47.591857" lon="18.873703">
				<ele>515.000000</ele>
			</trkpt>
			<trkpt lat="47.591869" lon="18.873703">
				<ele>515.000000</ele>
			</trkpt>
			<trkpt lat="47.591918" lon="18.873712">
				<ele>514.000000</ele>
			</trkpt>
			<trkpt lat="47.591948" lon="18.873720">
				<ele>514.000000</ele>
			</trkpt>
			<trkpt lat="47.591960" lon="18.873720">
				<ele>514.000000</ele>
			</trkpt>
			<trkpt lat="47.591978" lon="18.873720">
				<ele>514.000000</ele>
			</trkpt>
			<trkpt lat="47.591996" lon="18.873720">
				<ele>513.000000</ele>
			</trkpt>
			<trkpt lat="47.592008" lon="18.873720">
				<ele>513.000000</ele>
			</trkpt>
			<trkpt lat="47.592020" lon="18.873712">
				<ele>513.000000</ele>
			</trkpt>
			<trkpt lat="47.592039" lon="18.873694">
				<ele>513.000000</ele>
			</trkpt>
			<trkpt lat="47.592112" lon="18.873613">
				<ele>512.000000</ele>
			</trkpt>
			<trkpt lat="47.592178" lon="18.873523">
				<ele>511.000000</ele>
			</trkpt>
			<trkpt lat="47.592323" lon="18.873326">
				<ele>510.000000</ele>
			</trkpt>
			<trkpt lat="47.592342" lon="18.873299">
				<ele>510.000000</ele>
			</trkpt>
			<trkpt lat="47.592354" lon="18.873290">
				<ele>510.000000</ele>
			</trkpt>
			<trkpt lat="47.592366" lon="18.873281">
				<ele>510.000000</ele>
			</trkpt>
			<trkpt lat="47.592384" lon="18.873263">
				<ele>510.000000</ele>
			</trkpt>
			<trkpt lat="47.592445" lon="18.873227">
				<ele>510.000000</ele>
			</trkpt>
			<trkpt lat="47.592463" lon="18.873218">
				<ele>510.000000</ele>
			</trkpt>
			<trkpt lat="47.592481" lon="18.873218">
				<ele>510.000000</ele>
			</trkpt>
			<trkpt lat="47.592493" lon="18.873218">
				<ele>510.000000</ele>
			</trkpt>
			<trkpt lat="47.592505" lon="18.873218">
				<ele>510.000000</ele>
			</trkpt>
			<trkpt lat="47.592523" lon="18.873218">
				<ele>510.000000</ele>
			</trkpt>
			<trkpt lat="47.592615" lon="18.873227">
				<ele>510.000000</ele>
			</trkpt>
			<trkpt lat="47.592669" lon="18.873236">
				<ele>510.000000</ele>
			</trkpt>
			<trkpt lat="47.592687" lon="18.873244">
				<ele>510.000000</ele>
			</trkpt>
			<trkpt lat="47.592699" lon="18.873254">
				<ele>510.000000</ele>
			</trkpt>
			<trkpt lat="47.592711" lon="18.873271">
				<ele>510.000000</ele>
			</trkpt>
			<trkpt lat="47.592729" lon="18.873290">
				<ele>510.000000</ele>
			</trkpt>
			<trkpt lat="47.592741" lon="18.873307">
				<ele>510.000000</ele>
			</trkpt>
			<trkpt lat="47.592753" lon="18.873334">
				<ele>510.000000</ele>
			</trkpt>
			<trkpt lat="47.592766" lon="18.873361">
				<ele>510.000000</ele>
			</trkpt>
			<trkpt lat="47.592778" lon="18.873407">
				<ele>510.000000</ele>
			</trkpt>
			<trkpt lat="47.592778" lon="18.873433">
				<ele>510.000000</ele>
			</trkpt>
			<trkpt lat="47.592778" lon="18.873470">
				<ele>510.000000</ele>
			</trkpt>
			<trkpt lat="47.592778" lon="18.873514">
				<ele>510.000000</ele>
			</trkpt>
			<trkpt lat="47.592766" lon="18.873586">
				<ele>510.000000</ele>
			</trkpt>
			<trkpt lat="47.592759" lon="18.873667">
				<ele>510.000000</ele>
			</trkpt>
			<trkpt lat="47.592729" lon="18.873864">
				<ele>510.000000</ele>
			</trkpt>
			<trkpt lat="47.592699" lon="18.874036">
				<ele>510.000000</ele>
			</trkpt>
			<trkpt lat="47.592663" lon="18.874206">
				<ele>510.000000</ele>
			</trkpt>
			<trkpt lat="47.592645" lon="18.874305">
				<ele>510.000000</ele>
			</trkpt>
			<trkpt lat="47.592633" lon="18.874349">
				<ele>510.000000</ele>
			</trkpt>
			<trkpt lat="47.592615" lon="18.874386">
				<ele>510.000000</ele>
			</trkpt>
			<trkpt lat="47.592602" lon="18.874430">
				<ele>510.000000</ele>
			</trkpt>
			<trkpt lat="47.592572" lon="18.874512">
				<ele>510.000000</ele>
			</trkpt>
			<trkpt lat="47.592523" lon="18.874610">
				<ele>510.000000</ele>
			</trkpt>
			<trkpt lat="47.592511" lon="18.874646">
				<ele>510.000000</ele>
			</trkpt>
			<trkpt lat="47.592505" lon="18.874665">
				<ele>510.000000</ele>
			</trkpt>
			<trkpt lat="47.592493" lon="18.874699">
				<ele>510.000000</ele>
			</trkpt>
			<trkpt lat="47.592475" lon="18.874763">
				<ele>510.000000</ele>
			</trkpt>
			<trkpt lat="47.592463" lon="18.874799">
				<ele>510.000000</ele>
			</trkpt>
			<trkpt lat="47.592457" lon="18.874844">
				<ele>510.000000</ele>
			</trkpt>
			<trkpt lat="47.592457" lon="18.874889">
				<ele>510.000000</ele>
			</trkpt>
			<trkpt lat="47.592451" lon="18.874969">
				<ele>510.000000</ele>
			</trkpt>
			<trkpt lat="47.592451" lon="18.875141">
				<ele>510.000000</ele>
			</trkpt>
			<trkpt lat="47.592451" lon="18.875185">
				<ele>510.000000</ele>
			</trkpt>
			<trkpt lat="47.592445" lon="18.875248">
				<ele>510.000000</ele>
			</trkpt>
			<trkpt lat="47.592433" lon="18.875338">
				<ele>510.000000</ele>
			</trkpt>
			<trkpt lat="47.592415" lon="18.875437">
				<ele>510.000000</ele>
			</trkpt>
			<trkpt lat="47.592348" lon="18.875796">
				<ele>510.000000</ele>
			</trkpt>
			<trkpt lat="47.592305" lon="18.875949">
				<ele>510.000000</ele>
			</trkpt>
			<trkpt lat="47.592275" lon="18.876047">
				<ele>510.000000</ele>
			</trkpt>
			<trkpt lat="47.592239" lon="18.876156">
				<ele>510.000000</ele>
			</trkpt>
			<trkpt lat="47.592202" lon="18.876246">
				<ele>510.000000</ele>
			</trkpt>
			<trkpt lat="47.592166" lon="18.876326">
				<ele>510.000000</ele>
			</trkpt>
			<trkpt lat="47.592124" lon="18.876407">
				<ele>510.000000</ele>
			</trkpt>
			<trkpt lat="47.592087" lon="18.876479">
				<ele>510.000000</ele>
			</trkpt>
			<trkpt lat="47.592014" lon="18.876632">
				<ele>510.000000</ele>
			</trkpt>
			<trkpt lat="47.591990" lon="18.876676">
				<ele>510.000000</ele>
			</trkpt>
			<trkpt lat="47.591966" lon="18.876730">
				<ele>510.000000</ele>
			</trkpt>
			<trkpt lat="47.591954" lon="18.876766">
				<ele>510.000000</ele>
			</trkpt>
			<trkpt lat="47.591930" lon="18.876829">
				<ele>510.000000</ele>
			</trkpt>
			<trkpt lat="47.591900" lon="18.876936">
				<ele>510.000000</ele>
			</trkpt>
			<trkpt lat="47.591875" lon="18.877018">
				<ele>510.000000</ele>
			</trkpt>
			<trkpt lat="47.591839" lon="18.877108">
				<ele>510.000000</ele>
			</trkpt>
			<trkpt lat="47.591821" lon="18.877152">
				<ele>510.000000</ele>
			</trkpt>
			<trkpt lat="47.591802" lon="18.877189">
				<ele>510.000000</ele>
			</trkpt>
			<trkpt lat="47.591778" lon="18.877233">
				<ele>510.000000</ele>
			</trkpt>
			<trkpt lat="47.591754" lon="18.877278">
				<ele>510.000000</ele>
			</trkpt>
			<trkpt lat="47.591724" lon="18.877315">
				<ele>510.000000</ele>
			</trkpt>
			<trkpt lat="47.591705" lon="18.877341">
				<ele>510.000000</ele>
			</trkpt>
			<trkpt lat="47.591657" lon="18.877386">
				<ele>510.000000</ele>
			</trkpt>
			<trkpt lat="47.591566" lon="18.877476">
				<ele>510.000000</ele>
			</trkpt>
			<trkpt lat="47.591530" lon="18.877512">
				<ele>510.000000</ele>
			</trkpt>
			<trkpt lat="47.591475" lon="18.877539">
				<ele>510.000000</ele>
			</trkpt>
			<trkpt lat="47.591427" lon="18.877565">
				<ele>510.000000</ele>
			</trkpt>
			<trkpt lat="47.591348" lon="18.877619">
				<ele>510.000000</ele>
			</trkpt>
			<trkpt lat="47.591312" lon="18.877646">
				<ele>510.000000</ele>
			</trkpt>
			<trkpt lat="47.591294" lon="18.877665">
				<ele>510.000000</ele>
			</trkpt>
			<trkpt lat="47.591275" lon="18.877682">
				<ele>510.000000</ele>
			</trkpt>
			<trkpt lat="47.591257" lon="18.877709">
				<ele>510.000000</ele>
			</trkpt>
			<trkpt lat="47.591076" lon="18.878068">
				<ele>508.000000</ele>
			</trkpt>
			<trkpt lat="47.590954" lon="18.878284">
				<ele>507.000000</ele>
			</trkpt>
			<trkpt lat="47.590906" lon="18.878365">
				<ele>507.000000</ele>
			</trkpt>
			<trkpt lat="47.590754" lon="18.878617">
				<ele>505.000000</ele>
			</trkpt>
			<trkpt lat="47.590724" lon="18.878967">
				<ele>504.000000</ele>
			</trkpt>
			<trkpt lat="47.590700" lon="18.879137">
				<ele>503.000000</ele>
			</trkpt>
			<trkpt lat="47.590645" lon="18.879273">
				<ele>503.000000</ele>
			</trkpt>
			<trkpt lat="47.590555" lon="18.879462">
				<ele>502.000000</ele>
			</trkpt>
			<trkpt lat="47.590494" lon="18.879623">
				<ele>501.000000</ele>
			</trkpt>
			<trkpt lat="47.590494" lon="18.879623">
				<ele>501.000000</ele>
			</trkpt>
			<trkpt lat="47.590555" lon="18.879462">
				<ele>502.000000</ele>
			</trkpt>
			<trkpt lat="47.590645" lon="18.879273">
				<ele>503.000000</ele>
			</trkpt>
			<trkpt lat="47.590700" lon="18.879137">
				<ele>503.000000</ele>
			</trkpt>
			<trkpt lat="47.590724" lon="18.878967">
				<ele>504.000000</ele>
			</trkpt>
			<trkpt lat="47.590754" lon="18.878617">
				<ele>505.000000</ele>
			</trkpt>
			<trkpt lat="47.590657" lon="18.878787">
				<ele>504.000000</ele>
			</trkpt>
			<trkpt lat="47.590603" lon="18.878904">
				<ele>503.000000</ele>
			</trkpt>
			<trkpt lat="47.590567" lon="18.878986">
				<ele>503.000000</ele>
			</trkpt>
			<trkpt lat="47.590536" lon="18.879047">
				<ele>502.000000</ele>
			</trkpt>
			<trkpt lat="47.590506" lon="18.879102">
				<ele>502.000000</ele>
			</trkpt>
			<trkpt lat="47.590475" lon="18.879129">
				<ele>502.000000</ele>
			</trkpt>
			<trkpt lat="47.590433" lon="18.879173">
				<ele>502.000000</ele>
			</trkpt>
			<trkpt lat="47.590403" lon="18.879210">
				<ele>501.000000</ele>
			</trkpt>
			<trkpt lat="47.590367" lon="18.879246">
				<ele>501.000000</ele>
			</trkpt>
			<trkpt lat="47.590306" lon="18.879317">
				<ele>500.000000</ele>
			</trkpt>
			<trkpt lat="47.590258" lon="18.879389">
				<ele>500.000000</ele>
			</trkpt>
			<trkpt lat="47.590197" lon="18.879452">
				<ele>499.000000</ele>
			</trkpt>
			<trkpt lat="47.590130" lon="18.879515">
				<ele>498.000000</ele>
			</trkpt>
			<trkpt lat="47.590112" lon="18.879533">
				<ele>498.000000</ele>
			</trkpt>
			<trkpt lat="47.590100" lon="18.879552">
				<ele>498.000000</ele>
			</trkpt>
			<trkpt lat="47.590046" lon="18.879659">
				<ele>497.000000</ele>
			</trkpt>
			<trkpt lat="47.590021" lon="18.879713">
				<ele>496.000000</ele>
			</trkpt>
			<trkpt lat="47.589894" lon="18.880018">
				<ele>493.000000</ele>
			</trkpt>
			<trkpt lat="47.589876" lon="18.880063">
				<ele>493.000000</ele>
			</trkpt>
			<trkpt lat="47.589840" lon="18.880118">
				<ele>492.000000</ele>
			</trkpt>
			<trkpt lat="47.589767" lon="18.880261">
				<ele>491.000000</ele>
			</trkpt>
			<trkpt lat="47.589737" lon="18.880324">
				<ele>490.000000</ele>
			</trkpt>
			<trkpt lat="47.589706" lon="18.880395">
				<ele>490.000000</ele>
			</trkpt>
			<trkpt lat="47.589670" lon="18.880494">
				<ele>488.000000</ele>
			</trkpt>
			<trkpt lat="47.589621" lon="18.880628">
				<ele>487.000000</ele>
			</trkpt>
			<trkpt lat="47.589597" lon="18.880701">
				<ele>486.000000</ele>
			</trkpt>
			<trkpt lat="47.589579" lon="18.880745">
				<ele>485.000000</ele>
			</trkpt>
			<trkpt lat="47.589561" lon="18.880791">
				<ele>485.000000</ele>
			</trkpt>
			<trkpt lat="47.589543" lon="18.880844">
				<ele>484.000000</ele>
			</trkpt>
			<trkpt lat="47.589525" lon="18.880890">
				<ele>483.000000</ele>
			</trkpt>
			<trkpt lat="47.589507" lon="18.880925">
				<ele>483.000000</ele>
			</trkpt>
			<trkpt lat="47.589488" lon="18.880988">
				<ele>482.000000</ele>
			</trkpt>
			<trkpt lat="47.589476" lon="18.881034">
				<ele>482.000000</ele>
			</trkpt>
			<trkpt lat="47.589464" lon="18.881105">
				<ele>481.000000</ele>
			</trkpt>
			<trkpt lat="47.589452" lon="18.881168">
				<ele>480.000000</ele>
			</trkpt>
			<trkpt lat="47.589445" lon="18.881194">
				<ele>480.000000</ele>
			</trkpt>
			<trkpt lat="47.589439" lon="18.881249">
				<ele>479.000000</ele>
			</trkpt>
			<trkpt lat="47.589433" lon="18.881321">
				<ele>479.000000</ele>
			</trkpt>
			<trkpt lat="47.589427" lon="18.881374">
				<ele>478.000000</ele>
			</trkpt>
			<trkpt lat="47.589409" lon="18.881437">
				<ele>477.000000</ele>
			</trkpt>
			<trkpt lat="47.589391" lon="18.881483">
				<ele>477.000000</ele>
			</trkpt>
			<trkpt lat="47.589373" lon="18.881536">
				<ele>476.000000</ele>
			</trkpt>
			<trkpt lat="47.589361" lon="18.881563">
				<ele>476.000000</ele>
			</trkpt>
			<trkpt lat="47.589337" lon="18.881599">
				<ele>475.000000</ele>
			</trkpt>
			<trkpt lat="47.589313" lon="18.881626">
				<ele>475.000000</ele>
			</trkpt>
			<trkpt lat="47.589282" lon="18.881662">
				<ele>474.000000</ele>
			</trkpt>
			<trkpt lat="47.589234" lon="18.881707">
				<ele>474.000000</ele>
			</trkpt>
			<trkpt lat="47.589185" lon="18.881743">
				<ele>473.000000</ele>
			</trkpt>
			<trkpt lat="47.589118" lon="18.881797">
				<ele>472.000000</ele>
			</trkpt>
			<trkpt lat="47.589070" lon="18.881823">
				<ele>471.000000</ele>
			</trkpt>
			<trkpt lat="47.589022" lon="18.881860">
				<ele>470.000000</ele>
			</trkpt>
			<trkpt lat="47.588985" lon="18.881877">
				<ele>469.000000</ele>
			</trkpt>
			<trkpt lat="47.588979" lon="18.881877">
				<ele>469.000000</ele>
			</trkpt>
			<trkpt lat="47.588973" lon="18.881877">
				<ele>469.000000</ele>
			</trkpt>
			<trkpt lat="47.588961" lon="18.881869">
				<ele>469.000000</ele>
			</trkpt>
			<trkpt lat="47.588943" lon="18.881860">
				<ele>468.000000</ele>
			</trkpt>
			<trkpt lat="47.588792" lon="18.881779">
				<ele>465.000000</ele>
			</trkpt>
			<trkpt lat="47.588713" lon="18.881823">
				<ele>463.000000</ele>
			</trkpt>
			<trkpt lat="47.588694" lon="18.881833">
				<ele>463.000000</ele>
			</trkpt>
			<trkpt lat="47.588670" lon="18.881850">
				<ele>462.000000</ele>
			</trkpt>
			<trkpt lat="47.588658" lon="18.881869">
				<ele>462.000000</ele>
			</trkpt>
			<trkpt lat="47.588646" lon="18.881886">
				<ele>461.000000</ele>
			</trkpt>
			<trkpt lat="47.588610" lon="18.881940">
				<ele>460.000000</ele>
			</trkpt>
			<trkpt lat="47.588555" lon="18.882049">
				<ele>458.000000</ele>
			</trkpt>
			<trkpt lat="47.588525" lon="18.882112">
				<ele>458.000000</ele>
			</trkpt>
			<trkpt lat="47.588495" lon="18.882183">
				<ele>457.000000</ele>
			</trkpt>
			<trkpt lat="47.588477" lon="18.882228">
				<ele>456.000000</ele>
			</trkpt>
			<trkpt lat="47.588464" lon="18.882273">
				<ele>455.000000</ele>
			</trkpt>
			<trkpt lat="47.588452" lon="18.882309">
				<ele>455.000000</ele>
			</trkpt>
			<trkpt lat="47.588440" lon="18.882353">
				<ele>454.000000</ele>
			</trkpt>
			<trkpt lat="47.588434" lon="18.882435">
				<ele>454.000000</ele>
			</trkpt>
			<trkpt lat="47.588428" lon="18.882489">
				<ele>453.000000</ele>
			</trkpt>
			<trkpt lat="47.588428" lon="18.882542">
				<ele>452.000000</ele>
			</trkpt>
			<trkpt lat="47.588428" lon="18.882552">
				<ele>452.000000</ele>
			</trkpt>
			<trkpt lat="47.588428" lon="18.882552">
				<ele>452.000000</ele>
			</trkpt>
			<trkpt lat="47.588428" lon="18.882560">
				<ele>452.000000</ele>
			</trkpt>
			<trkpt lat="47.588422" lon="18.882588">
				<ele>452.000000</ele>
			</trkpt>
			<trkpt lat="47.588416" lon="18.882615">
				<ele>451.000000</ele>
			</trkpt>
			<trkpt lat="47.588409" lon="18.882632">
				<ele>451.000000</ele>
			</trkpt>
			<trkpt lat="47.588397" lon="18.882659">
				<ele>451.000000</ele>
			</trkpt>
			<trkpt lat="47.588385" lon="18.882686">
				<ele>450.000000</ele>
			</trkpt>
			<trkpt lat="47.588373" lon="18.882705">
				<ele>450.000000</ele>
			</trkpt>
			<trkpt lat="47.588343" lon="18.882739">
				<ele>449.000000</ele>
			</trkpt>
			<trkpt lat="47.588337" lon="18.882739">
				<ele>449.000000</ele>
			</trkpt>
			<trkpt lat="47.588337" lon="18.882749">
				<ele>449.000000</ele>
			</trkpt>
			<trkpt lat="47.588331" lon="18.882758">
				<ele>449.000000</ele>
			</trkpt>
			<trkpt lat="47.588319" lon="18.882785">
				<ele>449.000000</ele>
			</trkpt>
			<trkpt lat="47.588246" lon="18.883018">
				<ele>446.000000</ele>
			</trkpt>
			<trkpt lat="47.588216" lon="18.883135">
				<ele>444.000000</ele>
			</trkpt>
			<trkpt lat="47.588210" lon="18.883181">
				<ele>444.000000</ele>
			</trkpt>
			<trkpt lat="47.588198" lon="18.883244">
				<ele>443.000000</ele>
			</trkpt>
			<trkpt lat="47.588192" lon="18.883305">
				<ele>442.000000</ele>
			</trkpt>
			<trkpt lat="47.588192" lon="18.883378">
				<ele>441.000000</ele>
			</trkpt>
			<trkpt lat="47.588192" lon="18.883423">
				<ele>441.000000</ele>
			</trkpt>
			<trkpt lat="47.588192" lon="18.883477">
				<ele>440.000000</ele>
			</trkpt>
			<trkpt lat="47.588204" lon="18.883531">
				<ele>440.000000</ele>
			</trkpt>
			<trkpt lat="47.588234" lon="18.883692">
				<ele>439.000000</ele>
			</trkpt>
			<trkpt lat="47.588240" lon="18.883747">
				<ele>438.000000</ele>
			</trkpt>
			<trkpt lat="47.588246" lon="18.883800">
				<ele>438.000000</ele>
			</trkpt>
			<trkpt lat="47.588246" lon="18.883836">
				<ele>438.000000</ele>
			</trkpt>
			<trkpt lat="47.588246" lon="18.883863">
				<ele>438.000000</ele>
			</trkpt>
			<trkpt lat="47.588246" lon="18.883890">
				<ele>438.000000</ele>
			</trkpt>
			<trkpt lat="47.588234" lon="18.883953">
				<ele>437.000000</ele>
			</trkpt>
			<trkpt lat="47.588210" lon="18.884070">
				<ele>436.000000</ele>
			</trkpt>
			<trkpt lat="47.588198" lon="18.884141">
				<ele>436.000000</ele>
			</trkpt>
			<trkpt lat="47.588192" lon="18.884204">
				<ele>436.000000</ele>
			</trkpt>
			<trkpt lat="47.588186" lon="18.884249">
				<ele>435.000000</ele>
			</trkpt>
			<trkpt lat="47.588186" lon="18.884294">
				<ele>435.000000</ele>
			</trkpt>
			<trkpt lat="47.588186" lon="18.884339">
				<ele>435.000000</ele>
			</trkpt>
			<trkpt lat="47.588192" lon="18.884376">
				<ele>435.000000</ele>
			</trkpt>
			<trkpt lat="47.588192" lon="18.884420">
				<ele>434.000000</ele>
			</trkpt>
			<trkpt lat="47.588204" lon="18.884473">
				<ele>434.000000</ele>
			</trkpt>
			<trkpt lat="47.588240" lon="18.884644">
				<ele>433.000000</ele>
			</trkpt>
			<trkpt lat="47.588265" lon="18.884743">
				<ele>432.000000</ele>
			</trkpt>
			<trkpt lat="47.588271" lon="18.884806">
				<ele>432.000000</ele>
			</trkpt>
			<trkpt lat="47.588283" lon="18.884878">
				<ele>432.000000</ele>
			</trkpt>
			<trkpt lat="47.588289" lon="18.884941">
				<ele>431.000000</ele>
			</trkpt>
			<trkpt lat="47.588283" lon="18.884995">
				<ele>431.000000</ele>
			</trkpt>
			<trkpt lat="47.588283" lon="18.885148">
				<ele>430.000000</ele>
			</trkpt>
			<trkpt lat="47.588283" lon="18.885202">
				<ele>430.000000</ele>
			</trkpt>
			<trkpt lat="47.588283" lon="18.885255">
				<ele>429.000000</ele>
			</trkpt>
			<trkpt lat="47.588325" lon="18.885525">
				<ele>427.000000</ele>
			</trkpt>
			<trkpt lat="47.588331" lon="18.885579">
				<ele>427.000000</ele>
			</trkpt>
			<trkpt lat="47.588337" lon="18.885632">
				<ele>427.000000</ele>
			</trkpt>
			<trkpt lat="47.588343" lon="18.885812">
				<ele>426.000000</ele>
			</trkpt>
			<trkpt lat="47.588349" lon="18.885911">
				<ele>425.000000</ele>
			</trkpt>
			<trkpt lat="47.588349" lon="18.885955">
				<ele>425.000000</ele>
			</trkpt>
			<trkpt lat="47.588349" lon="18.885992">
				<ele>424.000000</ele>
			</trkpt>
			<trkpt lat="47.588343" lon="18.886018">
				<ele>424.000000</ele>
			</trkpt>
			<trkpt lat="47.588331" lon="18.886055">
				<ele>424.000000</ele>
			</trkpt>
			<trkpt lat="47.588307" lon="18.886154">
				<ele>423.000000</ele>
			</trkpt>
			<trkpt lat="47.588295" lon="18.886217">
				<ele>423.000000</ele>
			</trkpt>
			<trkpt lat="47.588283" lon="18.886271">
				<ele>422.000000</ele>
			</trkpt>
			<trkpt lat="47.588277" lon="18.886334">
				<ele>422.000000</ele>
			</trkpt>
			<trkpt lat="47.588271" lon="18.886387">
				<ele>422.000000</ele>
			</trkpt>
			<trkpt lat="47.588271" lon="18.886431">
				<ele>421.000000</ele>
			</trkpt>
			<trkpt lat="47.588277" lon="18.886494">
				<ele>421.000000</ele>
			</trkpt>
			<trkpt lat="47.588277" lon="18.886531">
				<ele>421.000000</ele>
			</trkpt>
			<trkpt lat="47.588295" lon="18.886611">
				<ele>420.000000</ele>
			</trkpt>
			<trkpt lat="47.588307" lon="18.886710">
				<ele>420.000000</ele>
			</trkpt>
			<trkpt lat="47.588313" lon="18.886756">
				<ele>420.000000</ele>
			</trkpt>
			<trkpt lat="47.588319" lon="18.886800">
				<ele>420.000000</ele>
			</trkpt>
			<trkpt lat="47.588319" lon="18.886836">
				<ele>420.000000</ele>
			</trkpt>
			<trkpt lat="47.588319" lon="18.886881">
				<ele>420.000000</ele>
			</trkpt>
			<trkpt lat="47.588319" lon="18.886926">
				<ele>420.000000</ele>
			</trkpt>
			<trkpt lat="47.588277" lon="18.887393">
				<ele>420.000000</ele>
			</trkpt>
			<trkpt lat="47.588258" lon="18.887592">
				<ele>420.000000</ele>
			</trkpt>
			<trkpt lat="47.588252" lon="18.887716">
				<ele>420.000000</ele>
			</trkpt>
			<trkpt lat="47.588246" lon="18.887798">
				<ele>420.000000</ele>
			</trkpt>
			<trkpt lat="47.588234" lon="18.887950">
				<ele>420.000000</ele>
			</trkpt>
			<trkpt lat="47.588234" lon="18.887986">
				<ele>420.000000</ele>
			</trkpt>
			<trkpt lat="47.588240" lon="18.888022">
				<ele>420.000000</ele>
			</trkpt>
			<trkpt lat="47.588240" lon="18.888049">
				<ele>420.000000</ele>
			</trkpt>
			<trkpt lat="47.588355" lon="18.888399">
				<ele>420.000000</ele>
			</trkpt>
			<trkpt lat="47.588397" lon="18.888552">
				<ele>420.000000</ele>
			</trkpt>
			<trkpt lat="47.588446" lon="18.888714">
				<ele>420.000000</ele>
			</trkpt>
			<trkpt lat="47.588452" lon="18.888723">
				<ele>420.000000</ele>
			</trkpt>
			<trkpt lat="47.588458" lon="18.888750">
				<ele>420.000000</ele>
			</trkpt>
			<trkpt lat="47.588458" lon="18.888777">
				<ele>420.000000</ele>
			</trkpt>
			<trkpt lat="47.588464" lon="18.888804">
				<ele>420.000000</ele>
			</trkpt>
			<trkpt lat="47.588477" lon="18.889081">
				<ele>420.000000</ele>
			</trkpt>
			<trkpt lat="47.588477" lon="18.889110">
				<ele>420.000000</ele>
			</trkpt>
			<trkpt lat="47.588483" lon="18.889136">
				<ele>420.000000</ele>
			</trkpt>
			<trkpt lat="47.588507" lon="18.889297">
				<ele>420.000000</ele>
			</trkpt>
			<trkpt lat="47.588519" lon="18.889360">
				<ele>420.000000</ele>
			</trkpt>
			<trkpt lat="47.588531" lon="18.889496">
				<ele>420.000000</ele>
			</trkpt>
			<trkpt lat="47.588531" lon="18.889531">
				<ele>420.000000</ele>
			</trkpt>
			<trkpt lat="47.588531" lon="18.889558">
				<ele>420.000000</ele>
			</trkpt>
			<trkpt lat="47.588531" lon="18.889586">
				<ele>420.000000</ele>
			</trkpt>
			<trkpt lat="47.588525" lon="18.889666">
				<ele>420.000000</ele>
			</trkpt>
			<trkpt lat="47.588507" lon="18.889926">
				<ele>419.000000</ele>
			</trkpt>
			<trkpt lat="47.588507" lon="18.889980">
				<ele>418.000000</ele>
			</trkpt>
			<trkpt lat="47.588495" lon="18.890034">
				<ele>418.000000</ele>
			</trkpt>
			<trkpt lat="47.588422" lon="18.890448">
				<ele>415.000000</ele>
			</trkpt>
			<trkpt lat="47.588403" lon="18.890573">
				<ele>415.000000</ele>
			</trkpt>
			<trkpt lat="47.588397" lon="18.890609">
				<ele>414.000000</ele>
			</trkpt>
			<trkpt lat="47.588397" lon="18.890645">
				<ele>414.000000</ele>
			</trkpt>
			<trkpt lat="47.588391" lon="18.890699">
				<ele>414.000000</ele>
			</trkpt>
			<trkpt lat="47.588385" lon="18.890726">
				<ele>414.000000</ele>
			</trkpt>
			<trkpt lat="47.588385" lon="18.890744">
				<ele>414.000000</ele>
			</trkpt>
			<trkpt lat="47.588379" lon="18.890771">
				<ele>413.000000</ele>
			</trkpt>
			<trkpt lat="47.588373" lon="18.890779">
				<ele>413.000000</ele>
			</trkpt>
			<trkpt lat="47.588325" lon="18.890905">
				<ele>412.000000</ele>
			</trkpt>
			<trkpt lat="47.588319" lon="18.890915">
				<ele>412.000000</ele>
			</trkpt>
			<trkpt lat="47.588319" lon="18.890924">
				<ele>412.000000</ele>
			</trkpt>
			<trkpt lat="47.588319" lon="18.890932">
				<ele>412.000000</ele>
			</trkpt>
			<trkpt lat="47.588313" lon="18.890942">
				<ele>412.000000</ele>
			</trkpt>
			<trkpt lat="47.588301" lon="18.891058">
				<ele>411.000000</ele>
			</trkpt>
			<trkpt lat="47.588295" lon="18.891076">
				<ele>411.000000</ele>
			</trkpt>
			<trkpt lat="47.588295" lon="18.891094">
				<ele>411.000000</ele>
			</trkpt>
			<trkpt lat="47.588289" lon="18.891112">
				<ele>411.000000</ele>
			</trkpt>
			<trkpt lat="47.588271" lon="18.891158">
				<ele>411.000000</ele>
			</trkpt>
			<trkpt lat="47.588252" lon="18.891202">
				<ele>411.000000</ele>
			</trkpt>
			<trkpt lat="47.588246" lon="18.891211">
				<ele>410.000000</ele>
			</trkpt>
			<trkpt lat="47.588240" lon="18.891211">
				<ele>410.000000</ele>
			</trkpt>
			<trkpt lat="47.588234" lon="18.891221">
				<ele>410.000000</ele>
			</trkpt>
			<trkpt lat="47.587864" lon="18.891534">
				<ele>408.000000</ele>
			</trkpt>
			<trkpt lat="47.587834" lon="18.891552">
				<ele>408.000000</ele>
			</trkpt>
			<trkpt lat="47.587798" lon="18.891580">
				<ele>408.000000</ele>
			</trkpt>
			<trkpt lat="47.587786" lon="18.891588">
				<ele>407.000000</ele>
			</trkpt>
			<trkpt lat="47.587762" lon="18.891607">
				<ele>407.000000</ele>
			</trkpt>
			<trkpt lat="47.587743" lon="18.891624">
				<ele>407.000000</ele>
			</trkpt>
			<trkpt lat="47.587719" lon="18.891660">
				<ele>407.000000</ele>
			</trkpt>
			<trkpt lat="47.587555" lon="18.891840">
				<ele>406.000000</ele>
			</trkpt>
			<trkpt lat="47.587495" lon="18.891911">
				<ele>405.000000</ele>
			</trkpt>
			<trkpt lat="47.587453" lon="18.891966">
				<ele>405.000000</ele>
			</trkpt>
			<trkpt lat="47.587447" lon="18.891984">
				<ele>405.000000</ele>
			</trkpt>
			<trkpt lat="47.587435" lon="18.892001">
				<ele>405.000000</ele>
			</trkpt>
			<trkpt lat="47.587422" lon="18.892020">
				<ele>405.000000</ele>
			</trkpt>
			<trkpt lat="47.587271" lon="18.892387">
				<ele>403.000000</ele>
			</trkpt>
			<trkpt lat="47.587392" lon="18.892424">
				<ele>402.000000</ele>
			</trkpt>
			<trkpt lat="47.587555" lon="18.892406">
				<ele>402.000000</ele>
			</trkpt>
			<trkpt lat="47.587701" lon="18.892334">
				<ele>401.000000</ele>
			</trkpt>
			<trkpt lat="47.587798" lon="18.892181">
				<ele>401.000000</ele>
			</trkpt>
			<trkpt lat="47.587931" lon="18.892127">
				<ele>400.000000</ele>
			</trkpt>
			<trkpt lat="47.587986" lon="18.892137">
				<ele>399.000000</ele>
			</trkpt>
			<trkpt lat="47.588537" lon="18.892280">
				<ele>387.000000</ele>
			</trkpt>
			<trkpt lat="47.588924" lon="18.892208">
				<ele>379.000000</ele>
			</trkpt>
			<trkpt lat="47.589197" lon="18.892253">
				<ele>375.000000</ele>
			</trkpt>
			<trkpt lat="47.589445" lon="18.892307">
				<ele>372.000000</ele>
			</trkpt>
			<trkpt lat="47.589670" lon="18.892280">
				<ele>369.000000</ele>
			</trkpt>
			<trkpt lat="47.589779" lon="18.892326">
				<ele>368.000000</ele>
			</trkpt>
			<trkpt lat="47.589930" lon="18.892433">
				<ele>366.000000</ele>
			</trkpt>
			<trkpt lat="47.590221" lon="18.892576">
				<ele>362.000000</ele>
			</trkpt>
			<trkpt lat="47.590512" lon="18.892802">
				<ele>358.000000</ele>
			</trkpt>
			<trkpt lat="47.590645" lon="18.892900">
				<ele>356.000000</ele>
			</trkpt>
			<trkpt lat="47.590791" lon="18.892926">
				<ele>353.000000</ele>
			</trkpt>
			<trkpt lat="47.590900" lon="18.892837">
				<ele>351.000000</ele>
			</trkpt>
			<trkpt lat="47.591015" lon="18.892649">
				<ele>349.000000</ele>
			</trkpt>
			<trkpt lat="47.591148" lon="18.892415">
				<ele>346.000000</ele>
			</trkpt>
			<trkpt lat="47.591306" lon="18.892226">
				<ele>343.000000</ele>
			</trkpt>
			<trkpt lat="47.591572" lon="18.892154">
				<ele>339.000000</ele>
			</trkpt>
			<trkpt lat="47.591633" lon="18.892137">
				<ele>338.000000</ele>
			</trkpt>
			<trkpt lat="47.591633" lon="18.892137">
				<ele>338.000000</ele>
			</trkpt>
			<trkpt lat="47.591711" lon="18.892110">
				<ele>337.000000</ele>
			</trkpt>
			<trkpt lat="47.591966" lon="18.892173">
				<ele>333.000000</ele>
			</trkpt>
			<trkpt lat="47.592160" lon="18.892271">
				<ele>330.000000</ele>
			</trkpt>
			<trkpt lat="47.592590" lon="18.892190">
				<ele>325.000000</ele>
			</trkpt>
			<trkpt lat="47.592978" lon="18.892073">
				<ele>321.000000</ele>
			</trkpt>
			<trkpt lat="47.593087" lon="18.892083">
				<ele>320.000000</ele>
			</trkpt>
			<trkpt lat="47.593196" lon="18.892127">
				<ele>318.000000</ele>
			</trkpt>
			<trkpt lat="47.593753" lon="18.892477">
				<ele>310.000000</ele>
			</trkpt>
			<trkpt lat="47.593850" lon="18.892513">
				<ele>308.000000</ele>
			</trkpt>
			<trkpt lat="47.593990" lon="18.892505">
				<ele>306.000000</ele>
			</trkpt>
			<trkpt lat="47.594080" lon="18.892532">
				<ele>305.000000</ele>
			</trkpt>
			<trkpt lat="47.594159" lon="18.892595">
				<ele>303.000000</ele>
			</trkpt>
			<trkpt lat="47.594292" lon="18.892693">
				<ele>301.000000</ele>
			</trkpt>
			<trkpt lat="47.594389" lon="18.892863">
				<ele>299.000000</ele>
			</trkpt>
			<trkpt lat="47.594468" lon="18.893026">
				<ele>297.000000</ele>
			</trkpt>
			<trkpt lat="47.594535" lon="18.893223">
				<ele>296.000000</ele>
			</trkpt>
			<trkpt lat="47.594705" lon="18.893664">
				<ele>292.000000</ele>
			</trkpt>
			<trkpt lat="47.594795" lon="18.893762">
				<ele>290.000000</ele>
			</trkpt>
			<trkpt lat="47.594977" lon="18.893905">
				<ele>287.000000</ele>
			</trkpt>
			<trkpt lat="47.595074" lon="18.894023">
				<ele>286.000000</ele>
			</trkpt>
			<trkpt lat="47.595698" lon="18.895263">
				<ele>269.000000</ele>
			</trkpt>
			<trkpt lat="47.595849" lon="18.895487">
				<ele>266.000000</ele>
			</trkpt>
			<trkpt lat="47.596195" lon="18.895666">
				<ele>262.000000</ele>
			</trkpt>
			<trkpt lat="47.596437" lon="18.895703">
				<ele>259.000000</ele>
			</trkpt>
			<trkpt lat="47.596643" lon="18.895639">
				<ele>257.000000</ele>
			</trkpt>
			<trkpt lat="47.596800" lon="18.895666">
				<ele>256.000000</ele>
			</trkpt>
			<trkpt lat="47.597049" lon="18.895882">
				<ele>253.000000</ele>
			</trkpt>
			<trkpt lat="47.597382" lon="18.896395">
				<ele>248.000000</ele>
			</trkpt>
			<trkpt lat="47.597552" lon="18.896565">
				<ele>244.000000</ele>
			</trkpt>
			<trkpt lat="47.597951" lon="18.897060">
				<ele>240.000000</ele>
			</trkpt>
			<trkpt lat="47.598345" lon="18.897490">
				<ele>240.000000</ele>
			</trkpt>
			<trkpt lat="47.598357" lon="18.897508">
				<ele>240.000000</ele>
			</trkpt>
			<trkpt lat="47.598381" lon="18.897536">
				<ele>240.000000</ele>
			</trkpt>
			<trkpt lat="47.598393" lon="18.897553">
				<ele>240.000000</ele>
			</trkpt>
			<trkpt lat="47.598454" lon="18.897670">
				<ele>240.000000</ele>
			</trkpt>
			<trkpt lat="47.599060" lon="18.896978">
				<ele>242.000000</ele>
			</trkpt>
			<trkpt lat="47.599108" lon="18.896934">
				<ele>242.000000</ele>
			</trkpt>
			<trkpt lat="47.599138" lon="18.896915">
				<ele>242.000000</ele>
			</trkpt>
			<trkpt lat="47.599169" lon="18.896880">
				<ele>242.000000</ele>
			</trkpt>
			<trkpt lat="47.599205" lon="18.896834">
				<ele>243.000000</ele>
			</trkpt>
			<trkpt lat="47.599254" lon="18.896763">
				<ele>243.000000</ele>
			</trkpt>
			<trkpt lat="47.599272" lon="18.896735">
				<ele>243.000000</ele>
			</trkpt>
			<trkpt lat="47.599302" lon="18.896682">
				<ele>243.000000</ele>
			</trkpt>
			<trkpt lat="47.599338" lon="18.896601">
				<ele>244.000000</ele>
			</trkpt>
			<trkpt lat="47.599363" lon="18.896565">
				<ele>244.000000</ele>
			</trkpt>
			<trkpt lat="47.599417" lon="18.896475">
				<ele>244.000000</ele>
			</trkpt>
			<trkpt lat="47.599466" lon="18.896421">
				<ele>245.000000</ele>
			</trkpt>
			<trkpt lat="47.599484" lon="18.896404">
				<ele>245.000000</ele>
			</trkpt>
			<trkpt lat="47.599502" lon="18.896385">
				<ele>245.000000</ele>
			</trkpt>
			<trkpt lat="47.599514" lon="18.896376">
				<ele>245.000000</ele>
			</trkpt>
			<trkpt lat="47.599569" lon="18.896322">
				<ele>245.000000</ele>
			</trkpt>
			<trkpt lat="47.599593" lon="18.896287">
				<ele>246.000000</ele>
			</trkpt>
			<trkpt lat="47.599605" lon="18.896268">
				<ele>246.000000</ele>
			</trkpt>
			<trkpt lat="47.599611" lon="18.896259">
				<ele>246.000000</ele>
			</trkpt>
			<trkpt lat="47.599623" lon="18.896242">
				<ele>246.000000</ele>
			</trkpt>
			<trkpt lat="47.599629" lon="18.896215">
				<ele>246.000000</ele>
			</trkpt>
			<trkpt lat="47.599635" lon="18.896197">
				<ele>246.000000</ele>
			</trkpt>
			<trkpt lat="47.599641" lon="18.896161">
				<ele>246.000000</ele>
			</trkpt>
			<trkpt lat="47.599641" lon="18.896142">
				<ele>246.000000</ele>
			</trkpt>
			<trkpt lat="47.599647" lon="18.896125">
				<ele>246.000000</ele>
			</trkpt>
			<trkpt lat="47.599653" lon="18.896098">
				<ele>246.000000</ele>
			</trkpt>
			<trkpt lat="47.599671" lon="18.896053">
				<ele>247.000000</ele>
			</trkpt>
			<trkpt lat="47.599690" lon="18.895999">
				<ele>247.000000</ele>
			</trkpt>
			<trkpt lat="47.599696" lon="18.895981">
				<ele>247.000000</ele>
			</trkpt>
			<trkpt lat="47.599708" lon="18.895963">
				<ele>247.000000</ele>
			</trkpt>
			<trkpt lat="47.599720" lon="18.895936">
				<ele>247.000000</ele>
			</trkpt>
			<trkpt lat="47.599751" lon="18.895900">
				<ele>247.000000</ele>
			</trkpt>
			<trkpt lat="47.599781" lon="18.895855">
				<ele>248.000000</ele>
			</trkpt>
			<trkpt lat="47.599823" lon="18.895811">
				<ele>248.000000</ele>
			</trkpt>
			<trkpt lat="47.599835" lon="18.895783">
				<ele>248.000000</ele>
			</trkpt>
			<trkpt lat="47.599859" lon="18.895756">
				<ele>248.000000</ele>
			</trkpt>
			<trkpt lat="47.599871" lon="18.895739">
				<ele>248.000000</ele>
			</trkpt>
			<trkpt lat="47.599877" lon="18.895721">
				<ele>248.000000</ele>
			</trkpt>
			<trkpt lat="47.599884" lon="18.895703">
				<ele>248.000000</ele>
			</trkpt>
			<trkpt lat="47.599890" lon="18.895685">
				<ele>248.000000</ele>
			</trkpt>
			<trkpt lat="47.599890" lon="18.895676">
				<ele>248.000000</ele>
			</trkpt>
			<trkpt lat="47.599896" lon="18.895658">
				<ele>248.000000</ele>
			</trkpt>
			<trkpt lat="47.599890" lon="18.895631">
				<ele>249.000000</ele>
			</trkpt>
			<trkpt lat="47.599890" lon="18.895603">
				<ele>249.000000</ele>
			</trkpt>
			<trkpt lat="47.599865" lon="18.895469">
				<ele>249.000000</ele>
			</trkpt>
			<trkpt lat="47.599847" lon="18.895326">
				<ele>250.000000</ele>
			</trkpt>
			<trkpt lat="47.599829" lon="18.895226">
				<ele>250.000000</ele>
			</trkpt>
			<trkpt lat="47.599817" lon="18.895163">
				<ele>250.000000</ele>
			</trkpt>
			<trkpt lat="47.599799" lon="18.895092">
				<ele>250.000000</ele>
			</trkpt>
			<trkpt lat="47.599769" lon="18.895029">
				<ele>250.000000</ele>
			</trkpt>
			<trkpt lat="47.599738" lon="18.894957">
				<ele>250.000000</ele>
			</trkpt>
			<trkpt lat="47.599720" lon="18.894921">
				<ele>250.000000</ele>
			</trkpt>
			<trkpt lat="47.599702" lon="18.894894">
				<ele>250.000000</ele>
			</trkpt>
			<trkpt lat="47.599683" lon="18.894876">
				<ele>250.000000</ele>
			</trkpt>
			<trkpt lat="47.599653" lon="18.894840">
				<ele>250.000000</ele>
			</trkpt>
			<trkpt lat="47.599641" lon="18.894804">
				<ele>250.000000</ele>
			</trkpt>
			<trkpt lat="47.599629" lon="18.894777">
				<ele>250.000000</ele>
			</trkpt>
			<trkpt lat="47.599623" lon="18.894733">
				<ele>251.000000</ele>
			</trkpt>
			<trkpt lat="47.599611" lon="18.894624">
				<ele>251.000000</ele>
			</trkpt>
			<trkpt lat="47.599599" lon="18.894571">
				<ele>251.000000</ele>
			</trkpt>
			<trkpt lat="47.599587" lon="18.894508">
				<ele>251.000000</ele>
			</trkpt>
			<trkpt lat="47.599569" lon="18.894454">
				<ele>251.000000</ele>
			</trkpt>
			<trkpt lat="47.599551" lon="18.894364">
				<ele>252.000000</ele>
			</trkpt>
			<trkpt lat="47.599533" lon="18.894265">
				<ele>252.000000</ele>
			</trkpt>
			<trkpt lat="47.599496" lon="18.893978">
				<ele>252.000000</ele>
			</trkpt>
			<trkpt lat="47.599411" lon="18.893008">
				<ele>255.000000</ele>
			</trkpt>
			<trkpt lat="47.599405" lon="18.892981">
				<ele>255.000000</ele>
			</trkpt>
			<trkpt lat="47.599405" lon="18.892936">
				<ele>255.000000</ele>
			</trkpt>
			<trkpt lat="47.599411" lon="18.892918">
				<ele>255.000000</ele>
			</trkpt>
			<trkpt lat="47.599417" lon="18.892882">
				<ele>255.000000</ele>
			</trkpt>
			<trkpt lat="47.599423" lon="18.892846">
				<ele>255.000000</ele>
			</trkpt>
			<trkpt lat="47.599435" lon="18.892810">
				<ele>255.000000</ele>
			</trkpt>
			<trkpt lat="47.599460" lon="18.892765">
				<ele>256.000000</ele>
			</trkpt>
			<trkpt lat="47.599496" lon="18.892684">
				<ele>256.000000</ele>
			</trkpt>
			<trkpt lat="47.599557" lon="18.892576">
				<ele>256.000000</ele>
			</trkpt>
			<trkpt lat="47.599659" lon="18.892406">
				<ele>257.000000</ele>
			</trkpt>
			<trkpt lat="47.599793" lon="18.892181">
				<ele>257.000000</ele>
			</trkpt>
			<trkpt lat="47.599902" lon="18.891984">
				<ele>258.000000</ele>
			</trkpt>
			<trkpt lat="47.600186" lon="18.891408">
				<ele>260.000000</ele>
			</trkpt>
			<trkpt lat="47.600150" lon="18.891112">
				<ele>261.000000</ele>
			</trkpt>
			<trkpt lat="47.600138" lon="18.891031">
				<ele>262.000000</ele>
			</trkpt>
			<trkpt lat="47.600132" lon="18.890924">
				<ele>262.000000</ele>
			</trkpt>
			<trkpt lat="47.600126" lon="18.890816">
				<ele>263.000000</ele>
			</trkpt>
			<trkpt lat="47.600090" lon="18.890592">
				<ele>264.000000</ele>
			</trkpt>
			<trkpt lat="47.600072" lon="18.890510">
				<ele>265.000000</ele>
			</trkpt>
			<trkpt lat="47.600059" lon="18.890448">
				<ele>265.000000</ele>
			</trkpt>
			<trkpt lat="47.600053" lon="18.890412">
				<ele>265.000000</ele>
			</trkpt>
			<trkpt lat="47.600041" lon="18.890366">
				<ele>266.000000</ele>
			</trkpt>
			<trkpt lat="47.600035" lon="18.890339">
				<ele>266.000000</ele>
			</trkpt>
			<trkpt lat="47.600017" lon="18.890276">
				<ele>266.000000</ele>
			</trkpt>
			<trkpt lat="47.600011" lon="18.890250">
				<ele>266.000000</ele>
			</trkpt>
			<trkpt lat="47.600005" lon="18.890223">
				<ele>266.000000</ele>
			</trkpt>
			<trkpt lat="47.600005" lon="18.890196">
				<ele>267.000000</ele>
			</trkpt>
			<trkpt lat="47.600005" lon="18.890115">
				<ele>267.000000</ele>
			</trkpt>
			<trkpt lat="47.600005" lon="18.890062">
				<ele>267.000000</ele>
			</trkpt>
			<trkpt lat="47.600005" lon="18.890034">
				<ele>268.000000</ele>
			</trkpt>
			<trkpt lat="47.599974" lon="18.889855">
				<ele>269.000000</ele>
			</trkpt>
			<trkpt lat="47.599974" lon="18.889837">
				<ele>269.000000</ele>
			</trkpt>
			<trkpt lat="47.599968" lon="18.889819">
				<ele>269.000000</ele>
			</trkpt>
			<trkpt lat="47.599962" lon="18.889792">
				<ele>269.000000</ele>
			</trkpt>
			<trkpt lat="47.599950" lon="18.889765">
				<ele>269.000000</ele>
			</trkpt>
			<trkpt lat="47.599932" lon="18.889710">
				<ele>269.000000</ele>
			</trkpt>
			<trkpt lat="47.599926" lon="18.889693">
				<ele>270.000000</ele>
			</trkpt>
			<trkpt lat="47.599920" lon="18.889666">
				<ele>270.000000</ele>
			</trkpt>
			<trkpt lat="47.599914" lon="18.889630">
				<ele>270.000000</ele>
			</trkpt>
			<trkpt lat="47.599914" lon="18.889603">
				<ele>270.000000</ele>
			</trkpt>
			<trkpt lat="47.599920" lon="18.889550">
				<ele>270.000000</ele>
			</trkpt>
			<trkpt lat="47.599932" lon="18.889441">
				<ele>270.000000</ele>
			</trkpt>
			<trkpt lat="47.599932" lon="18.889414">
				<ele>270.000000</ele>
			</trkpt>
			<trkpt lat="47.599938" lon="18.889387">
				<ele>270.000000</ele>
			</trkpt>
			<trkpt lat="47.599944" lon="18.889360">
				<ele>270.000000</ele>
			</trkpt>
			<trkpt lat="47.599950" lon="18.889334">
				<ele>270.000000</ele>
			</trkpt>
			<trkpt lat="47.599974" lon="18.889289">
				<ele>270.000000</ele>
			</trkpt>
			<trkpt lat="47.599987" lon="18.889280">
				<ele>270.000000</ele>
			</trkpt>
			<trkpt lat="47.599993" lon="18.889271">
				<ele>270.000000</ele>
			</trkpt>
			<trkpt lat="47.599999" lon="18.889261">
				<ele>270.000000</ele>
			</trkpt>
			<trkpt lat="47.600023" lon="18.889244">
				<ele>270.000000</ele>
			</trkpt>
			<trkpt lat="47.600047" lon="18.889226">
				<ele>270.000000</ele>
			</trkpt>
			<trkpt lat="47.600168" lon="18.889145">
				<ele>270.000000</ele>
			</trkpt>
			<trkpt lat="47.600180" lon="18.889136">
				<ele>270.000000</ele>
			</trkpt>
			<trkpt lat="47.600192" lon="18.889136">
				<ele>270.000000</ele>
			</trkpt>
			<trkpt lat="47.600192" lon="18.889127">
				<ele>270.000000</ele>
			</trkpt>
			<trkpt lat="47.600204" lon="18.889127">
				<ele>270.000000</ele>
			</trkpt>
			<trkpt lat="47.600211" lon="18.889127">
				<ele>270.000000</ele>
			</trkpt>
			<trkpt lat="47.600223" lon="18.889127">
				<ele>270.000000</ele>
			</trkpt>
			<trkpt lat="47.600241" lon="18.889127">
				<ele>270.000000</ele>
			</trkpt>
			<trkpt lat="47.600272" lon="18.889127">
				<ele>270.000000</ele>
			</trkpt>
			<trkpt lat="47.600459" lon="18.889145">
				<ele>270.000000</ele>
			</trkpt>
			<trkpt lat="47.600477" lon="18.889145">
				<ele>270.000000</ele>
			</trkpt>
			<trkpt lat="47.600502" lon="18.889145">
				<ele>270.000000</ele>
			</trkpt>
			<trkpt lat="47.600568" lon="18.889136">
				<ele>270.000000</ele>
			</trkpt>
			<trkpt lat="47.600641" lon="18.889118">
				<ele>270.000000</ele>
			</trkpt>
			<trkpt lat="47.600701" lon="18.889100">
				<ele>270.000000</ele>
			</trkpt>
			<trkpt lat="47.600750" lon="18.889081">
				<ele>270.000000</ele>
			</trkpt>
			<trkpt lat="47.600774" lon="18.889064">
				<ele>270.000000</ele>
			</trkpt>
			<trkpt lat="47.600799" lon="18.889047">
				<ele>270.000000</ele>
			</trkpt>
			<trkpt lat="47.600823" lon="18.889028">
				<ele>270.000000</ele>
			</trkpt>
			<trkpt lat="47.600853" lon="18.888992">
				<ele>270.000000</ele>
			</trkpt>
			<trkpt lat="47.600883" lon="18.888947">
				<ele>270.000000</ele>
			</trkpt>
			<trkpt lat="47.600913" lon="18.888894">
				<ele>270.000000</ele>
			</trkpt>
			<trkpt lat="47.600943" lon="18.888840">
				<ele>270.000000</ele>
			</trkpt>
			<trkpt lat="47.601374" lon="18.887950">
				<ele>269.000000</ele>
			</trkpt>
			<trkpt lat="47.601404" lon="18.887879">
				<ele>269.000000</ele>
			</trkpt>
			<trkpt lat="47.601422" lon="18.887852">
				<ele>269.000000</ele>
			</trkpt>
			<trkpt lat="47.601440" lon="18.887825">
				<ele>269.000000</ele>
			</trkpt>
			<trkpt lat="47.601532" lon="18.887716">
				<ele>269.000000</ele>
			</trkpt>
			<trkpt lat="47.601586" lon="18.887663">
				<ele>268.000000</ele>
			</trkpt>
			<trkpt lat="47.601640" lon="18.887600">
				<ele>268.000000</ele>
			</trkpt>
			<trkpt lat="47.601670" lon="18.887555">
				<ele>268.000000</ele>
			</trkpt>
			<trkpt lat="47.601694" lon="18.887510">
				<ele>268.000000</ele>
			</trkpt>
			<trkpt lat="47.601804" lon="18.887322">
				<ele>268.000000</ele>
			</trkpt>
			<trkpt lat="47.601816" lon="18.887286">
				<ele>268.000000</ele>
			</trkpt>
			<trkpt lat="47.601834" lon="18.887250">
				<ele>268.000000</ele>
			</trkpt>
			<trkpt lat="47.601840" lon="18.887213">
				<ele>268.000000</ele>
			</trkpt>
			<trkpt lat="47.601870" lon="18.887070">
				<ele>267.000000</ele>
			</trkpt>
			<trkpt lat="47.601882" lon="18.887034">
				<ele>267.000000</ele>
			</trkpt>
			<trkpt lat="47.601895" lon="18.887007">
				<ele>267.000000</ele>
			</trkpt>
			<trkpt lat="47.601913" lon="18.886963">
				<ele>267.000000</ele>
			</trkpt>
			<trkpt lat="47.601925" lon="18.886936">
				<ele>267.000000</ele>
			</trkpt>
			<trkpt lat="47.601955" lon="18.886881">
				<ele>267.000000</ele>
			</trkpt>
			<trkpt lat="47.601973" lon="18.886854">
				<ele>267.000000</ele>
			</trkpt>
			<trkpt lat="47.601979" lon="18.886836">
				<ele>267.000000</ele>
			</trkpt>
			<trkpt lat="47.601998" lon="18.886818">
				<ele>267.000000</ele>
			</trkpt>
			<trkpt lat="47.602010" lon="18.886800">
				<ele>267.000000</ele>
			</trkpt>
			<trkpt lat="47.602022" lon="18.886783">
				<ele>267.000000</ele>
			</trkpt>
			<trkpt lat="47.602028" lon="18.886756">
				<ele>267.000000</ele>
			</trkpt>
			<trkpt lat="47.602034" lon="18.886728">
				<ele>267.000000</ele>
			</trkpt>
			<trkpt lat="47.602046" lon="18.886701">
				<ele>267.000000</ele>
			</trkpt>
			<trkpt lat="47.602052" lon="18.886674">
				<ele>267.000000</ele>
			</trkpt>
			<trkpt lat="47.602077" lon="18.886477">
				<ele>267.000000</ele>
			</trkpt>
			<trkpt lat="47.602083" lon="18.886441">
				<ele>266.000000</ele>
			</trkpt>
			<trkpt lat="47.602095" lon="18.886397">
				<ele>266.000000</ele>
			</trkpt>
			<trkpt lat="47.602101" lon="18.886370">
				<ele>266.000000</ele>
			</trkpt>
			<trkpt lat="47.602107" lon="18.886342">
				<ele>266.000000</ele>
			</trkpt>
			<trkpt lat="47.602113" lon="18.886324">
				<ele>266.000000</ele>
			</trkpt>
			<trkpt lat="47.602185" lon="18.886163">
				<ele>266.000000</ele>
			</trkpt>
			<trkpt lat="47.602307" lon="18.885920">
				<ele>266.000000</ele>
			</trkpt>
			<trkpt lat="47.602307" lon="18.885920">
				<ele>266.000000</ele>
			</trkpt>
			<trkpt lat="47.602464" lon="18.885605">
				<ele>265.000000</ele>
			</trkpt>
			<trkpt lat="47.602531" lon="18.885471">
				<ele>265.000000</ele>
			</trkpt>
			<trkpt lat="47.602555" lon="18.885444">
				<ele>265.000000</ele>
			</trkpt>
			<trkpt lat="47.602585" lon="18.885408">
				<ele>265.000000</ele>
			</trkpt>
			<trkpt lat="47.602670" lon="18.885328">
				<ele>265.000000</ele>
			</trkpt>
			<trkpt lat="47.602676" lon="18.885318">
				<ele>265.000000</ele>
			</trkpt>
			<trkpt lat="47.602688" lon="18.885292">
				<ele>265.000000</ele>
			</trkpt>
			<trkpt lat="47.602700" lon="18.885282">
				<ele>265.000000</ele>
			</trkpt>
			<trkpt lat="47.602712" lon="18.885265">
				<ele>264.000000</ele>
			</trkpt>
			<trkpt lat="47.602718" lon="18.885246">
				<ele>264.000000</ele>
			</trkpt>
			<trkpt lat="47.602737" lon="18.885156">
				<ele>264.000000</ele>
			</trkpt>
			<trkpt lat="47.602743" lon="18.885102">
				<ele>264.000000</ele>
			</trkpt>
			<trkpt lat="47.602749" lon="18.885066">
				<ele>264.000000</ele>
			</trkpt>
			<trkpt lat="47.602761" lon="18.885039">
				<ele>264.000000</ele>
			</trkpt>
			<trkpt lat="47.602773" lon="18.885003">
				<ele>264.000000</ele>
			</trkpt>
			<trkpt lat="47.602822" lon="18.884905">
				<ele>264.000000</ele>
			</trkpt>
			<trkpt lat="47.602882" lon="18.884797">
				<ele>264.000000</ele>
			</trkpt>
			<trkpt lat="47.603046" lon="18.884500">
				<ele>263.000000</ele>
			</trkpt>
			<trkpt lat="47.603070" lon="18.884456">
				<ele>263.000000</ele>
			</trkpt>
			<trkpt lat="47.603082" lon="18.884420">
				<ele>263.000000</ele>
			</trkpt>
			<trkpt lat="47.603112" lon="18.884330">
				<ele>263.000000</ele>
			</trkpt>
			<trkpt lat="47.603233" lon="18.883953">
				<ele>262.000000</ele>
			</trkpt>
			<trkpt lat="47.603403" lon="18.883485">
				<ele>262.000000</ele>
			</trkpt>
			<trkpt lat="47.603645" lon="18.882768">
				<ele>261.000000</ele>
			</trkpt>
			<trkpt lat="47.603705" lon="18.882623">
				<ele>260.000000</ele>
			</trkpt>
			<trkpt lat="47.603730" lon="18.882569">
				<ele>260.000000</ele>
			</trkpt>
			<trkpt lat="47.603791" lon="18.882462">
				<ele>260.000000</ele>
			</trkpt>
			<trkpt lat="47.603918" lon="18.882273">
				<ele>260.000000</ele>
			</trkpt>
			<trkpt lat="47.603954" lon="18.882210">
				<ele>260.000000</ele>
			</trkpt>
			<trkpt lat="47.603984" lon="18.882147">
				<ele>260.000000</ele>
			</trkpt>
			<trkpt lat="47.604039" lon="18.882030">
				<ele>260.000000</ele>
			</trkpt>
			<trkpt lat="47.604251" lon="18.881536">
				<ele>260.000000</ele>
			</trkpt>
			<trkpt lat="47.604263" lon="18.881500">
				<ele>260.000000</ele>
			</trkpt>
			<trkpt lat="47.604366" lon="18.881276">
				<ele>260.000000</ele>
			</trkpt>
			<trkpt lat="47.604390" lon="18.881231">
				<ele>260.000000</ele>
			</trkpt>
			<trkpt lat="47.604390" lon="18.881231">
				<ele>260.000000</ele>
			</trkpt>
			<trkpt lat="47.604420" lon="18.881168">
				<ele>260.000000</ele>
			</trkpt>
			<trkpt lat="47.604456" lon="18.881097">
				<ele>260.000000</ele>
			</trkpt>
			<trkpt lat="47.604487" lon="18.881024">
				<ele>260.000000</ele>
			</trkpt>
			<trkpt lat="47.604650" lon="18.880620">
				<ele>260.000000</ele>
			</trkpt>
			<trkpt lat="47.604681" lon="18.880531">
				<ele>260.000000</ele>
			</trkpt>
			<trkpt lat="47.604699" lon="18.880458">
				<ele>260.000000</ele>
			</trkpt>
			<trkpt lat="47.604754" lon="18.880225">
				<ele>260.000000</ele>
			</trkpt>
			<trkpt lat="47.604766" lon="18.880171">
				<ele>260.000000</ele>
			</trkpt>
			<trkpt lat="47.604790" lon="18.880063">
				<ele>260.000000</ele>
			</trkpt>
			<trkpt lat="47.604857" lon="18.879659">
				<ele>260.000000</ele>
			</trkpt>
			<trkpt lat="47.604875" lon="18.879542">
				<ele>260.000000</ele>
			</trkpt>
			<trkpt lat="47.604905" lon="18.879326">
				<ele>260.000000</ele>
			</trkpt>
			<trkpt lat="47.604911" lon="18.879246">
				<ele>260.000000</ele>
			</trkpt>
			<trkpt lat="47.604917" lon="18.879210">
				<ele>260.000000</ele>
			</trkpt>
			<trkpt lat="47.604929" lon="18.879173">
				<ele>260.000000</ele>
			</trkpt>
			<trkpt lat="47.604935" lon="18.879137">
				<ele>260.000000</ele>
			</trkpt>
			<trkpt lat="47.604953" lon="18.879084">
				<ele>260.000000</ele>
			</trkpt>
			<trkpt lat="47.604959" lon="18.879057">
				<ele>260.000000</ele>
			</trkpt>
			<trkpt lat="47.604971" lon="18.879030">
				<ele>260.000000</ele>
			</trkpt>
			<trkpt lat="47.605020" lon="18.878913">
				<ele>260.000000</ele>
			</trkpt>
			<trkpt lat="47.605045" lon="18.878850">
				<ele>260.000000</ele>
			</trkpt>
			<trkpt lat="47.605189" lon="18.878338">
				<ele>260.000000</ele>
			</trkpt>
			<trkpt lat="47.605565" lon="18.878590">
				<ele>260.000000</ele>
			</trkpt>
			<trkpt lat="47.605777" lon="18.878670">
				<ele>258.000000</ele>
			</trkpt>
			<trkpt lat="47.605874" lon="18.878697">
				<ele>258.000000</ele>
			</trkpt>
			<trkpt lat="47.605904" lon="18.878707">
				<ele>257.000000</ele>
			</trkpt>
			<trkpt lat="47.605910" lon="18.878707">
				<ele>257.000000</ele>
			</trkpt>
			<trkpt lat="47.605928" lon="18.878697">
				<ele>257.000000</ele>
			</trkpt>
			<trkpt lat="47.605952" lon="18.878697">
				<ele>257.000000</ele>
			</trkpt>
			<trkpt lat="47.605971" lon="18.878688">
				<ele>257.000000</ele>
			</trkpt>
			<trkpt lat="47.606116" lon="18.878626">
				<ele>256.000000</ele>
			</trkpt>
			<trkpt lat="47.606122" lon="18.878617">
				<ele>256.000000</ele>
			</trkpt>
			<trkpt lat="47.606128" lon="18.878617">
				<ele>256.000000</ele>
			</trkpt>
			<trkpt lat="47.606134" lon="18.878617">
				<ele>256.000000</ele>
			</trkpt>
			<trkpt lat="47.606146" lon="18.878617">
				<ele>256.000000</ele>
			</trkpt>
			<trkpt lat="47.606183" lon="18.878626">
				<ele>256.000000</ele>
			</trkpt>
			<trkpt lat="47.606195" lon="18.878626">
				<ele>256.000000</ele>
			</trkpt>
			<trkpt lat="47.606201" lon="18.878626">
				<ele>256.000000</ele>
			</trkpt>
			<trkpt lat="47.606219" lon="18.878644">
				<ele>255.000000</ele>
			</trkpt>
			<trkpt lat="47.606237" lon="18.878653">
				<ele>255.000000</ele>
			</trkpt>
			<trkpt lat="47.606461" lon="18.878860">
				<ele>254.000000</ele>
			</trkpt>
			<trkpt lat="47.606473" lon="18.878868">
				<ele>254.000000</ele>
			</trkpt>
			<trkpt lat="47.606492" lon="18.878877">
				<ele>254.000000</ele>
			</trkpt>
			<trkpt lat="47.606510" lon="18.878877">
				<ele>253.000000</ele>
			</trkpt>
			<trkpt lat="47.606528" lon="18.878877">
				<ele>253.000000</ele>
			</trkpt>
			<trkpt lat="47.606577" lon="18.878868">
				<ele>253.000000</ele>
			</trkpt>
			<trkpt lat="47.606879" lon="18.878814">
				<ele>251.000000</ele>
			</trkpt>
			<trkpt lat="47.606891" lon="18.878814">
				<ele>251.000000</ele>
			</trkpt>
			<trkpt lat="47.606898" lon="18.878814">
				<ele>251.000000</ele>
			</trkpt>
			<trkpt lat="47.606916" lon="18.878814">
				<ele>251.000000</ele>
			</trkpt>
			<trkpt lat="47.606964" lon="18.878833">
				<ele>251.000000</ele>
			</trkpt>
			<trkpt lat="47.607298" lon="18.878967">
				<ele>246.000000</ele>
			</trkpt>
			<trkpt lat="47.607310" lon="18.878976">
				<ele>246.000000</ele>
			</trkpt>
			<trkpt lat="47.607310" lon="18.878986">
				<ele>246.000000</ele>
			</trkpt>
			<trkpt lat="47.607316" lon="18.878986">
				<ele>245.000000</ele>
			</trkpt>
			<trkpt lat="47.607322" lon="18.878994">
				<ele>245.000000</ele>
			</trkpt>
			<trkpt lat="47.607334" lon="18.879021">
				<ele>245.000000</ele>
			</trkpt>
			<trkpt lat="47.607346" lon="18.879039">
				<ele>245.000000</ele>
			</trkpt>
			<trkpt lat="47.607346" lon="18.879047">
				<ele>245.000000</ele>
			</trkpt>
			<trkpt lat="47.607352" lon="18.879066">
				<ele>244.000000</ele>
			</trkpt>
			<trkpt lat="47.607352" lon="18.879084">
				<ele>244.000000</ele>
			</trkpt>
			<trkpt lat="47.607358" lon="18.879110">
				<ele>244.000000</ele>
			</trkpt>
			<trkpt lat="47.607364" lon="18.879147">
				<ele>243.000000</ele>
			</trkpt>
			<trkpt lat="47.607370" lon="18.879200">
				<ele>243.000000</ele>
			</trkpt>
			<trkpt lat="47.607370" lon="18.879210">
				<ele>243.000000</ele>
			</trkpt>
			<trkpt lat="47.607376" lon="18.879210">
				<ele>242.000000</ele>
			</trkpt>
			<trkpt lat="47.607376" lon="18.879219">
				<ele>242.000000</ele>
			</trkpt>
			<trkpt lat="47.607382" lon="18.879227">
				<ele>242.000000</ele>
			</trkpt>
			<trkpt lat="47.607394" lon="18.879236">
				<ele>242.000000</ele>
			</trkpt>
			<trkpt lat="47.607394" lon="18.879246">
				<ele>242.000000</ele>
			</trkpt>
			<trkpt lat="47.607400" lon="18.879246">
				<ele>242.000000</ele>
			</trkpt>
			<trkpt lat="47.607412" lon="18.879254">
				<ele>242.000000</ele>
			</trkpt>
			<trkpt lat="47.607534" lon="18.879336">
				<ele>240.000000</ele>
			</trkpt>
			<trkpt lat="47.607540" lon="18.879336">
				<ele>240.000000</ele>
			</trkpt>
			<trkpt lat="47.607546" lon="18.879336">
				<ele>240.000000</ele>
			</trkpt>
			<trkpt lat="47.607552" lon="18.879336">
				<ele>240.000000</ele>
			</trkpt>
			<trkpt lat="47.607558" lon="18.879344">
				<ele>240.000000</ele>
			</trkpt>
			<trkpt lat="47.607564" lon="18.879344">
				<ele>240.000000</ele>
			</trkpt>
			<trkpt lat="47.607570" lon="18.879344">
				<ele>240.000000</ele>
			</trkpt>
			<trkpt lat="47.607576" lon="18.879344">
				<ele>240.000000</ele>
			</trkpt>
			<trkpt lat="47.607582" lon="18.879353">
				<ele>240.000000</ele>
			</trkpt>
			<trkpt lat="47.607588" lon="18.879353">
				<ele>240.000000</ele>
			</trkpt>
			<trkpt lat="47.607594" lon="18.879362">
				<ele>240.000000</ele>
			</trkpt>
			<trkpt lat="47.607594" lon="18.879372">
				<ele>240.000000</ele>
			</trkpt>
			<trkpt lat="47.607600" lon="18.879389">
				<ele>240.000000</ele>
			</trkpt>
			<trkpt lat="47.607612" lon="18.879407">
				<ele>240.000000</ele>
			</trkpt>
			<trkpt lat="47.607618" lon="18.879426">
				<ele>240.000000</ele>
			</trkpt>
			<trkpt lat="47.607655" lon="18.879479">
				<ele>240.000000</ele>
			</trkpt>
			<trkpt lat="47.607667" lon="18.879497">
				<ele>239.000000</ele>
			</trkpt>
			<trkpt lat="47.607685" lon="18.879515">
				<ele>239.000000</ele>
			</trkpt>
			<trkpt lat="47.607715" lon="18.879542">
				<ele>239.000000</ele>
			</trkpt>
			<trkpt lat="47.607739" lon="18.879560">
				<ele>239.000000</ele>
			</trkpt>
			<trkpt lat="47.607788" lon="18.879596">
				<ele>239.000000</ele>
			</trkpt>
			<trkpt lat="47.607843" lon="18.879523">
				<ele>239.000000</ele>
			</trkpt>
			<trkpt lat="47.607849" lon="18.879515">
				<ele>239.000000</ele>
			</trkpt>
			<trkpt lat="47.607861" lon="18.879506">
				<ele>239.000000</ele>
			</trkpt>
			<trkpt lat="47.607867" lon="18.879506">
				<ele>239.000000</ele>
			</trkpt>
			<trkpt lat="47.607873" lon="18.879506">
				<ele>239.000000</ele>
			</trkpt>
			<trkpt lat="47.607879" lon="18.879497">
				<ele>239.000000</ele>
			</trkpt>
			<trkpt lat="47.607885" lon="18.879497">
				<ele>239.000000</ele>
			</trkpt>
			<trkpt lat="47.607891" lon="18.879497">
				<ele>239.000000</ele>
			</trkpt>
			<trkpt lat="47.607897" lon="18.879506">
				<ele>239.000000</ele>
			</trkpt>
			<trkpt lat="47.608055" lon="18.879829">
				<ele>238.000000</ele>
			</trkpt>
			<trkpt lat="47.608067" lon="18.879848">
				<ele>238.000000</ele>
			</trkpt>
			<trkpt lat="47.608079" lon="18.879875">
				<ele>238.000000</ele>
			</trkpt>
			<trkpt lat="47.608127" lon="18.879938">
				<ele>238.000000</ele>
			</trkpt>
			<trkpt lat="47.608175" lon="18.880000">
				<ele>238.000000</ele>
			</trkpt>
			<trkpt lat="47.608236" lon="18.880081">
				<ele>238.000000</ele>
			</trkpt>
			<trkpt lat="47.608248" lon="18.880099">
				<ele>238.000000</ele>
			</trkpt>
			<trkpt lat="47.608261" lon="18.880118">
				<ele>237.000000</ele>
			</trkpt>
			<trkpt lat="47.608279" lon="18.880162">
				<ele>237.000000</ele>
			</trkpt>
			<trkpt lat="47.608297" lon="18.880215">
				<ele>237.000000</ele>
			</trkpt>
			<trkpt lat="47.608309" lon="18.880261">
				<ele>237.000000</ele>
			</trkpt>
			<trkpt lat="47.608315" lon="18.880278">
				<ele>237.000000</ele>
			</trkpt>
			<trkpt lat="47.608327" lon="18.880324">
				<ele>237.000000</ele>
			</trkpt>
			<trkpt lat="47.608327" lon="18.880342">
				<ele>237.000000</ele>
			</trkpt>
			<trkpt lat="47.608345" lon="18.880386">
				<ele>237.000000</ele>
			</trkpt>
			<trkpt lat="47.608357" lon="18.880414">
				<ele>237.000000</ele>
			</trkpt>
			<trkpt lat="47.608381" lon="18.880441">
				<ele>237.000000</ele>
			</trkpt>
			<trkpt lat="47.608472" lon="18.880548">
				<ele>237.000000</ele>
			</trkpt>
			<trkpt lat="47.608509" lon="18.880602">
				<ele>236.000000</ele>
			</trkpt>
			<trkpt lat="47.608527" lon="18.880638">
				<ele>236.000000</ele>
			</trkpt>
			<trkpt lat="47.608545" lon="18.880665">
				<ele>236.000000</ele>
			</trkpt>
			<trkpt lat="47.608636" lon="18.880871">
				<ele>236.000000</ele>
			</trkpt>
			<trkpt lat="47.608702" lon="18.881034">
				<ele>236.000000</ele>
			</trkpt>
			<trkpt lat="47.608727" lon="18.881078">
				<ele>236.000000</ele>
			</trkpt>
			<trkpt lat="47.608757" lon="18.881131">
				<ele>235.000000</ele>
			</trkpt>
			<trkpt lat="47.608800" lon="18.881194">
				<ele>235.000000</ele>
			</trkpt>
			<trkpt lat="47.608848" lon="18.881276">
				<ele>235.000000</ele>
			</trkpt>
			<trkpt lat="47.608890" lon="18.881330">
				<ele>235.000000</ele>
			</trkpt>
			<trkpt lat="47.608975" lon="18.881447">
				<ele>235.000000</ele>
			</trkpt>
			<trkpt lat="47.609187" lon="18.881689">
				<ele>234.000000</ele>
			</trkpt>
			<trkpt lat="47.609223" lon="18.881734">
				<ele>234.000000</ele>
			</trkpt>
			<trkpt lat="47.609272" lon="18.881797">
				<ele>234.000000</ele>
			</trkpt>
			<trkpt lat="47.609320" lon="18.881877">
				<ele>234.000000</ele>
			</trkpt>
			<trkpt lat="47.609381" lon="18.881994">
				<ele>233.000000</ele>
			</trkpt>
			<trkpt lat="47.609417" lon="18.882076">
				<ele>233.000000</ele>
			</trkpt>
			<trkpt lat="47.609484" lon="18.882273">
				<ele>233.000000</ele>
			</trkpt>
			<trkpt lat="47.609514" lon="18.882345">
				<ele>233.000000</ele>
			</trkpt>
			<trkpt lat="47.609538" lon="18.882399">
				<ele>233.000000</ele>
			</trkpt>
			<trkpt lat="47.609575" lon="18.882462">
				<ele>232.000000</ele>
			</trkpt>
			<trkpt lat="47.609617" lon="18.882533">
				<ele>232.000000</ele>
			</trkpt>
			<trkpt lat="47.609841" lon="18.882839">
				<ele>232.000000</ele>
			</trkpt>
			<trkpt lat="47.609950" lon="18.882992">
				<ele>231.000000</ele>
			</trkpt>
			<trkpt lat="47.610035" lon="18.883108">
				<ele>231.000000</ele>
			</trkpt>
			<trkpt lat="47.610126" lon="18.883261">
				<ele>231.000000</ele>
			</trkpt>
			<trkpt lat="47.610132" lon="18.883279">
				<ele>231.000000</ele>
			</trkpt>
			<trkpt lat="47.610150" lon="18.883297">
				<ele>231.000000</ele>
			</trkpt>
			<trkpt lat="47.610162" lon="18.883315">
				<ele>230.000000</ele>
			</trkpt>
			<trkpt lat="47.610198" lon="18.883334">
				<ele>230.000000</ele>
			</trkpt>
			<trkpt lat="47.610253" lon="18.883378">
				<ele>230.000000</ele>
			</trkpt>
			<trkpt lat="47.610326" lon="18.883414">
				<ele>230.000000</ele>
			</trkpt>
			<trkpt lat="47.610398" lon="18.883450">
				<ele>230.000000</ele>
			</trkpt>
			<trkpt lat="47.610604" lon="18.883540">
				<ele>230.000000</ele>
			</trkpt>
			<trkpt lat="47.610664" lon="18.883567">
				<ele>230.000000</ele>
			</trkpt>
			<trkpt lat="47.610738" lon="18.883594">
				<ele>230.000000</ele>
			</trkpt>
			<trkpt lat="47.611137" lon="18.883665">
				<ele>227.000000</ele>
			</trkpt>
			<trkpt lat="47.611270" lon="18.883665">
				<ele>225.000000</ele>
			</trkpt>
			<trkpt lat="47.611295" lon="18.883674">
				<ele>225.000000</ele>
			</trkpt>
			<trkpt lat="47.611331" lon="18.883674">
				<ele>225.000000</ele>
			</trkpt>
			<trkpt lat="47.611373" lon="18.883684">
				<ele>224.000000</ele>
			</trkpt>
			<trkpt lat="47.611415" lon="18.883701">
				<ele>224.000000</ele>
			</trkpt>
			<trkpt lat="47.611452" lon="18.883720">
				<ele>224.000000</ele>
			</trkpt>
			<trkpt lat="47.611501" lon="18.883747">
				<ele>223.000000</ele>
			</trkpt>
			<trkpt lat="47.611531" lon="18.883764">
				<ele>223.000000</ele>
			</trkpt>
			<trkpt lat="47.611555" lon="18.883773">
				<ele>223.000000</ele>
			</trkpt>
			<trkpt lat="47.611573" lon="18.883781">
				<ele>223.000000</ele>
			</trkpt>
			<trkpt lat="47.611585" lon="18.883781">
				<ele>222.000000</ele>
			</trkpt>
			<trkpt lat="47.611627" lon="18.883764">
				<ele>222.000000</ele>
			</trkpt>
			<trkpt lat="47.611676" lon="18.883737">
				<ele>222.000000</ele>
			</trkpt>
			<trkpt lat="47.611700" lon="18.883728">
				<ele>221.000000</ele>
			</trkpt>
			<trkpt lat="47.611725" lon="18.883728">
				<ele>221.000000</ele>
			</trkpt>
			<trkpt lat="47.611743" lon="18.883728">
				<ele>221.000000</ele>
			</trkpt>
			<trkpt lat="47.611755" lon="18.883728">
				<ele>221.000000</ele>
			</trkpt>
			<trkpt lat="47.611779" lon="18.883720">
				<ele>221.000000</ele>
			</trkpt>
			<trkpt lat="47.611973" lon="18.883907">
				<ele>220.000000</ele>
			</trkpt>
		</trkseg>
	</trk>
</gpx>

