<?xml version="1.0" encoding="utf-8"?>
<gpx xmlns="http://www.topografix.com/GPX/1/1" version="1.1" creator="https://mapy.com/">
	<trk>
		<name>Hernad-attores</name>
		<trkseg>
			<trkpt lat="48.966105" lon="20.386340">
				<ele>550.000000</ele>
			</trkpt>
			<trkpt lat="48.966040" lon="20.386350">
				<ele>550.000000</ele>
			</trkpt>
			<trkpt lat="48.965993" lon="20.386323">
				<ele>550.000000</ele>
			</trkpt>
			<trkpt lat="48.965945" lon="20.386287">
				<ele>550.000000</ele>
			</trkpt>
			<trkpt lat="48.965886" lon="20.386214">
				<ele>550.000000</ele>
			</trkpt>
			<trkpt lat="48.965863" lon="20.386026">
				<ele>550.000000</ele>
			</trkpt>
			<trkpt lat="48.965822" lon="20.385747">
				<ele>550.000000</ele>
			</trkpt>
			<trkpt lat="48.965751" lon="20.385765">
				<ele>550.000000</ele>
			</trkpt>
			<trkpt lat="48.965562" lon="20.385810">
				<ele>550.000000</ele>
			</trkpt>
			<trkpt lat="48.965444" lon="20.385837">
				<ele>550.000000</ele>
			</trkpt>
			<trkpt lat="48.965338" lon="20.385864">
				<ele>550.000000</ele>
			</trkpt>
			<trkpt lat="48.965196" lon="20.385900">
				<ele>550.000000</ele>
			</trkpt>
			<trkpt lat="48.965096" lon="20.385927">
				<ele>550.000000</ele>
			</trkpt>
			<trkpt lat="48.965014" lon="20.385873">
				<ele>550.000000</ele>
			</trkpt>
			<trkpt lat="48.964961" lon="20.385828">
				<ele>550.000000</ele>
			</trkpt>
			<trkpt lat="48.964913" lon="20.385765">
				<ele>550.000000</ele>
			</trkpt>
			<trkpt lat="48.964860" lon="20.385684">
				<ele>550.000000</ele>
			</trkpt>
			<trkpt lat="48.964778" lon="20.385514">
				<ele>550.000000</ele>
			</trkpt>
			<trkpt lat="48.964524" lon="20.385271">
				<ele>550.000000</ele>
			</trkpt>
			<trkpt lat="48.964442" lon="20.385244">
				<ele>550.000000</ele>
			</trkpt>
			<trkpt lat="48.964247" lon="20.385128">
				<ele>550.000000</ele>
			</trkpt>
			<trkpt lat="48.964141" lon="20.385514">
				<ele>550.000000</ele>
			</trkpt>
			<trkpt lat="48.964129" lon="20.385612">
				<ele>550.000000</ele>
			</trkpt>
			<trkpt lat="48.964105" lon="20.385810">
				<ele>550.000000</ele>
			</trkpt>
			<trkpt lat="48.964094" lon="20.385855">
				<ele>550.000000</ele>
			</trkpt>
			<trkpt lat="48.964076" lon="20.385936">
				<ele>550.000000</ele>
			</trkpt>
			<trkpt lat="48.964046" lon="20.386008">
				<ele>550.000000</ele>
			</trkpt>
			<trkpt lat="48.963999" lon="20.386107">
				<ele>550.000000</ele>
			</trkpt>
			<trkpt lat="48.963840" lon="20.386556">
				<ele>550.000000</ele>
			</trkpt>
			<trkpt lat="48.963734" lon="20.386889">
				<ele>550.000000</ele>
			</trkpt>
			<trkpt lat="48.963970" lon="20.387013">
				<ele>550.000000</ele>
			</trkpt>
			<trkpt lat="48.963516" lon="20.388191">
				<ele>550.000000</ele>
			</trkpt>
			<trkpt lat="48.963303" lon="20.388774">
				<ele>550.000000</ele>
			</trkpt>
			<trkpt lat="48.963132" lon="20.389350">
				<ele>550.000000</ele>
			</trkpt>
			<trkpt lat="48.963032" lon="20.389808">
				<ele>550.000000</ele>
			</trkpt>
			<trkpt lat="48.963002" lon="20.390059">
				<ele>550.000000</ele>
			</trkpt>
			<trkpt lat="48.962985" lon="20.390256">
				<ele>550.000000</ele>
			</trkpt>
			<trkpt lat="48.962991" lon="20.390553">
				<ele>550.000000</ele>
			</trkpt>
			<trkpt lat="48.963103" lon="20.392161">
				<ele>550.000000</ele>
			</trkpt>
			<trkpt lat="48.963109" lon="20.392233">
				<ele>550.000000</ele>
			</trkpt>
			<trkpt lat="48.963109" lon="20.392233">
				<ele>550.000000</ele>
			</trkpt>
			<trkpt lat="48.963115" lon="20.392296">
				<ele>550.000000</ele>
			</trkpt>
			<trkpt lat="48.963197" lon="20.392988">
				<ele>550.000000</ele>
			</trkpt>
			<trkpt lat="48.963221" lon="20.393203">
				<ele>550.000000</ele>
			</trkpt>
			<trkpt lat="48.963280" lon="20.393545">
				<ele>550.000000</ele>
			</trkpt>
			<trkpt lat="48.963362" lon="20.393877">
				<ele>550.000000</ele>
			</trkpt>
			<trkpt lat="48.963374" lon="20.393948">
				<ele>550.000000</ele>
			</trkpt>
			<trkpt lat="48.963380" lon="20.394021">
				<ele>550.000000</ele>
			</trkpt>
			<trkpt lat="48.963374" lon="20.394093">
				<ele>550.000000</ele>
			</trkpt>
			<trkpt lat="48.963350" lon="20.394263">
				<ele>550.000000</ele>
			</trkpt>
			<trkpt lat="48.963339" lon="20.394317">
				<ele>550.000000</ele>
			</trkpt>
			<trkpt lat="48.963321" lon="20.394407">
				<ele>550.000000</ele>
			</trkpt>
			<trkpt lat="48.963286" lon="20.394533">
				<ele>550.000000</ele>
			</trkpt>
			<trkpt lat="48.963126" lon="20.394919">
				<ele>550.000000</ele>
			</trkpt>
			<trkpt lat="48.962967" lon="20.395332">
				<ele>550.000000</ele>
			</trkpt>
			<trkpt lat="48.962896" lon="20.395503">
				<ele>550.000000</ele>
			</trkpt>
			<trkpt lat="48.962855" lon="20.395584">
				<ele>551.000000</ele>
			</trkpt>
			<trkpt lat="48.962808" lon="20.395665">
				<ele>552.000000</ele>
			</trkpt>
			<trkpt lat="48.962719" lon="20.395772">
				<ele>553.000000</ele>
			</trkpt>
			<trkpt lat="48.962572" lon="20.395934">
				<ele>555.000000</ele>
			</trkpt>
			<trkpt lat="48.962312" lon="20.396204">
				<ele>558.000000</ele>
			</trkpt>
			<trkpt lat="48.962077" lon="20.396491">
				<ele>560.000000</ele>
			</trkpt>
			<trkpt lat="48.961906" lon="20.396688">
				<ele>560.000000</ele>
			</trkpt>
			<trkpt lat="48.961752" lon="20.396778">
				<ele>560.000000</ele>
			</trkpt>
			<trkpt lat="48.961664" lon="20.396877">
				<ele>560.000000</ele>
			</trkpt>
			<trkpt lat="48.961622" lon="20.396967">
				<ele>560.000000</ele>
			</trkpt>
			<trkpt lat="48.961516" lon="20.397254">
				<ele>560.000000</ele>
			</trkpt>
			<trkpt lat="48.961398" lon="20.397613">
				<ele>560.000000</ele>
			</trkpt>
			<trkpt lat="48.961245" lon="20.398296">
				<ele>560.000000</ele>
			</trkpt>
			<trkpt lat="48.961221" lon="20.398369">
				<ele>560.000000</ele>
			</trkpt>
			<trkpt lat="48.961168" lon="20.398485">
				<ele>560.000000</ele>
			</trkpt>
			<trkpt lat="48.961121" lon="20.398558">
				<ele>560.000000</ele>
			</trkpt>
			<trkpt lat="48.961044" lon="20.398665">
				<ele>560.000000</ele>
			</trkpt>
			<trkpt lat="48.960950" lon="20.398782">
				<ele>560.000000</ele>
			</trkpt>
			<trkpt lat="48.960903" lon="20.398827">
				<ele>560.000000</ele>
			</trkpt>
			<trkpt lat="48.960856" lon="20.398871">
				<ele>560.000000</ele>
			</trkpt>
			<trkpt lat="48.960738" lon="20.398934">
				<ele>560.000000</ele>
			</trkpt>
			<trkpt lat="48.960402" lon="20.399124">
				<ele>560.000000</ele>
			</trkpt>
			<trkpt lat="48.960337" lon="20.399158">
				<ele>560.000000</ele>
			</trkpt>
			<trkpt lat="48.960337" lon="20.399158">
				<ele>560.000000</ele>
			</trkpt>
			<trkpt lat="48.960272" lon="20.399204">
				<ele>560.000000</ele>
			</trkpt>
			<trkpt lat="48.960177" lon="20.399285">
				<ele>560.000000</ele>
			</trkpt>
			<trkpt lat="48.960343" lon="20.399510">
				<ele>560.000000</ele>
			</trkpt>
			<trkpt lat="48.960396" lon="20.399563">
				<ele>560.000000</ele>
			</trkpt>
			<trkpt lat="48.960531" lon="20.399644">
				<ele>560.000000</ele>
			</trkpt>
			<trkpt lat="48.960649" lon="20.399707">
				<ele>559.000000</ele>
			</trkpt>
			<trkpt lat="48.960755" lon="20.399761">
				<ele>559.000000</ele>
			</trkpt>
			<trkpt lat="48.960844" lon="20.399850">
				<ele>558.000000</ele>
			</trkpt>
			<trkpt lat="48.960956" lon="20.399940">
				<ele>558.000000</ele>
			</trkpt>
			<trkpt lat="48.961092" lon="20.400013">
				<ele>557.000000</ele>
			</trkpt>
			<trkpt lat="48.961263" lon="20.400120">
				<ele>556.000000</ele>
			</trkpt>
			<trkpt lat="48.961398" lon="20.400183">
				<ele>555.000000</ele>
			</trkpt>
			<trkpt lat="48.961522" lon="20.400246">
				<ele>555.000000</ele>
			</trkpt>
			<trkpt lat="48.961599" lon="20.400319">
				<ele>554.000000</ele>
			</trkpt>
			<trkpt lat="48.961640" lon="20.400372">
				<ele>554.000000</ele>
			</trkpt>
			<trkpt lat="48.961681" lon="20.400462">
				<ele>554.000000</ele>
			</trkpt>
			<trkpt lat="48.961764" lon="20.400642">
				<ele>553.000000</ele>
			</trkpt>
			<trkpt lat="48.961835" lon="20.400803">
				<ele>552.000000</ele>
			</trkpt>
			<trkpt lat="48.961900" lon="20.400965">
				<ele>552.000000</ele>
			</trkpt>
			<trkpt lat="48.961923" lon="20.401036">
				<ele>552.000000</ele>
			</trkpt>
			<trkpt lat="48.961982" lon="20.401189">
				<ele>551.000000</ele>
			</trkpt>
			<trkpt lat="48.962018" lon="20.401315">
				<ele>551.000000</ele>
			</trkpt>
			<trkpt lat="48.962053" lon="20.401395">
				<ele>550.000000</ele>
			</trkpt>
			<trkpt lat="48.962094" lon="20.401485">
				<ele>550.000000</ele>
			</trkpt>
			<trkpt lat="48.962136" lon="20.401594">
				<ele>548.000000</ele>
			</trkpt>
			<trkpt lat="48.962171" lon="20.401674">
				<ele>547.000000</ele>
			</trkpt>
			<trkpt lat="48.962189" lon="20.401764">
				<ele>545.000000</ele>
			</trkpt>
			<trkpt lat="48.962206" lon="20.401800">
				<ele>545.000000</ele>
			</trkpt>
			<trkpt lat="48.962230" lon="20.401818">
				<ele>544.000000</ele>
			</trkpt>
			<trkpt lat="48.962236" lon="20.401845">
				<ele>544.000000</ele>
			</trkpt>
			<trkpt lat="48.962236" lon="20.401854">
				<ele>544.000000</ele>
			</trkpt>
			<trkpt lat="48.962230" lon="20.401890">
				<ele>543.000000</ele>
			</trkpt>
			<trkpt lat="48.962230" lon="20.401926">
				<ele>543.000000</ele>
			</trkpt>
			<trkpt lat="48.962242" lon="20.401953">
				<ele>542.000000</ele>
			</trkpt>
			<trkpt lat="48.962253" lon="20.401961">
				<ele>542.000000</ele>
			</trkpt>
			<trkpt lat="48.962283" lon="20.401961">
				<ele>542.000000</ele>
			</trkpt>
			<trkpt lat="48.962307" lon="20.401971">
				<ele>541.000000</ele>
			</trkpt>
			<trkpt lat="48.962330" lon="20.401998">
				<ele>540.000000</ele>
			</trkpt>
			<trkpt lat="48.962354" lon="20.402024">
				<ele>540.000000</ele>
			</trkpt>
			<trkpt lat="48.962371" lon="20.402070">
				<ele>540.000000</ele>
			</trkpt>
			<trkpt lat="48.962371" lon="20.402106">
				<ele>540.000000</ele>
			</trkpt>
			<trkpt lat="48.962366" lon="20.402160">
				<ele>540.000000</ele>
			</trkpt>
			<trkpt lat="48.962348" lon="20.402231">
				<ele>539.000000</ele>
			</trkpt>
			<trkpt lat="48.962342" lon="20.402258">
				<ele>539.000000</ele>
			</trkpt>
			<trkpt lat="48.962336" lon="20.402285">
				<ele>539.000000</ele>
			</trkpt>
			<trkpt lat="48.962336" lon="20.402313">
				<ele>539.000000</ele>
			</trkpt>
			<trkpt lat="48.962348" lon="20.402330">
				<ele>539.000000</ele>
			</trkpt>
			<trkpt lat="48.962383" lon="20.402348">
				<ele>539.000000</ele>
			</trkpt>
			<trkpt lat="48.962389" lon="20.402374">
				<ele>539.000000</ele>
			</trkpt>
			<trkpt lat="48.962389" lon="20.402411">
				<ele>539.000000</ele>
			</trkpt>
			<trkpt lat="48.962383" lon="20.402437">
				<ele>539.000000</ele>
			</trkpt>
			<trkpt lat="48.962371" lon="20.402464">
				<ele>539.000000</ele>
			</trkpt>
			<trkpt lat="48.962348" lon="20.402492">
				<ele>538.000000</ele>
			</trkpt>
			<trkpt lat="48.962318" lon="20.402537">
				<ele>538.000000</ele>
			</trkpt>
			<trkpt lat="48.962301" lon="20.402564">
				<ele>538.000000</ele>
			</trkpt>
			<trkpt lat="48.962301" lon="20.402590">
				<ele>538.000000</ele>
			</trkpt>
			<trkpt lat="48.962301" lon="20.402617">
				<ele>538.000000</ele>
			</trkpt>
			<trkpt lat="48.962289" lon="20.402653">
				<ele>538.000000</ele>
			</trkpt>
			<trkpt lat="48.962283" lon="20.402680">
				<ele>538.000000</ele>
			</trkpt>
			<trkpt lat="48.962206" lon="20.402940">
				<ele>538.000000</ele>
			</trkpt>
			<trkpt lat="48.962200" lon="20.402914">
				<ele>538.000000</ele>
			</trkpt>
			<trkpt lat="48.962189" lon="20.402896">
				<ele>538.000000</ele>
			</trkpt>
			<trkpt lat="48.962165" lon="20.402879">
				<ele>538.000000</ele>
			</trkpt>
			<trkpt lat="48.962124" lon="20.402816">
				<ele>538.000000</ele>
			</trkpt>
			<trkpt lat="48.962124" lon="20.402816">
				<ele>538.000000</ele>
			</trkpt>
			<trkpt lat="48.962124" lon="20.402816">
				<ele>538.000000</ele>
			</trkpt>
			<trkpt lat="48.962088" lon="20.402726">
				<ele>538.000000</ele>
			</trkpt>
			<trkpt lat="48.962029" lon="20.402617">
				<ele>538.000000</ele>
			</trkpt>
			<trkpt lat="48.962006" lon="20.402590">
				<ele>538.000000</ele>
			</trkpt>
			<trkpt lat="48.961988" lon="20.402554">
				<ele>538.000000</ele>
			</trkpt>
			<trkpt lat="48.961976" lon="20.402527">
				<ele>538.000000</ele>
			</trkpt>
			<trkpt lat="48.961959" lon="20.402500">
				<ele>538.000000</ele>
			</trkpt>
			<trkpt lat="48.961935" lon="20.402456">
				<ele>538.000000</ele>
			</trkpt>
			<trkpt lat="48.961911" lon="20.402429">
				<ele>538.000000</ele>
			</trkpt>
			<trkpt lat="48.961882" lon="20.402403">
				<ele>537.000000</ele>
			</trkpt>
			<trkpt lat="48.961858" lon="20.402384">
				<ele>537.000000</ele>
			</trkpt>
			<trkpt lat="48.961835" lon="20.402374">
				<ele>537.000000</ele>
			</trkpt>
			<trkpt lat="48.961799" lon="20.402366">
				<ele>537.000000</ele>
			</trkpt>
			<trkpt lat="48.961782" lon="20.402348">
				<ele>537.000000</ele>
			</trkpt>
			<trkpt lat="48.961764" lon="20.402330">
				<ele>537.000000</ele>
			</trkpt>
			<trkpt lat="48.961723" lon="20.402277">
				<ele>537.000000</ele>
			</trkpt>
			<trkpt lat="48.961670" lon="20.402213">
				<ele>537.000000</ele>
			</trkpt>
			<trkpt lat="48.961646" lon="20.402177">
				<ele>537.000000</ele>
			</trkpt>
			<trkpt lat="48.961622" lon="20.402141">
				<ele>537.000000</ele>
			</trkpt>
			<trkpt lat="48.961593" lon="20.402124">
				<ele>537.000000</ele>
			</trkpt>
			<trkpt lat="48.961552" lon="20.402124">
				<ele>537.000000</ele>
			</trkpt>
			<trkpt lat="48.961522" lon="20.402106">
				<ele>537.000000</ele>
			</trkpt>
			<trkpt lat="48.961493" lon="20.402087">
				<ele>537.000000</ele>
			</trkpt>
			<trkpt lat="48.961457" lon="20.402078">
				<ele>537.000000</ele>
			</trkpt>
			<trkpt lat="48.961428" lon="20.402078">
				<ele>537.000000</ele>
			</trkpt>
			<trkpt lat="48.961381" lon="20.402087">
				<ele>537.000000</ele>
			</trkpt>
			<trkpt lat="48.961357" lon="20.402097">
				<ele>537.000000</ele>
			</trkpt>
			<trkpt lat="48.961328" lon="20.402106">
				<ele>537.000000</ele>
			</trkpt>
			<trkpt lat="48.961298" lon="20.402097">
				<ele>537.000000</ele>
			</trkpt>
			<trkpt lat="48.961263" lon="20.402087">
				<ele>537.000000</ele>
			</trkpt>
			<trkpt lat="48.961227" lon="20.402070">
				<ele>536.000000</ele>
			</trkpt>
			<trkpt lat="48.961204" lon="20.402043">
				<ele>536.000000</ele>
			</trkpt>
			<trkpt lat="48.961180" lon="20.402024">
				<ele>536.000000</ele>
			</trkpt>
			<trkpt lat="48.961127" lon="20.402024">
				<ele>536.000000</ele>
			</trkpt>
			<trkpt lat="48.961103" lon="20.402007">
				<ele>536.000000</ele>
			</trkpt>
			<trkpt lat="48.961080" lon="20.402007">
				<ele>536.000000</ele>
			</trkpt>
			<trkpt lat="48.961056" lon="20.402007">
				<ele>536.000000</ele>
			</trkpt>
			<trkpt lat="48.961033" lon="20.402007">
				<ele>536.000000</ele>
			</trkpt>
			<trkpt lat="48.961009" lon="20.401980">
				<ele>536.000000</ele>
			</trkpt>
			<trkpt lat="48.960980" lon="20.401926">
				<ele>536.000000</ele>
			</trkpt>
			<trkpt lat="48.960950" lon="20.401881">
				<ele>536.000000</ele>
			</trkpt>
			<trkpt lat="48.960909" lon="20.401863">
				<ele>536.000000</ele>
			</trkpt>
			<trkpt lat="48.960879" lon="20.401845">
				<ele>536.000000</ele>
			</trkpt>
			<trkpt lat="48.960837" lon="20.401845">
				<ele>536.000000</ele>
			</trkpt>
			<trkpt lat="48.960803" lon="20.401827">
				<ele>536.000000</ele>
			</trkpt>
			<trkpt lat="48.960761" lon="20.401800">
				<ele>536.000000</ele>
			</trkpt>
			<trkpt lat="48.960726" lon="20.401755">
				<ele>536.000000</ele>
			</trkpt>
			<trkpt lat="48.960702" lon="20.401711">
				<ele>536.000000</ele>
			</trkpt>
			<trkpt lat="48.960679" lon="20.401684">
				<ele>536.000000</ele>
			</trkpt>
			<trkpt lat="48.960661" lon="20.401684">
				<ele>536.000000</ele>
			</trkpt>
			<trkpt lat="48.960607" lon="20.401657">
				<ele>535.000000</ele>
			</trkpt>
			<trkpt lat="48.960584" lon="20.401611">
				<ele>535.000000</ele>
			</trkpt>
			<trkpt lat="48.960555" lon="20.401567">
				<ele>535.000000</ele>
			</trkpt>
			<trkpt lat="48.960525" lon="20.401548">
				<ele>535.000000</ele>
			</trkpt>
			<trkpt lat="48.960490" lon="20.401548">
				<ele>535.000000</ele>
			</trkpt>
			<trkpt lat="48.960455" lon="20.401540">
				<ele>535.000000</ele>
			</trkpt>
			<trkpt lat="48.960431" lon="20.401531">
				<ele>535.000000</ele>
			</trkpt>
			<trkpt lat="48.960407" lon="20.401485">
				<ele>535.000000</ele>
			</trkpt>
			<trkpt lat="48.960390" lon="20.401468">
				<ele>535.000000</ele>
			</trkpt>
			<trkpt lat="48.960348" lon="20.401450">
				<ele>535.000000</ele>
			</trkpt>
			<trkpt lat="48.960318" lon="20.401450">
				<ele>535.000000</ele>
			</trkpt>
			<trkpt lat="48.960295" lon="20.401441">
				<ele>535.000000</ele>
			</trkpt>
			<trkpt lat="48.960284" lon="20.401414">
				<ele>535.000000</ele>
			</trkpt>
			<trkpt lat="48.960266" lon="20.401414">
				<ele>535.000000</ele>
			</trkpt>
			<trkpt lat="48.960242" lon="20.401414">
				<ele>535.000000</ele>
			</trkpt>
			<trkpt lat="48.960230" lon="20.401414">
				<ele>535.000000</ele>
			</trkpt>
			<trkpt lat="48.960213" lon="20.401405">
				<ele>535.000000</ele>
			</trkpt>
			<trkpt lat="48.960200" lon="20.401387">
				<ele>535.000000</ele>
			</trkpt>
			<trkpt lat="48.960189" lon="20.401378">
				<ele>535.000000</ele>
			</trkpt>
			<trkpt lat="48.960118" lon="20.401369">
				<ele>535.000000</ele>
			</trkpt>
			<trkpt lat="48.960077" lon="20.401369">
				<ele>535.000000</ele>
			</trkpt>
			<trkpt lat="48.960029" lon="20.401361">
				<ele>535.000000</ele>
			</trkpt>
			<trkpt lat="48.959977" lon="20.401342">
				<ele>534.000000</ele>
			</trkpt>
			<trkpt lat="48.959936" lon="20.401342">
				<ele>534.000000</ele>
			</trkpt>
			<trkpt lat="48.959900" lon="20.401361">
				<ele>534.000000</ele>
			</trkpt>
			<trkpt lat="48.959877" lon="20.401361">
				<ele>534.000000</ele>
			</trkpt>
			<trkpt lat="48.959847" lon="20.401342">
				<ele>534.000000</ele>
			</trkpt>
			<trkpt lat="48.959824" lon="20.401332">
				<ele>534.000000</ele>
			</trkpt>
			<trkpt lat="48.959788" lon="20.401332">
				<ele>534.000000</ele>
			</trkpt>
			<trkpt lat="48.959759" lon="20.401332">
				<ele>534.000000</ele>
			</trkpt>
			<trkpt lat="48.959723" lon="20.401342">
				<ele>534.000000</ele>
			</trkpt>
			<trkpt lat="48.959652" lon="20.401369">
				<ele>534.000000</ele>
			</trkpt>
			<trkpt lat="48.959594" lon="20.401405">
				<ele>534.000000</ele>
			</trkpt>
			<trkpt lat="48.959564" lon="20.401414">
				<ele>534.000000</ele>
			</trkpt>
			<trkpt lat="48.959535" lon="20.401405">
				<ele>534.000000</ele>
			</trkpt>
			<trkpt lat="48.959517" lon="20.401395">
				<ele>534.000000</ele>
			</trkpt>
			<trkpt lat="48.959493" lon="20.401414">
				<ele>534.000000</ele>
			</trkpt>
			<trkpt lat="48.959464" lon="20.401422">
				<ele>534.000000</ele>
			</trkpt>
			<trkpt lat="48.959411" lon="20.401441">
				<ele>534.000000</ele>
			</trkpt>
			<trkpt lat="48.959346" lon="20.401477">
				<ele>534.000000</ele>
			</trkpt>
			<trkpt lat="48.959328" lon="20.401495">
				<ele>534.000000</ele>
			</trkpt>
			<trkpt lat="48.959310" lon="20.401495">
				<ele>534.000000</ele>
			</trkpt>
			<trkpt lat="48.959299" lon="20.401504">
				<ele>533.000000</ele>
			</trkpt>
			<trkpt lat="48.959280" lon="20.401521">
				<ele>533.000000</ele>
			</trkpt>
			<trkpt lat="48.959263" lon="20.401540">
				<ele>533.000000</ele>
			</trkpt>
			<trkpt lat="48.959240" lon="20.401558">
				<ele>533.000000</ele>
			</trkpt>
			<trkpt lat="48.959192" lon="20.401594">
				<ele>533.000000</ele>
			</trkpt>
			<trkpt lat="48.959175" lon="20.401630">
				<ele>533.000000</ele>
			</trkpt>
			<trkpt lat="48.959162" lon="20.401665">
				<ele>533.000000</ele>
			</trkpt>
			<trkpt lat="48.959157" lon="20.401711">
				<ele>533.000000</ele>
			</trkpt>
			<trkpt lat="48.959139" lon="20.401728">
				<ele>533.000000</ele>
			</trkpt>
			<trkpt lat="48.959098" lon="20.401800">
				<ele>533.000000</ele>
			</trkpt>
			<trkpt lat="48.959063" lon="20.401863">
				<ele>533.000000</ele>
			</trkpt>
			<trkpt lat="48.958968" lon="20.402061">
				<ele>533.000000</ele>
			</trkpt>
			<trkpt lat="48.958909" lon="20.402187">
				<ele>533.000000</ele>
			</trkpt>
			<trkpt lat="48.958886" lon="20.402240">
				<ele>533.000000</ele>
			</trkpt>
			<trkpt lat="48.958886" lon="20.402294">
				<ele>533.000000</ele>
			</trkpt>
			<trkpt lat="48.958873" lon="20.402393">
				<ele>532.000000</ele>
			</trkpt>
			<trkpt lat="48.958868" lon="20.402437">
				<ele>532.000000</ele>
			</trkpt>
			<trkpt lat="48.958862" lon="20.402483">
				<ele>532.000000</ele>
			</trkpt>
			<trkpt lat="48.958879" lon="20.402546">
				<ele>532.000000</ele>
			</trkpt>
			<trkpt lat="48.958879" lon="20.402627">
				<ele>532.000000</ele>
			</trkpt>
			<trkpt lat="48.958886" lon="20.402690">
				<ele>532.000000</ele>
			</trkpt>
			<trkpt lat="48.958886" lon="20.402734">
				<ele>532.000000</ele>
			</trkpt>
			<trkpt lat="48.958886" lon="20.402789">
				<ele>532.000000</ele>
			</trkpt>
			<trkpt lat="48.958892" lon="20.402833">
				<ele>532.000000</ele>
			</trkpt>
			<trkpt lat="48.958892" lon="20.402833">
				<ele>532.000000</ele>
			</trkpt>
			<trkpt lat="48.958892" lon="20.402833">
				<ele>532.000000</ele>
			</trkpt>
			<trkpt lat="48.958868" lon="20.402959">
				<ele>532.000000</ele>
			</trkpt>
			<trkpt lat="48.958856" lon="20.403040">
				<ele>532.000000</ele>
			</trkpt>
			<trkpt lat="48.958827" lon="20.403103">
				<ele>532.000000</ele>
			</trkpt>
			<trkpt lat="48.958809" lon="20.403156">
				<ele>532.000000</ele>
			</trkpt>
			<trkpt lat="48.958809" lon="20.403183">
				<ele>532.000000</ele>
			</trkpt>
			<trkpt lat="48.958785" lon="20.403282">
				<ele>532.000000</ele>
			</trkpt>
			<trkpt lat="48.958780" lon="20.403327">
				<ele>532.000000</ele>
			</trkpt>
			<trkpt lat="48.958774" lon="20.403345">
				<ele>532.000000</ele>
			</trkpt>
			<trkpt lat="48.958774" lon="20.403372">
				<ele>531.000000</ele>
			</trkpt>
			<trkpt lat="48.958755" lon="20.403416">
				<ele>531.000000</ele>
			</trkpt>
			<trkpt lat="48.958732" lon="20.403462">
				<ele>531.000000</ele>
			</trkpt>
			<trkpt lat="48.958708" lon="20.403525">
				<ele>531.000000</ele>
			</trkpt>
			<trkpt lat="48.958685" lon="20.403642">
				<ele>531.000000</ele>
			</trkpt>
			<trkpt lat="48.958673" lon="20.403722">
				<ele>531.000000</ele>
			</trkpt>
			<trkpt lat="48.958662" lon="20.403776">
				<ele>531.000000</ele>
			</trkpt>
			<trkpt lat="48.958643" lon="20.403803">
				<ele>531.000000</ele>
			</trkpt>
			<trkpt lat="48.958632" lon="20.403821">
				<ele>531.000000</ele>
			</trkpt>
			<trkpt lat="48.958609" lon="20.403831">
				<ele>531.000000</ele>
			</trkpt>
			<trkpt lat="48.958590" lon="20.403848">
				<ele>531.000000</ele>
			</trkpt>
			<trkpt lat="48.958561" lon="20.403902">
				<ele>531.000000</ele>
			</trkpt>
			<trkpt lat="48.958538" lon="20.403982">
				<ele>531.000000</ele>
			</trkpt>
			<trkpt lat="48.958508" lon="20.404055">
				<ele>531.000000</ele>
			</trkpt>
			<trkpt lat="48.958491" lon="20.404100">
				<ele>531.000000</ele>
			</trkpt>
			<trkpt lat="48.958472" lon="20.404135">
				<ele>531.000000</ele>
			</trkpt>
			<trkpt lat="48.958449" lon="20.404154">
				<ele>531.000000</ele>
			</trkpt>
			<trkpt lat="48.958426" lon="20.404171">
				<ele>531.000000</ele>
			</trkpt>
			<trkpt lat="48.958402" lon="20.404190">
				<ele>531.000000</ele>
			</trkpt>
			<trkpt lat="48.958354" lon="20.404208">
				<ele>530.000000</ele>
			</trkpt>
			<trkpt lat="48.958337" lon="20.404198">
				<ele>530.000000</ele>
			</trkpt>
			<trkpt lat="48.958325" lon="20.404208">
				<ele>530.000000</ele>
			</trkpt>
			<trkpt lat="48.958290" lon="20.404217">
				<ele>530.000000</ele>
			</trkpt>
			<trkpt lat="48.958266" lon="20.404225">
				<ele>530.000000</ele>
			</trkpt>
			<trkpt lat="48.958242" lon="20.404252">
				<ele>530.000000</ele>
			</trkpt>
			<trkpt lat="48.958207" lon="20.404280">
				<ele>530.000000</ele>
			</trkpt>
			<trkpt lat="48.958172" lon="20.404342">
				<ele>530.000000</ele>
			</trkpt>
			<trkpt lat="48.958154" lon="20.404378">
				<ele>530.000000</ele>
			</trkpt>
			<trkpt lat="48.958113" lon="20.404432">
				<ele>530.000000</ele>
			</trkpt>
			<trkpt lat="48.958084" lon="20.404441">
				<ele>530.000000</ele>
			</trkpt>
			<trkpt lat="48.958065" lon="20.404441">
				<ele>530.000000</ele>
			</trkpt>
			<trkpt lat="48.958048" lon="20.404458">
				<ele>530.000000</ele>
			</trkpt>
			<trkpt lat="48.958042" lon="20.404487">
				<ele>530.000000</ele>
			</trkpt>
			<trkpt lat="48.958012" lon="20.404495">
				<ele>530.000000</ele>
			</trkpt>
			<trkpt lat="48.957959" lon="20.404495">
				<ele>530.000000</ele>
			</trkpt>
			<trkpt lat="48.957913" lon="20.404531">
				<ele>530.000000</ele>
			</trkpt>
			<trkpt lat="48.957877" lon="20.404585">
				<ele>530.000000</ele>
			</trkpt>
			<trkpt lat="48.957841" lon="20.404648">
				<ele>530.000000</ele>
			</trkpt>
			<trkpt lat="48.957795" lon="20.404764">
				<ele>530.000000</ele>
			</trkpt>
			<trkpt lat="48.957782" lon="20.404827">
				<ele>530.000000</ele>
			</trkpt>
			<trkpt lat="48.957765" lon="20.404917">
				<ele>530.000000</ele>
			</trkpt>
			<trkpt lat="48.957753" lon="20.404963">
				<ele>530.000000</ele>
			</trkpt>
			<trkpt lat="48.957706" lon="20.405070">
				<ele>530.000000</ele>
			</trkpt>
			<trkpt lat="48.957694" lon="20.405160">
				<ele>530.000000</ele>
			</trkpt>
			<trkpt lat="48.957688" lon="20.405240">
				<ele>530.000000</ele>
			</trkpt>
			<trkpt lat="48.957694" lon="20.405313">
				<ele>530.000000</ele>
			</trkpt>
			<trkpt lat="48.957688" lon="20.405376">
				<ele>530.000000</ele>
			</trkpt>
			<trkpt lat="48.957658" lon="20.405439">
				<ele>530.000000</ele>
			</trkpt>
			<trkpt lat="48.957641" lon="20.405519">
				<ele>530.000000</ele>
			</trkpt>
			<trkpt lat="48.957624" lon="20.405627">
				<ele>530.000000</ele>
			</trkpt>
			<trkpt lat="48.957611" lon="20.405699">
				<ele>530.000000</ele>
			</trkpt>
			<trkpt lat="48.957605" lon="20.405789">
				<ele>530.000000</ele>
			</trkpt>
			<trkpt lat="48.957582" lon="20.405833">
				<ele>530.000000</ele>
			</trkpt>
			<trkpt lat="48.957540" lon="20.405888">
				<ele>530.000000</ele>
			</trkpt>
			<trkpt lat="48.957511" lon="20.405969">
				<ele>530.000000</ele>
			</trkpt>
			<trkpt lat="48.957481" lon="20.406049">
				<ele>530.000000</ele>
			</trkpt>
			<trkpt lat="48.957447" lon="20.406085">
				<ele>530.000000</ele>
			</trkpt>
			<trkpt lat="48.957422" lon="20.406112">
				<ele>530.000000</ele>
			</trkpt>
			<trkpt lat="48.957399" lon="20.406139">
				<ele>530.000000</ele>
			</trkpt>
			<trkpt lat="48.957388" lon="20.406156">
				<ele>530.000000</ele>
			</trkpt>
			<trkpt lat="48.957381" lon="20.406202">
				<ele>530.000000</ele>
			</trkpt>
			<trkpt lat="48.957358" lon="20.406238">
				<ele>530.000000</ele>
			</trkpt>
			<trkpt lat="48.957346" lon="20.406256">
				<ele>530.000000</ele>
			</trkpt>
			<trkpt lat="48.957340" lon="20.406292">
				<ele>530.000000</ele>
			</trkpt>
			<trkpt lat="48.957316" lon="20.406336">
				<ele>530.000000</ele>
			</trkpt>
			<trkpt lat="48.957299" lon="20.406372">
				<ele>530.000000</ele>
			</trkpt>
			<trkpt lat="48.957269" lon="20.406391">
				<ele>530.000000</ele>
			</trkpt>
			<trkpt lat="48.957251" lon="20.406408">
				<ele>530.000000</ele>
			</trkpt>
			<trkpt lat="48.957234" lon="20.406418">
				<ele>530.000000</ele>
			</trkpt>
			<trkpt lat="48.957217" lon="20.406435">
				<ele>530.000000</ele>
			</trkpt>
			<trkpt lat="48.957210" lon="20.406489">
				<ele>531.000000</ele>
			</trkpt>
			<trkpt lat="48.957217" lon="20.406525">
				<ele>532.000000</ele>
			</trkpt>
			<trkpt lat="48.957210" lon="20.406552">
				<ele>532.000000</ele>
			</trkpt>
			<trkpt lat="48.957204" lon="20.406571">
				<ele>533.000000</ele>
			</trkpt>
			<trkpt lat="48.957187" lon="20.406579">
				<ele>533.000000</ele>
			</trkpt>
			<trkpt lat="48.957169" lon="20.406588">
				<ele>534.000000</ele>
			</trkpt>
			<trkpt lat="48.957133" lon="20.406624">
				<ele>535.000000</ele>
			</trkpt>
			<trkpt lat="48.957092" lon="20.406687">
				<ele>536.000000</ele>
			</trkpt>
			<trkpt lat="48.957069" lon="20.406732">
				<ele>538.000000</ele>
			</trkpt>
			<trkpt lat="48.957057" lon="20.406758">
				<ele>538.000000</ele>
			</trkpt>
			<trkpt lat="48.957051" lon="20.406777">
				<ele>539.000000</ele>
			</trkpt>
			<trkpt lat="48.957033" lon="20.406785">
				<ele>539.000000</ele>
			</trkpt>
			<trkpt lat="48.957021" lon="20.406795">
				<ele>539.000000</ele>
			</trkpt>
			<trkpt lat="48.957010" lon="20.406795">
				<ele>540.000000</ele>
			</trkpt>
			<trkpt lat="48.956992" lon="20.406812">
				<ele>540.000000</ele>
			</trkpt>
			<trkpt lat="48.956968" lon="20.406840">
				<ele>539.000000</ele>
			</trkpt>
			<trkpt lat="48.956962" lon="20.406858">
				<ele>538.000000</ele>
			</trkpt>
			<trkpt lat="48.956957" lon="20.406858">
				<ele>538.000000</ele>
			</trkpt>
			<trkpt lat="48.956945" lon="20.406867">
				<ele>537.000000</ele>
			</trkpt>
			<trkpt lat="48.956928" lon="20.406894">
				<ele>536.000000</ele>
			</trkpt>
			<trkpt lat="48.956903" lon="20.406921">
				<ele>535.000000</ele>
			</trkpt>
			<trkpt lat="48.956862" lon="20.406992">
				<ele>533.000000</ele>
			</trkpt>
			<trkpt lat="48.956815" lon="20.407019">
				<ele>531.000000</ele>
			</trkpt>
			<trkpt lat="48.956768" lon="20.407047">
				<ele>530.000000</ele>
			</trkpt>
			<trkpt lat="48.956756" lon="20.407064">
				<ele>530.000000</ele>
			</trkpt>
			<trkpt lat="48.956756" lon="20.407100">
				<ele>530.000000</ele>
			</trkpt>
			<trkpt lat="48.956744" lon="20.407118">
				<ele>530.000000</ele>
			</trkpt>
			<trkpt lat="48.956721" lon="20.407127">
				<ele>530.000000</ele>
			</trkpt>
			<trkpt lat="48.956691" lon="20.407137">
				<ele>530.000000</ele>
			</trkpt>
			<trkpt lat="48.956662" lon="20.407172">
				<ele>530.000000</ele>
			</trkpt>
			<trkpt lat="48.956632" lon="20.407217">
				<ele>530.000000</ele>
			</trkpt>
			<trkpt lat="48.956585" lon="20.407334">
				<ele>530.000000</ele>
			</trkpt>
			<trkpt lat="48.956567" lon="20.407424">
				<ele>530.000000</ele>
			</trkpt>
			<trkpt lat="48.956561" lon="20.407531">
				<ele>530.000000</ele>
			</trkpt>
			<trkpt lat="48.956555" lon="20.407693">
				<ele>530.000000</ele>
			</trkpt>
			<trkpt lat="48.956561" lon="20.407792">
				<ele>530.000000</ele>
			</trkpt>
			<trkpt lat="48.956555" lon="20.407873">
				<ele>530.000000</ele>
			</trkpt>
			<trkpt lat="48.956532" lon="20.408007">
				<ele>530.000000</ele>
			</trkpt>
			<trkpt lat="48.956526" lon="20.408070">
				<ele>530.000000</ele>
			</trkpt>
			<trkpt lat="48.956526" lon="20.408160">
				<ele>530.000000</ele>
			</trkpt>
			<trkpt lat="48.956544" lon="20.408223">
				<ele>530.000000</ele>
			</trkpt>
			<trkpt lat="48.956561" lon="20.408277">
				<ele>530.000000</ele>
			</trkpt>
			<trkpt lat="48.956620" lon="20.408322">
				<ele>530.000000</ele>
			</trkpt>
			<trkpt lat="48.956650" lon="20.408349">
				<ele>530.000000</ele>
			</trkpt>
			<trkpt lat="48.956697" lon="20.408403">
				<ele>530.000000</ele>
			</trkpt>
			<trkpt lat="48.956744" lon="20.408483">
				<ele>530.000000</ele>
			</trkpt>
			<trkpt lat="48.956785" lon="20.408546">
				<ele>530.000000</ele>
			</trkpt>
			<trkpt lat="48.956803" lon="20.408600">
				<ele>530.000000</ele>
			</trkpt>
			<trkpt lat="48.956803" lon="20.408663">
				<ele>530.000000</ele>
			</trkpt>
			<trkpt lat="48.956809" lon="20.408726">
				<ele>530.000000</ele>
			</trkpt>
			<trkpt lat="48.956833" lon="20.408806">
				<ele>530.000000</ele>
			</trkpt>
			<trkpt lat="48.956862" lon="20.408869">
				<ele>530.000000</ele>
			</trkpt>
			<trkpt lat="48.956921" lon="20.408986">
				<ele>530.000000</ele>
			</trkpt>
			<trkpt lat="48.956968" lon="20.409112">
				<ele>530.000000</ele>
			</trkpt>
			<trkpt lat="48.956998" lon="20.409211">
				<ele>530.000000</ele>
			</trkpt>
			<trkpt lat="48.957021" lon="20.409238">
				<ele>530.000000</ele>
			</trkpt>
			<trkpt lat="48.957039" lon="20.409265">
				<ele>530.000000</ele>
			</trkpt>
			<trkpt lat="48.957051" lon="20.409319">
				<ele>530.000000</ele>
			</trkpt>
			<trkpt lat="48.957057" lon="20.409400">
				<ele>530.000000</ele>
			</trkpt>
			<trkpt lat="48.957045" lon="20.409435">
				<ele>530.000000</ele>
			</trkpt>
			<trkpt lat="48.957045" lon="20.409472">
				<ele>530.000000</ele>
			</trkpt>
			<trkpt lat="48.957033" lon="20.409508">
				<ele>530.000000</ele>
			</trkpt>
			<trkpt lat="48.957045" lon="20.409571">
				<ele>530.000000</ele>
			</trkpt>
			<trkpt lat="48.957033" lon="20.409634">
				<ele>530.000000</ele>
			</trkpt>
			<trkpt lat="48.957051" lon="20.409714">
				<ele>530.000000</ele>
			</trkpt>
			<trkpt lat="48.957069" lon="20.409750">
				<ele>530.000000</ele>
			</trkpt>
			<trkpt lat="48.957074" lon="20.409787">
				<ele>530.000000</ele>
			</trkpt>
			<trkpt lat="48.957086" lon="20.409903">
				<ele>530.000000</ele>
			</trkpt>
			<trkpt lat="48.957092" lon="20.409966">
				<ele>530.000000</ele>
			</trkpt>
			<trkpt lat="48.957092" lon="20.410011">
				<ele>530.000000</ele>
			</trkpt>
			<trkpt lat="48.957086" lon="20.410047">
				<ele>530.000000</ele>
			</trkpt>
			<trkpt lat="48.957080" lon="20.410083">
				<ele>530.000000</ele>
			</trkpt>
			<trkpt lat="48.957069" lon="20.410127">
				<ele>530.000000</ele>
			</trkpt>
			<trkpt lat="48.957063" lon="20.410200">
				<ele>530.000000</ele>
			</trkpt>
			<trkpt lat="48.957045" lon="20.410271">
				<ele>530.000000</ele>
			</trkpt>
			<trkpt lat="48.957033" lon="20.410353">
				<ele>530.000000</ele>
			</trkpt>
			<trkpt lat="48.957027" lon="20.410433">
				<ele>530.000000</ele>
			</trkpt>
			<trkpt lat="48.957027" lon="20.410487">
				<ele>530.000000</ele>
			</trkpt>
			<trkpt lat="48.957016" lon="20.410559">
				<ele>530.000000</ele>
			</trkpt>
			<trkpt lat="48.957010" lon="20.410657">
				<ele>530.000000</ele>
			</trkpt>
			<trkpt lat="48.957010" lon="20.410756">
				<ele>530.000000</ele>
			</trkpt>
			<trkpt lat="48.957016" lon="20.410837">
				<ele>530.000000</ele>
			</trkpt>
			<trkpt lat="48.957033" lon="20.410900">
				<ele>530.000000</ele>
			</trkpt>
			<trkpt lat="48.957063" lon="20.410963">
				<ele>530.000000</ele>
			</trkpt>
			<trkpt lat="48.957104" lon="20.411016">
				<ele>530.000000</ele>
			</trkpt>
			<trkpt lat="48.957133" lon="20.411035">
				<ele>530.000000</ele>
			</trkpt>
			<trkpt lat="48.957181" lon="20.411035">
				<ele>530.000000</ele>
			</trkpt>
			<trkpt lat="48.957204" lon="20.411053">
				<ele>530.000000</ele>
			</trkpt>
			<trkpt lat="48.957228" lon="20.411089">
				<ele>530.000000</ele>
			</trkpt>
			<trkpt lat="48.957276" lon="20.411160">
				<ele>530.000000</ele>
			</trkpt>
			<trkpt lat="48.957328" lon="20.411206">
				<ele>530.000000</ele>
			</trkpt>
			<trkpt lat="48.957381" lon="20.411242">
				<ele>530.000000</ele>
			</trkpt>
			<trkpt lat="48.957434" lon="20.411269">
				<ele>530.000000</ele>
			</trkpt>
			<trkpt lat="48.957493" lon="20.411313">
				<ele>530.000000</ele>
			</trkpt>
			<trkpt lat="48.957552" lon="20.411322">
				<ele>530.000000</ele>
			</trkpt>
			<trkpt lat="48.957588" lon="20.411322">
				<ele>530.000000</ele>
			</trkpt>
			<trkpt lat="48.957611" lon="20.411340">
				<ele>530.000000</ele>
			</trkpt>
			<trkpt lat="48.957641" lon="20.411385">
				<ele>530.000000</ele>
			</trkpt>
			<trkpt lat="48.957670" lon="20.411466">
				<ele>530.000000</ele>
			</trkpt>
			<trkpt lat="48.957706" lon="20.411565">
				<ele>530.000000</ele>
			</trkpt>
			<trkpt lat="48.957711" lon="20.411609">
				<ele>530.000000</ele>
			</trkpt>
			<trkpt lat="48.957717" lon="20.411655">
				<ele>530.000000</ele>
			</trkpt>
			<trkpt lat="48.957723" lon="20.411699">
				<ele>530.000000</ele>
			</trkpt>
			<trkpt lat="48.957723" lon="20.411726">
				<ele>530.000000</ele>
			</trkpt>
			<trkpt lat="48.957741" lon="20.411745">
				<ele>530.000000</ele>
			</trkpt>
			<trkpt lat="48.957759" lon="20.411762">
				<ele>530.000000</ele>
			</trkpt>
			<trkpt lat="48.957776" lon="20.411798">
				<ele>530.000000</ele>
			</trkpt>
			<trkpt lat="48.957782" lon="20.411835">
				<ele>530.000000</ele>
			</trkpt>
			<trkpt lat="48.957806" lon="20.411871">
				<ele>530.000000</ele>
			</trkpt>
			<trkpt lat="48.957829" lon="20.411879">
				<ele>530.000000</ele>
			</trkpt>
			<trkpt lat="48.957848" lon="20.411888">
				<ele>530.000000</ele>
			</trkpt>
			<trkpt lat="48.957871" lon="20.411924">
				<ele>530.000000</ele>
			</trkpt>
			<trkpt lat="48.957888" lon="20.411969">
				<ele>530.000000</ele>
			</trkpt>
			<trkpt lat="48.957894" lon="20.412014">
				<ele>530.000000</ele>
			</trkpt>
			<trkpt lat="48.957894" lon="20.412050">
				<ele>530.000000</ele>
			</trkpt>
			<trkpt lat="48.957907" lon="20.412085">
				<ele>530.000000</ele>
			</trkpt>
			<trkpt lat="48.957924" lon="20.412122">
				<ele>530.000000</ele>
			</trkpt>
			<trkpt lat="48.957972" lon="20.412175">
				<ele>530.000000</ele>
			</trkpt>
			<trkpt lat="48.957995" lon="20.412221">
				<ele>530.000000</ele>
			</trkpt>
			<trkpt lat="48.958025" lon="20.412284">
				<ele>530.000000</ele>
			</trkpt>
			<trkpt lat="48.958030" lon="20.412328">
				<ele>530.000000</ele>
			</trkpt>
			<trkpt lat="48.958030" lon="20.412391">
				<ele>530.000000</ele>
			</trkpt>
			<trkpt lat="48.958042" lon="20.412472">
				<ele>530.000000</ele>
			</trkpt>
			<trkpt lat="48.958030" lon="20.412498">
				<ele>530.000000</ele>
			</trkpt>
			<trkpt lat="48.958030" lon="20.412527">
				<ele>530.000000</ele>
			</trkpt>
			<trkpt lat="48.958042" lon="20.412544">
				<ele>530.000000</ele>
			</trkpt>
			<trkpt lat="48.958059" lon="20.412553">
				<ele>530.000000</ele>
			</trkpt>
			<trkpt lat="48.958084" lon="20.412634">
				<ele>530.000000</ele>
			</trkpt>
			<trkpt lat="48.958089" lon="20.412688">
				<ele>530.000000</ele>
			</trkpt>
			<trkpt lat="48.958084" lon="20.412724">
				<ele>530.000000</ele>
			</trkpt>
			<trkpt lat="48.958084" lon="20.412768">
				<ele>530.000000</ele>
			</trkpt>
			<trkpt lat="48.958089" lon="20.412796">
				<ele>530.000000</ele>
			</trkpt>
			<trkpt lat="48.958113" lon="20.412823">
				<ele>530.000000</ele>
			</trkpt>
			<trkpt lat="48.958118" lon="20.412850">
				<ele>530.000000</ele>
			</trkpt>
			<trkpt lat="48.958113" lon="20.412903">
				<ele>530.000000</ele>
			</trkpt>
			<trkpt lat="48.958113" lon="20.413011">
				<ele>530.000000</ele>
			</trkpt>
			<trkpt lat="48.958118" lon="20.413093">
				<ele>530.000000</ele>
			</trkpt>
			<trkpt lat="48.958130" lon="20.413173">
				<ele>530.000000</ele>
			</trkpt>
			<trkpt lat="48.958130" lon="20.413217">
				<ele>530.000000</ele>
			</trkpt>
			<trkpt lat="48.958124" lon="20.413253">
				<ele>530.000000</ele>
			</trkpt>
			<trkpt lat="48.958107" lon="20.413307">
				<ele>530.000000</ele>
			</trkpt>
			<trkpt lat="48.958107" lon="20.413353">
				<ele>530.000000</ele>
			</trkpt>
			<trkpt lat="48.958113" lon="20.413433">
				<ele>530.000000</ele>
			</trkpt>
			<trkpt lat="48.958113" lon="20.413496">
				<ele>530.000000</ele>
			</trkpt>
			<trkpt lat="48.958095" lon="20.413550">
				<ele>530.000000</ele>
			</trkpt>
			<trkpt lat="48.958084" lon="20.413630">
				<ele>530.000000</ele>
			</trkpt>
			<trkpt lat="48.958084" lon="20.413649">
				<ele>530.000000</ele>
			</trkpt>
			<trkpt lat="48.958084" lon="20.413667">
				<ele>530.000000</ele>
			</trkpt>
			<trkpt lat="48.958084" lon="20.413685">
				<ele>530.000000</ele>
			</trkpt>
			<trkpt lat="48.958089" lon="20.413703">
				<ele>530.000000</ele>
			</trkpt>
			<trkpt lat="48.958089" lon="20.413730">
				<ele>530.000000</ele>
			</trkpt>
			<trkpt lat="48.958107" lon="20.413766">
				<ele>530.000000</ele>
			</trkpt>
			<trkpt lat="48.958113" lon="20.413802">
				<ele>530.000000</ele>
			</trkpt>
			<trkpt lat="48.958107" lon="20.413856">
				<ele>530.000000</ele>
			</trkpt>
			<trkpt lat="48.958101" lon="20.413945">
				<ele>530.000000</ele>
			</trkpt>
			<trkpt lat="48.958089" lon="20.414008">
				<ele>530.000000</ele>
			</trkpt>
			<trkpt lat="48.958089" lon="20.414072">
				<ele>530.000000</ele>
			</trkpt>
			<trkpt lat="48.958113" lon="20.414135">
				<ele>530.000000</ele>
			</trkpt>
			<trkpt lat="48.958113" lon="20.414188">
				<ele>530.000000</ele>
			</trkpt>
			<trkpt lat="48.958095" lon="20.414269">
				<ele>530.000000</ele>
			</trkpt>
			<trkpt lat="48.958084" lon="20.414349">
				<ele>530.000000</ele>
			</trkpt>
			<trkpt lat="48.958089" lon="20.414412">
				<ele>530.000000</ele>
			</trkpt>
			<trkpt lat="48.958089" lon="20.414466">
				<ele>530.000000</ele>
			</trkpt>
			<trkpt lat="48.958078" lon="20.414511">
				<ele>530.000000</ele>
			</trkpt>
			<trkpt lat="48.958071" lon="20.414538">
				<ele>530.000000</ele>
			</trkpt>
			<trkpt lat="48.958036" lon="20.414628">
				<ele>530.000000</ele>
			</trkpt>
			<trkpt lat="48.958025" lon="20.414672">
				<ele>530.000000</ele>
			</trkpt>
			<trkpt lat="48.958025" lon="20.414745">
				<ele>530.000000</ele>
			</trkpt>
			<trkpt lat="48.958006" lon="20.414817">
				<ele>530.000000</ele>
			</trkpt>
			<trkpt lat="48.957995" lon="20.414861">
				<ele>530.000000</ele>
			</trkpt>
			<trkpt lat="48.957977" lon="20.414871">
				<ele>530.000000</ele>
			</trkpt>
			<trkpt lat="48.957953" lon="20.414898">
				<ele>530.000000</ele>
			</trkpt>
			<trkpt lat="48.957918" lon="20.414915">
				<ele>530.000000</ele>
			</trkpt>
			<trkpt lat="48.957888" lon="20.414924">
				<ele>530.000000</ele>
			</trkpt>
			<trkpt lat="48.957859" lon="20.414915">
				<ele>530.000000</ele>
			</trkpt>
			<trkpt lat="48.957841" lon="20.414907">
				<ele>530.000000</ele>
			</trkpt>
			<trkpt lat="48.957818" lon="20.414907">
				<ele>530.000000</ele>
			</trkpt>
			<trkpt lat="48.957806" lon="20.414915">
				<ele>530.000000</ele>
			</trkpt>
			<trkpt lat="48.957795" lon="20.414924">
				<ele>530.000000</ele>
			</trkpt>
			<trkpt lat="48.957770" lon="20.414924">
				<ele>530.000000</ele>
			</trkpt>
			<trkpt lat="48.957741" lon="20.414907">
				<ele>530.000000</ele>
			</trkpt>
			<trkpt lat="48.957711" lon="20.414907">
				<ele>530.000000</ele>
			</trkpt>
			<trkpt lat="48.957688" lon="20.414924">
				<ele>530.000000</ele>
			</trkpt>
			<trkpt lat="48.957641" lon="20.414970">
				<ele>530.000000</ele>
			</trkpt>
			<trkpt lat="48.957629" lon="20.414970">
				<ele>530.000000</ele>
			</trkpt>
			<trkpt lat="48.957618" lon="20.414978">
				<ele>530.000000</ele>
			</trkpt>
			<trkpt lat="48.957599" lon="20.414988">
				<ele>530.000000</ele>
			</trkpt>
			<trkpt lat="48.957594" lon="20.414988">
				<ele>530.000000</ele>
			</trkpt>
			<trkpt lat="48.957546" lon="20.414978">
				<ele>530.000000</ele>
			</trkpt>
			<trkpt lat="48.957535" lon="20.414978">
				<ele>530.000000</ele>
			</trkpt>
			<trkpt lat="48.957511" lon="20.414961">
				<ele>530.000000</ele>
			</trkpt>
			<trkpt lat="48.957493" lon="20.414951">
				<ele>530.000000</ele>
			</trkpt>
			<trkpt lat="48.957481" lon="20.414942">
				<ele>530.000000</ele>
			</trkpt>
			<trkpt lat="48.957452" lon="20.414934">
				<ele>530.000000</ele>
			</trkpt>
			<trkpt lat="48.957428" lon="20.414915">
				<ele>530.000000</ele>
			</trkpt>
			<trkpt lat="48.957399" lon="20.414907">
				<ele>530.000000</ele>
			</trkpt>
			<trkpt lat="48.957381" lon="20.414907">
				<ele>530.000000</ele>
			</trkpt>
			<trkpt lat="48.957340" lon="20.414880">
				<ele>530.000000</ele>
			</trkpt>
			<trkpt lat="48.957305" lon="20.414871">
				<ele>530.000000</ele>
			</trkpt>
			<trkpt lat="48.957181" lon="20.414852">
				<ele>530.000000</ele>
			</trkpt>
			<trkpt lat="48.956933" lon="20.414852">
				<ele>530.000000</ele>
			</trkpt>
			<trkpt lat="48.956868" lon="20.414861">
				<ele>530.000000</ele>
			</trkpt>
			<trkpt lat="48.956791" lon="20.414880">
				<ele>530.000000</ele>
			</trkpt>
			<trkpt lat="48.956744" lon="20.414871">
				<ele>530.000000</ele>
			</trkpt>
			<trkpt lat="48.956703" lon="20.414852">
				<ele>530.000000</ele>
			</trkpt>
			<trkpt lat="48.956662" lon="20.414835">
				<ele>530.000000</ele>
			</trkpt>
			<trkpt lat="48.956620" lon="20.414825">
				<ele>530.000000</ele>
			</trkpt>
			<trkpt lat="48.956579" lon="20.414835">
				<ele>530.000000</ele>
			</trkpt>
			<trkpt lat="48.956538" lon="20.414844">
				<ele>530.000000</ele>
			</trkpt>
			<trkpt lat="48.956502" lon="20.414844">
				<ele>530.000000</ele>
			</trkpt>
			<trkpt lat="48.956473" lon="20.414835">
				<ele>530.000000</ele>
			</trkpt>
			<trkpt lat="48.956426" lon="20.414808">
				<ele>530.000000</ele>
			</trkpt>
			<trkpt lat="48.956402" lon="20.414790">
				<ele>530.000000</ele>
			</trkpt>
			<trkpt lat="48.956361" lon="20.414772">
				<ele>530.000000</ele>
			</trkpt>
			<trkpt lat="48.956343" lon="20.414762">
				<ele>530.000000</ele>
			</trkpt>
			<trkpt lat="48.956319" lon="20.414762">
				<ele>530.000000</ele>
			</trkpt>
			<trkpt lat="48.956284" lon="20.414754">
				<ele>530.000000</ele>
			</trkpt>
			<trkpt lat="48.956255" lon="20.414735">
				<ele>530.000000</ele>
			</trkpt>
			<trkpt lat="48.956231" lon="20.414709">
				<ele>530.000000</ele>
			</trkpt>
			<trkpt lat="48.956202" lon="20.414664">
				<ele>530.000000</ele>
			</trkpt>
			<trkpt lat="48.956178" lon="20.414611">
				<ele>530.000000</ele>
			</trkpt>
			<trkpt lat="48.956148" lon="20.414556">
				<ele>530.000000</ele>
			</trkpt>
			<trkpt lat="48.956101" lon="20.414502">
				<ele>530.000000</ele>
			</trkpt>
			<trkpt lat="48.956048" lon="20.414494">
				<ele>530.000000</ele>
			</trkpt>
			<trkpt lat="48.955983" lon="20.414458">
				<ele>530.000000</ele>
			</trkpt>
			<trkpt lat="48.955936" lon="20.414439">
				<ele>530.000000</ele>
			</trkpt>
			<trkpt lat="48.955901" lon="20.414439">
				<ele>530.000000</ele>
			</trkpt>
			<trkpt lat="48.955871" lon="20.414412">
				<ele>530.000000</ele>
			</trkpt>
			<trkpt lat="48.955836" lon="20.414376">
				<ele>530.000000</ele>
			</trkpt>
			<trkpt lat="48.955795" lon="20.414322">
				<ele>530.000000</ele>
			</trkpt>
			<trkpt lat="48.955777" lon="20.414314">
				<ele>530.000000</ele>
			</trkpt>
			<trkpt lat="48.955747" lon="20.414332">
				<ele>530.000000</ele>
			</trkpt>
			<trkpt lat="48.955694" lon="20.414314">
				<ele>530.000000</ele>
			</trkpt>
			<trkpt lat="48.955665" lon="20.414322">
				<ele>530.000000</ele>
			</trkpt>
			<trkpt lat="48.955594" lon="20.414314">
				<ele>530.000000</ele>
			</trkpt>
			<trkpt lat="48.955529" lon="20.414322">
				<ele>530.000000</ele>
			</trkpt>
			<trkpt lat="48.955476" lon="20.414322">
				<ele>530.000000</ele>
			</trkpt>
			<trkpt lat="48.955417" lon="20.414341">
				<ele>530.000000</ele>
			</trkpt>
			<trkpt lat="48.955358" lon="20.414376">
				<ele>530.000000</ele>
			</trkpt>
			<trkpt lat="48.955299" lon="20.414431">
				<ele>530.000000</ele>
			</trkpt>
			<trkpt lat="48.955146" lon="20.414637">
				<ele>530.000000</ele>
			</trkpt>
			<trkpt lat="48.955140" lon="20.414701">
				<ele>530.000000</ele>
			</trkpt>
			<trkpt lat="48.955140" lon="20.414762">
				<ele>530.000000</ele>
			</trkpt>
			<trkpt lat="48.955152" lon="20.414817">
				<ele>530.000000</ele>
			</trkpt>
			<trkpt lat="48.955163" lon="20.414852">
				<ele>530.000000</ele>
			</trkpt>
			<trkpt lat="48.955169" lon="20.414951">
				<ele>530.000000</ele>
			</trkpt>
			<trkpt lat="48.955181" lon="20.415005">
				<ele>530.000000</ele>
			</trkpt>
			<trkpt lat="48.955193" lon="20.415059">
				<ele>530.000000</ele>
			</trkpt>
			<trkpt lat="48.955175" lon="20.415104">
				<ele>530.000000</ele>
			</trkpt>
			<trkpt lat="48.955140" lon="20.415148">
				<ele>530.000000</ele>
			</trkpt>
			<trkpt lat="48.954981" lon="20.415148">
				<ele>530.000000</ele>
			</trkpt>
			<trkpt lat="48.954963" lon="20.415177">
				<ele>530.000000</ele>
			</trkpt>
			<trkpt lat="48.954963" lon="20.415248">
				<ele>530.000000</ele>
			</trkpt>
			<trkpt lat="48.954969" lon="20.415347">
				<ele>530.000000</ele>
			</trkpt>
			<trkpt lat="48.954975" lon="20.415473">
				<ele>530.000000</ele>
			</trkpt>
			<trkpt lat="48.954992" lon="20.415563">
				<ele>530.000000</ele>
			</trkpt>
			<trkpt lat="48.954998" lon="20.415714">
				<ele>530.000000</ele>
			</trkpt>
			<trkpt lat="48.955010" lon="20.415777">
				<ele>530.000000</ele>
			</trkpt>
			<trkpt lat="48.954998" lon="20.415850">
				<ele>530.000000</ele>
			</trkpt>
			<trkpt lat="48.954998" lon="20.415903">
				<ele>530.000000</ele>
			</trkpt>
			<trkpt lat="48.954986" lon="20.415949">
				<ele>530.000000</ele>
			</trkpt>
			<trkpt lat="48.955010" lon="20.415993">
				<ele>530.000000</ele>
			</trkpt>
			<trkpt lat="48.955016" lon="20.416039">
				<ele>530.000000</ele>
			</trkpt>
			<trkpt lat="48.955034" lon="20.416083">
				<ele>530.000000</ele>
			</trkpt>
			<trkpt lat="48.955040" lon="20.416129">
				<ele>530.000000</ele>
			</trkpt>
			<trkpt lat="48.955022" lon="20.416200">
				<ele>530.000000</ele>
			</trkpt>
			<trkpt lat="48.955022" lon="20.416272">
				<ele>530.000000</ele>
			</trkpt>
			<trkpt lat="48.955010" lon="20.416317">
				<ele>530.000000</ele>
			</trkpt>
			<trkpt lat="48.954992" lon="20.416380">
				<ele>530.000000</ele>
			</trkpt>
			<trkpt lat="48.954998" lon="20.416406">
				<ele>530.000000</ele>
			</trkpt>
			<trkpt lat="48.955010" lon="20.416452">
				<ele>530.000000</ele>
			</trkpt>
			<trkpt lat="48.955004" lon="20.416506">
				<ele>530.000000</ele>
			</trkpt>
			<trkpt lat="48.954975" lon="20.416550">
				<ele>530.000000</ele>
			</trkpt>
			<trkpt lat="48.954939" lon="20.416578">
				<ele>530.000000</ele>
			</trkpt>
			<trkpt lat="48.954922" lon="20.416622">
				<ele>530.000000</ele>
			</trkpt>
			<trkpt lat="48.954874" lon="20.416793">
				<ele>530.000000</ele>
			</trkpt>
			<trkpt lat="48.954857" lon="20.416882">
				<ele>530.000000</ele>
			</trkpt>
			<trkpt lat="48.954815" lon="20.416999">
				<ele>530.000000</ele>
			</trkpt>
			<trkpt lat="48.954786" lon="20.417026">
				<ele>530.000000</ele>
			</trkpt>
			<trkpt lat="48.954751" lon="20.417108">
				<ele>530.000000</ele>
			</trkpt>
			<trkpt lat="48.954727" lon="20.417242">
				<ele>530.000000</ele>
			</trkpt>
			<trkpt lat="48.954709" lon="20.417305">
				<ele>530.000000</ele>
			</trkpt>
			<trkpt lat="48.954697" lon="20.417412">
				<ele>530.000000</ele>
			</trkpt>
			<trkpt lat="48.954697" lon="20.417538">
				<ele>530.000000</ele>
			</trkpt>
			<trkpt lat="48.954686" lon="20.417691">
				<ele>530.000000</ele>
			</trkpt>
			<trkpt lat="48.954656" lon="20.417798">
				<ele>530.000000</ele>
			</trkpt>
			<trkpt lat="48.954621" lon="20.417861">
				<ele>530.000000</ele>
			</trkpt>
			<trkpt lat="48.954568" lon="20.417916">
				<ele>530.000000</ele>
			</trkpt>
			<trkpt lat="48.954532" lon="20.417943">
				<ele>530.000000</ele>
			</trkpt>
			<trkpt lat="48.954438" lon="20.417951">
				<ele>530.000000</ele>
			</trkpt>
			<trkpt lat="48.954367" lon="20.417961">
				<ele>530.000000</ele>
			</trkpt>
			<trkpt lat="48.954290" lon="20.417951">
				<ele>530.000000</ele>
			</trkpt>
			<trkpt lat="48.954220" lon="20.417943">
				<ele>530.000000</ele>
			</trkpt>
			<trkpt lat="48.954167" lon="20.417907">
				<ele>530.000000</ele>
			</trkpt>
			<trkpt lat="48.954113" lon="20.417861">
				<ele>530.000000</ele>
			</trkpt>
			<trkpt lat="48.954072" lon="20.417798">
				<ele>530.000000</ele>
			</trkpt>
			<trkpt lat="48.954025" lon="20.417727">
				<ele>530.000000</ele>
			</trkpt>
			<trkpt lat="48.954013" lon="20.417647">
				<ele>530.000000</ele>
			</trkpt>
			<trkpt lat="48.953996" lon="20.417574">
				<ele>530.000000</ele>
			</trkpt>
			<trkpt lat="48.953966" lon="20.417548">
				<ele>530.000000</ele>
			</trkpt>
			<trkpt lat="48.953948" lon="20.417475">
				<ele>530.000000</ele>
			</trkpt>
			<trkpt lat="48.953883" lon="20.417440">
				<ele>530.000000</ele>
			</trkpt>
			<trkpt lat="48.953783" lon="20.417368">
				<ele>530.000000</ele>
			</trkpt>
			<trkpt lat="48.953695" lon="20.417269">
				<ele>530.000000</ele>
			</trkpt>
			<trkpt lat="48.953624" lon="20.417224">
				<ele>530.000000</ele>
			</trkpt>
			<trkpt lat="48.953600" lon="20.417188">
				<ele>530.000000</ele>
			</trkpt>
			<trkpt lat="48.953571" lon="20.417161">
				<ele>530.000000</ele>
			</trkpt>
			<trkpt lat="48.953547" lon="20.417171">
				<ele>530.000000</ele>
			</trkpt>
			<trkpt lat="48.953518" lon="20.417144">
				<ele>530.000000</ele>
			</trkpt>
			<trkpt lat="48.953500" lon="20.417116">
				<ele>530.000000</ele>
			</trkpt>
			<trkpt lat="48.953471" lon="20.417072">
				<ele>530.000000</ele>
			</trkpt>
			<trkpt lat="48.953435" lon="20.416991">
				<ele>530.000000</ele>
			</trkpt>
			<trkpt lat="48.953406" lon="20.416964">
				<ele>530.000000</ele>
			</trkpt>
			<trkpt lat="48.953388" lon="20.416955">
				<ele>530.000000</ele>
			</trkpt>
			<trkpt lat="48.953364" lon="20.416955">
				<ele>530.000000</ele>
			</trkpt>
			<trkpt lat="48.953305" lon="20.416919">
				<ele>530.000000</ele>
			</trkpt>
			<trkpt lat="48.953276" lon="20.416901">
				<ele>530.000000</ele>
			</trkpt>
			<trkpt lat="48.953235" lon="20.416892">
				<ele>530.000000</ele>
			</trkpt>
			<trkpt lat="48.953158" lon="20.416892">
				<ele>530.000000</ele>
			</trkpt>
			<trkpt lat="48.953087" lon="20.416909">
				<ele>530.000000</ele>
			</trkpt>
			<trkpt lat="48.953052" lon="20.416936">
				<ele>530.000000</ele>
			</trkpt>
			<trkpt lat="48.953022" lon="20.416972">
				<ele>532.000000</ele>
			</trkpt>
			<trkpt lat="48.952999" lon="20.416999">
				<ele>532.000000</ele>
			</trkpt>
			<trkpt lat="48.952975" lon="20.417009">
				<ele>533.000000</ele>
			</trkpt>
			<trkpt lat="48.952940" lon="20.417018">
				<ele>534.000000</ele>
			</trkpt>
			<trkpt lat="48.952910" lon="20.417035">
				<ele>535.000000</ele>
			</trkpt>
			<trkpt lat="48.952892" lon="20.417054">
				<ele>536.000000</ele>
			</trkpt>
			<trkpt lat="48.952857" lon="20.417081">
				<ele>537.000000</ele>
			</trkpt>
			<trkpt lat="48.952816" lon="20.417108">
				<ele>538.000000</ele>
			</trkpt>
			<trkpt lat="48.952804" lon="20.417161">
				<ele>540.000000</ele>
			</trkpt>
			<trkpt lat="48.952792" lon="20.417198">
				<ele>540.000000</ele>
			</trkpt>
			<trkpt lat="48.952780" lon="20.417278">
				<ele>540.000000</ele>
			</trkpt>
			<trkpt lat="48.952780" lon="20.417322">
				<ele>540.000000</ele>
			</trkpt>
			<trkpt lat="48.952763" lon="20.417351">
				<ele>540.000000</ele>
			</trkpt>
			<trkpt lat="48.952751" lon="20.417368">
				<ele>540.000000</ele>
			</trkpt>
			<trkpt lat="48.952739" lon="20.417385">
				<ele>540.000000</ele>
			</trkpt>
			<trkpt lat="48.952739" lon="20.417404">
				<ele>540.000000</ele>
			</trkpt>
			<trkpt lat="48.952745" lon="20.417458">
				<ele>540.000000</ele>
			</trkpt>
			<trkpt lat="48.952751" lon="20.417502">
				<ele>540.000000</ele>
			</trkpt>
			<trkpt lat="48.952745" lon="20.417548">
				<ele>540.000000</ele>
			</trkpt>
			<trkpt lat="48.952739" lon="20.417574">
				<ele>540.000000</ele>
			</trkpt>
			<trkpt lat="48.952704" lon="20.417655">
				<ele>540.000000</ele>
			</trkpt>
			<trkpt lat="48.952686" lon="20.417718">
				<ele>540.000000</ele>
			</trkpt>
			<trkpt lat="48.952657" lon="20.417764">
				<ele>539.000000</ele>
			</trkpt>
			<trkpt lat="48.952615" lon="20.417790">
				<ele>539.000000</ele>
			</trkpt>
			<trkpt lat="48.952609" lon="20.417844">
				<ele>539.000000</ele>
			</trkpt>
			<trkpt lat="48.952651" lon="20.417861">
				<ele>539.000000</ele>
			</trkpt>
			<trkpt lat="48.952621" lon="20.417925">
				<ele>539.000000</ele>
			</trkpt>
			<trkpt lat="48.952662" lon="20.417988">
				<ele>539.000000</ele>
			</trkpt>
			<trkpt lat="48.952692" lon="20.418087">
				<ele>539.000000</ele>
			</trkpt>
			<trkpt lat="48.952716" lon="20.418177">
				<ele>539.000000</ele>
			</trkpt>
			<trkpt lat="48.952727" lon="20.418257">
				<ele>539.000000</ele>
			</trkpt>
			<trkpt lat="48.952751" lon="20.418347">
				<ele>538.000000</ele>
			</trkpt>
			<trkpt lat="48.952745" lon="20.418427">
				<ele>538.000000</ele>
			</trkpt>
			<trkpt lat="48.952745" lon="20.418536">
				<ele>538.000000</ele>
			</trkpt>
			<trkpt lat="48.952745" lon="20.418554">
				<ele>538.000000</ele>
			</trkpt>
			<trkpt lat="48.952763" lon="20.418653">
				<ele>538.000000</ele>
			</trkpt>
			<trkpt lat="48.952780" lon="20.418779">
				<ele>538.000000</ele>
			</trkpt>
			<trkpt lat="48.952774" lon="20.418869">
				<ele>538.000000</ele>
			</trkpt>
			<trkpt lat="48.952786" lon="20.418930">
				<ele>538.000000</ele>
			</trkpt>
			<trkpt lat="48.952798" lon="20.419056">
				<ele>537.000000</ele>
			</trkpt>
			<trkpt lat="48.952810" lon="20.419138">
				<ele>537.000000</ele>
			</trkpt>
			<trkpt lat="48.952804" lon="20.419255">
				<ele>537.000000</ele>
			</trkpt>
			<trkpt lat="48.952816" lon="20.419326">
				<ele>537.000000</ele>
			</trkpt>
			<trkpt lat="48.952851" lon="20.419425">
				<ele>537.000000</ele>
			</trkpt>
			<trkpt lat="48.952857" lon="20.419452">
				<ele>537.000000</ele>
			</trkpt>
			<trkpt lat="48.952857" lon="20.419496">
				<ele>537.000000</ele>
			</trkpt>
			<trkpt lat="48.952863" lon="20.419533">
				<ele>537.000000</ele>
			</trkpt>
			<trkpt lat="48.952875" lon="20.419605">
				<ele>537.000000</ele>
			</trkpt>
			<trkpt lat="48.952887" lon="20.419641">
				<ele>537.000000</ele>
			</trkpt>
			<trkpt lat="48.952898" lon="20.419695">
				<ele>536.000000</ele>
			</trkpt>
			<trkpt lat="48.952916" lon="20.419748">
				<ele>536.000000</ele>
			</trkpt>
			<trkpt lat="48.952922" lon="20.419829">
				<ele>536.000000</ele>
			</trkpt>
			<trkpt lat="48.952922" lon="20.419874">
				<ele>536.000000</ele>
			</trkpt>
			<trkpt lat="48.952922" lon="20.419919">
				<ele>536.000000</ele>
			</trkpt>
			<trkpt lat="48.952922" lon="20.419991">
				<ele>536.000000</ele>
			</trkpt>
			<trkpt lat="48.952934" lon="20.420062">
				<ele>536.000000</ele>
			</trkpt>
			<trkpt lat="48.952946" lon="20.420098">
				<ele>536.000000</ele>
			</trkpt>
			<trkpt lat="48.952963" lon="20.420135">
				<ele>536.000000</ele>
			</trkpt>
			<trkpt lat="48.952975" lon="20.420180">
				<ele>536.000000</ele>
			</trkpt>
			<trkpt lat="48.952969" lon="20.420278">
				<ele>536.000000</ele>
			</trkpt>
			<trkpt lat="48.952993" lon="20.420324">
				<ele>535.000000</ele>
			</trkpt>
			<trkpt lat="48.952987" lon="20.420387">
				<ele>535.000000</ele>
			</trkpt>
			<trkpt lat="48.953010" lon="20.420448">
				<ele>535.000000</ele>
			</trkpt>
			<trkpt lat="48.953058" lon="20.420530">
				<ele>535.000000</ele>
			</trkpt>
			<trkpt lat="48.953069" lon="20.420584">
				<ele>535.000000</ele>
			</trkpt>
			<trkpt lat="48.953093" lon="20.420638">
				<ele>535.000000</ele>
			</trkpt>
			<trkpt lat="48.953099" lon="20.420718">
				<ele>535.000000</ele>
			</trkpt>
			<trkpt lat="48.953093" lon="20.420808">
				<ele>535.000000</ele>
			</trkpt>
			<trkpt lat="48.953075" lon="20.420898">
				<ele>535.000000</ele>
			</trkpt>
			<trkpt lat="48.953069" lon="20.421006">
				<ele>534.000000</ele>
			</trkpt>
			<trkpt lat="48.953058" lon="20.421077">
				<ele>534.000000</ele>
			</trkpt>
			<trkpt lat="48.953034" lon="20.421159">
				<ele>534.000000</ele>
			</trkpt>
			<trkpt lat="48.953016" lon="20.421222">
				<ele>534.000000</ele>
			</trkpt>
			<trkpt lat="48.953005" lon="20.421293">
				<ele>534.000000</ele>
			</trkpt>
			<trkpt lat="48.952975" lon="20.421383">
				<ele>534.000000</ele>
			</trkpt>
			<trkpt lat="48.952957" lon="20.421464">
				<ele>534.000000</ele>
			</trkpt>
			<trkpt lat="48.952916" lon="20.421590">
				<ele>534.000000</ele>
			</trkpt>
			<trkpt lat="48.952898" lon="20.421698">
				<ele>533.000000</ele>
			</trkpt>
			<trkpt lat="48.952887" lon="20.421779">
				<ele>533.000000</ele>
			</trkpt>
			<trkpt lat="48.952875" lon="20.421859">
				<ele>533.000000</ele>
			</trkpt>
			<trkpt lat="48.952845" lon="20.421959">
				<ele>533.000000</ele>
			</trkpt>
			<trkpt lat="48.952833" lon="20.422012">
				<ele>533.000000</ele>
			</trkpt>
			<trkpt lat="48.952839" lon="20.422075">
				<ele>533.000000</ele>
			</trkpt>
			<trkpt lat="48.952833" lon="20.422111">
				<ele>533.000000</ele>
			</trkpt>
			<trkpt lat="48.952822" lon="20.422165">
				<ele>533.000000</ele>
			</trkpt>
			<trkpt lat="48.952822" lon="20.422282">
				<ele>532.000000</ele>
			</trkpt>
			<trkpt lat="48.952839" lon="20.422309">
				<ele>532.000000</ele>
			</trkpt>
			<trkpt lat="48.952845" lon="20.422335">
				<ele>532.000000</ele>
			</trkpt>
			<trkpt lat="48.952857" lon="20.422372">
				<ele>532.000000</ele>
			</trkpt>
			<trkpt lat="48.952863" lon="20.422408">
				<ele>532.000000</ele>
			</trkpt>
			<trkpt lat="48.952869" lon="20.422435">
				<ele>532.000000</ele>
			</trkpt>
			<trkpt lat="48.952887" lon="20.422479">
				<ele>532.000000</ele>
			</trkpt>
			<trkpt lat="48.952892" lon="20.422525">
				<ele>532.000000</ele>
			</trkpt>
			<trkpt lat="48.952904" lon="20.422614">
				<ele>532.000000</ele>
			</trkpt>
			<trkpt lat="48.952922" lon="20.422685">
				<ele>532.000000</ele>
			</trkpt>
			<trkpt lat="48.952963" lon="20.422794">
				<ele>532.000000</ele>
			</trkpt>
			<trkpt lat="48.952969" lon="20.422821">
				<ele>532.000000</ele>
			</trkpt>
			<trkpt lat="48.952969" lon="20.422838">
				<ele>532.000000</ele>
			</trkpt>
			<trkpt lat="48.952946" lon="20.422875">
				<ele>532.000000</ele>
			</trkpt>
			<trkpt lat="48.952928" lon="20.422920">
				<ele>531.000000</ele>
			</trkpt>
			<trkpt lat="48.952910" lon="20.423001">
				<ele>531.000000</ele>
			</trkpt>
			<trkpt lat="48.952910" lon="20.423064">
				<ele>531.000000</ele>
			</trkpt>
			<trkpt lat="48.952898" lon="20.423117">
				<ele>531.000000</ele>
			</trkpt>
			<trkpt lat="48.952881" lon="20.423135">
				<ele>531.000000</ele>
			</trkpt>
			<trkpt lat="48.952863" lon="20.423135">
				<ele>531.000000</ele>
			</trkpt>
			<trkpt lat="48.952839" lon="20.423090">
				<ele>531.000000</ele>
			</trkpt>
			<trkpt lat="48.952887" lon="20.423064">
				<ele>531.000000</ele>
			</trkpt>
			<trkpt lat="48.953223" lon="20.422865">
				<ele>530.000000</ele>
			</trkpt>
			<trkpt lat="48.953311" lon="20.422892">
				<ele>532.000000</ele>
			</trkpt>
			<trkpt lat="48.953364" lon="20.422947">
				<ele>535.000000</ele>
			</trkpt>
			<trkpt lat="48.953412" lon="20.423018">
				<ele>538.000000</ele>
			</trkpt>
			<trkpt lat="48.953435" lon="20.423072">
				<ele>540.000000</ele>
			</trkpt>
			<trkpt lat="48.953447" lon="20.423217">
				<ele>540.000000</ele>
			</trkpt>
			<trkpt lat="48.953471" lon="20.423261">
				<ele>540.000000</ele>
			</trkpt>
			<trkpt lat="48.953494" lon="20.423341">
				<ele>540.000000</ele>
			</trkpt>
			<trkpt lat="48.953488" lon="20.423377">
				<ele>540.000000</ele>
			</trkpt>
			<trkpt lat="48.953488" lon="20.423414">
				<ele>540.000000</ele>
			</trkpt>
			<trkpt lat="48.953506" lon="20.423450">
				<ele>540.000000</ele>
			</trkpt>
			<trkpt lat="48.953518" lon="20.423557">
				<ele>540.000000</ele>
			</trkpt>
			<trkpt lat="48.953553" lon="20.423593">
				<ele>540.000000</ele>
			</trkpt>
			<trkpt lat="48.953571" lon="20.423647">
				<ele>540.000000</ele>
			</trkpt>
			<trkpt lat="48.953594" lon="20.423710">
				<ele>540.000000</ele>
			</trkpt>
			<trkpt lat="48.953636" lon="20.423764">
				<ele>540.000000</ele>
			</trkpt>
			<trkpt lat="48.953653" lon="20.423791">
				<ele>540.000000</ele>
			</trkpt>
			<trkpt lat="48.953653" lon="20.423827">
				<ele>540.000000</ele>
			</trkpt>
			<trkpt lat="48.953647" lon="20.423880">
				<ele>539.000000</ele>
			</trkpt>
			<trkpt lat="48.953630" lon="20.423953">
				<ele>538.000000</ele>
			</trkpt>
			<trkpt lat="48.953612" lon="20.423997">
				<ele>537.000000</ele>
			</trkpt>
			<trkpt lat="48.953600" lon="20.424016">
				<ele>536.000000</ele>
			</trkpt>
			<trkpt lat="48.953594" lon="20.424069">
				<ele>535.000000</ele>
			</trkpt>
			<trkpt lat="48.953606" lon="20.424123">
				<ele>534.000000</ele>
			</trkpt>
			<trkpt lat="48.953630" lon="20.424186">
				<ele>533.000000</ele>
			</trkpt>
			<trkpt lat="48.953642" lon="20.424249">
				<ele>532.000000</ele>
			</trkpt>
			<trkpt lat="48.953642" lon="20.424303">
				<ele>531.000000</ele>
			</trkpt>
			<trkpt lat="48.953630" lon="20.424348">
				<ele>530.000000</ele>
			</trkpt>
			<trkpt lat="48.953612" lon="20.424402">
				<ele>530.000000</ele>
			</trkpt>
			<trkpt lat="48.953600" lon="20.424483">
				<ele>530.000000</ele>
			</trkpt>
			<trkpt lat="48.953600" lon="20.424519">
				<ele>530.000000</ele>
			</trkpt>
			<trkpt lat="48.953618" lon="20.424582">
				<ele>530.000000</ele>
			</trkpt>
			<trkpt lat="48.953647" lon="20.424618">
				<ele>530.000000</ele>
			</trkpt>
			<trkpt lat="48.953665" lon="20.424645">
				<ele>530.000000</ele>
			</trkpt>
			<trkpt lat="48.953671" lon="20.424689">
				<ele>530.000000</ele>
			</trkpt>
			<trkpt lat="48.953671" lon="20.424725">
				<ele>530.000000</ele>
			</trkpt>
			<trkpt lat="48.953683" lon="20.424743">
				<ele>530.000000</ele>
			</trkpt>
			<trkpt lat="48.953701" lon="20.424770">
				<ele>530.000000</ele>
			</trkpt>
			<trkpt lat="48.953736" lon="20.424859">
				<ele>530.000000</ele>
			</trkpt>
			<trkpt lat="48.953771" lon="20.424932">
				<ele>530.000000</ele>
			</trkpt>
			<trkpt lat="48.953807" lon="20.424976">
				<ele>529.000000</ele>
			</trkpt>
			<trkpt lat="48.953824" lon="20.425004">
				<ele>529.000000</ele>
			</trkpt>
			<trkpt lat="48.953830" lon="20.425048">
				<ele>529.000000</ele>
			</trkpt>
			<trkpt lat="48.953830" lon="20.425085">
				<ele>529.000000</ele>
			</trkpt>
			<trkpt lat="48.953836" lon="20.425121">
				<ele>529.000000</ele>
			</trkpt>
			<trkpt lat="48.953848" lon="20.425175">
				<ele>529.000000</ele>
			</trkpt>
			<trkpt lat="48.953848" lon="20.425219">
				<ele>529.000000</ele>
			</trkpt>
			<trkpt lat="48.953848" lon="20.425255">
				<ele>529.000000</ele>
			</trkpt>
			<trkpt lat="48.953860" lon="20.425335">
				<ele>528.000000</ele>
			</trkpt>
			<trkpt lat="48.953860" lon="20.425398">
				<ele>528.000000</ele>
			</trkpt>
			<trkpt lat="48.953854" lon="20.425480">
				<ele>528.000000</ele>
			</trkpt>
			<trkpt lat="48.953842" lon="20.425542">
				<ele>528.000000</ele>
			</trkpt>
			<trkpt lat="48.953824" lon="20.425605">
				<ele>528.000000</ele>
			</trkpt>
			<trkpt lat="48.953836" lon="20.425660">
				<ele>527.000000</ele>
			</trkpt>
			<trkpt lat="48.953842" lon="20.425714">
				<ele>527.000000</ele>
			</trkpt>
			<trkpt lat="48.953836" lon="20.425767">
				<ele>527.000000</ele>
			</trkpt>
			<trkpt lat="48.953848" lon="20.425804">
				<ele>527.000000</ele>
			</trkpt>
			<trkpt lat="48.953842" lon="20.425848">
				<ele>527.000000</ele>
			</trkpt>
			<trkpt lat="48.953854" lon="20.425901">
				<ele>527.000000</ele>
			</trkpt>
			<trkpt lat="48.953860" lon="20.426037">
				<ele>526.000000</ele>
			</trkpt>
			<trkpt lat="48.953872" lon="20.426117">
				<ele>526.000000</ele>
			</trkpt>
			<trkpt lat="48.953878" lon="20.426163">
				<ele>526.000000</ele>
			</trkpt>
			<trkpt lat="48.953866" lon="20.426226">
				<ele>526.000000</ele>
			</trkpt>
			<trkpt lat="48.953866" lon="20.426288">
				<ele>525.000000</ele>
			</trkpt>
			<trkpt lat="48.953866" lon="20.426369">
				<ele>525.000000</ele>
			</trkpt>
			<trkpt lat="48.953848" lon="20.426486">
				<ele>525.000000</ele>
			</trkpt>
			<trkpt lat="48.953836" lon="20.426522">
				<ele>525.000000</ele>
			</trkpt>
			<trkpt lat="48.953807" lon="20.426584">
				<ele>524.000000</ele>
			</trkpt>
			<trkpt lat="48.953789" lon="20.426666">
				<ele>524.000000</ele>
			</trkpt>
			<trkpt lat="48.953748" lon="20.426792">
				<ele>524.000000</ele>
			</trkpt>
			<trkpt lat="48.953712" lon="20.426872">
				<ele>523.000000</ele>
			</trkpt>
			<trkpt lat="48.953701" lon="20.426926">
				<ele>523.000000</ele>
			</trkpt>
			<trkpt lat="48.953695" lon="20.426953">
				<ele>523.000000</ele>
			</trkpt>
			<trkpt lat="48.953695" lon="20.426989">
				<ele>523.000000</ele>
			</trkpt>
			<trkpt lat="48.953689" lon="20.427025">
				<ele>523.000000</ele>
			</trkpt>
			<trkpt lat="48.953671" lon="20.427060">
				<ele>523.000000</ele>
			</trkpt>
			<trkpt lat="48.953647" lon="20.427096">
				<ele>523.000000</ele>
			</trkpt>
			<trkpt lat="48.953571" lon="20.427159">
				<ele>522.000000</ele>
			</trkpt>
			<trkpt lat="48.953500" lon="20.427222">
				<ele>522.000000</ele>
			</trkpt>
			<trkpt lat="48.953441" lon="20.427232">
				<ele>522.000000</ele>
			</trkpt>
			<trkpt lat="48.953394" lon="20.427213">
				<ele>521.000000</ele>
			</trkpt>
			<trkpt lat="48.953329" lon="20.427150">
				<ele>521.000000</ele>
			</trkpt>
			<trkpt lat="48.953140" lon="20.427142">
				<ele>520.000000</ele>
			</trkpt>
			<trkpt lat="48.953052" lon="20.427159">
				<ele>520.000000</ele>
			</trkpt>
			<trkpt lat="48.953010" lon="20.427178">
				<ele>520.000000</ele>
			</trkpt>
			<trkpt lat="48.952946" lon="20.427312">
				<ele>520.000000</ele>
			</trkpt>
			<trkpt lat="48.952898" lon="20.427492">
				<ele>520.000000</ele>
			</trkpt>
			<trkpt lat="48.952869" lon="20.427681">
				<ele>520.000000</ele>
			</trkpt>
			<trkpt lat="48.952881" lon="20.427869">
				<ele>520.000000</ele>
			</trkpt>
			<trkpt lat="48.952981" lon="20.428138">
				<ele>520.000000</ele>
			</trkpt>
			<trkpt lat="48.953347" lon="20.428624">
				<ele>520.000000</ele>
			</trkpt>
			<trkpt lat="48.953400" lon="20.428804">
				<ele>520.000000</ele>
			</trkpt>
			<trkpt lat="48.953459" lon="20.428974">
				<ele>520.000000</ele>
			</trkpt>
			<trkpt lat="48.953417" lon="20.429226">
				<ele>520.000000</ele>
			</trkpt>
			<trkpt lat="48.953406" lon="20.429360">
				<ele>520.000000</ele>
			</trkpt>
			<trkpt lat="48.953394" lon="20.429469">
				<ele>520.000000</ele>
			</trkpt>
			<trkpt lat="48.953376" lon="20.429549">
				<ele>520.000000</ele>
			</trkpt>
			<trkpt lat="48.953347" lon="20.429746">
				<ele>520.000000</ele>
			</trkpt>
			<trkpt lat="48.953335" lon="20.429998">
				<ele>520.000000</ele>
			</trkpt>
			<trkpt lat="48.953376" lon="20.430125">
				<ele>520.000000</ele>
			</trkpt>
			<trkpt lat="48.953423" lon="20.430205">
				<ele>520.000000</ele>
			</trkpt>
			<trkpt lat="48.953577" lon="20.430312">
				<ele>520.000000</ele>
			</trkpt>
			<trkpt lat="48.953695" lon="20.430465">
				<ele>520.000000</ele>
			</trkpt>
			<trkpt lat="48.953907" lon="20.430744">
				<ele>520.000000</ele>
			</trkpt>
			<trkpt lat="48.953984" lon="20.430968">
				<ele>520.000000</ele>
			</trkpt>
			<trkpt lat="48.954007" lon="20.431167">
				<ele>520.000000</ele>
			</trkpt>
			<trkpt lat="48.954001" lon="20.431310">
				<ele>520.000000</ele>
			</trkpt>
			<trkpt lat="48.953860" lon="20.431391">
				<ele>520.000000</ele>
			</trkpt>
			<trkpt lat="48.953819" lon="20.431606">
				<ele>520.000000</ele>
			</trkpt>
			<trkpt lat="48.953748" lon="20.431777">
				<ele>520.000000</ele>
			</trkpt>
			<trkpt lat="48.953689" lon="20.431876">
				<ele>520.000000</ele>
			</trkpt>
			<trkpt lat="48.953547" lon="20.432037">
				<ele>520.000000</ele>
			</trkpt>
			<trkpt lat="48.953347" lon="20.432209">
				<ele>520.000000</ele>
			</trkpt>
			<trkpt lat="48.953264" lon="20.432289">
				<ele>520.000000</ele>
			</trkpt>
			<trkpt lat="48.953187" lon="20.432396">
				<ele>520.000000</ele>
			</trkpt>
			<trkpt lat="48.953164" lon="20.432459">
				<ele>520.000000</ele>
			</trkpt>
			<trkpt lat="48.953170" lon="20.432630">
				<ele>520.000000</ele>
			</trkpt>
			<trkpt lat="48.953258" lon="20.433025">
				<ele>520.000000</ele>
			</trkpt>
			<trkpt lat="48.953323" lon="20.433224">
				<ele>520.000000</ele>
			</trkpt>
			<trkpt lat="48.953335" lon="20.433241">
				<ele>520.000000</ele>
			</trkpt>
			<trkpt lat="48.953624" lon="20.433834">
				<ele>520.000000</ele>
			</trkpt>
			<trkpt lat="48.953718" lon="20.434094">
				<ele>520.000000</ele>
			</trkpt>
			<trkpt lat="48.953736" lon="20.434266">
				<ele>520.000000</ele>
			</trkpt>
			<trkpt lat="48.953712" lon="20.434553">
				<ele>520.000000</ele>
			</trkpt>
			<trkpt lat="48.953706" lon="20.434750">
				<ele>520.000000</ele>
			</trkpt>
			<trkpt lat="48.953736" lon="20.434930">
				<ele>520.000000</ele>
			</trkpt>
			<trkpt lat="48.953783" lon="20.435065">
				<ele>520.000000</ele>
			</trkpt>
			<trkpt lat="48.953830" lon="20.435172">
				<ele>520.000000</ele>
			</trkpt>
			<trkpt lat="48.953872" lon="20.435299">
				<ele>520.000000</ele>
			</trkpt>
			<trkpt lat="48.953901" lon="20.435425">
				<ele>520.000000</ele>
			</trkpt>
			<trkpt lat="48.953901" lon="20.435559">
				<ele>520.000000</ele>
			</trkpt>
			<trkpt lat="48.953913" lon="20.435694">
				<ele>520.000000</ele>
			</trkpt>
			<trkpt lat="48.953996" lon="20.435784">
				<ele>520.000000</ele>
			</trkpt>
			<trkpt lat="48.954172" lon="20.435864">
				<ele>520.000000</ele>
			</trkpt>
			<trkpt lat="48.954326" lon="20.436035">
				<ele>520.000000</ele>
			</trkpt>
			<trkpt lat="48.954414" lon="20.436151">
				<ele>520.000000</ele>
			</trkpt>
			<trkpt lat="48.954461" lon="20.436278">
				<ele>520.000000</ele>
			</trkpt>
			<trkpt lat="48.954461" lon="20.436278">
				<ele>520.000000</ele>
			</trkpt>
			<trkpt lat="48.954473" lon="20.436314">
				<ele>520.000000</ele>
			</trkpt>
			<trkpt lat="48.954485" lon="20.436430">
				<ele>520.000000</ele>
			</trkpt>
			<trkpt lat="48.954497" lon="20.436601">
				<ele>520.000000</ele>
			</trkpt>
			<trkpt lat="48.954444" lon="20.436736">
				<ele>519.000000</ele>
			</trkpt>
			<trkpt lat="48.954361" lon="20.436870">
				<ele>519.000000</ele>
			</trkpt>
			<trkpt lat="48.954267" lon="20.436970">
				<ele>519.000000</ele>
			</trkpt>
			<trkpt lat="48.954361" lon="20.437184">
				<ele>519.000000</ele>
			</trkpt>
			<trkpt lat="48.954326" lon="20.437257">
				<ele>519.000000</ele>
			</trkpt>
			<trkpt lat="48.954226" lon="20.437364">
				<ele>519.000000</ele>
			</trkpt>
			<trkpt lat="48.954143" lon="20.437436">
				<ele>519.000000</ele>
			</trkpt>
			<trkpt lat="48.954049" lon="20.437616">
				<ele>519.000000</ele>
			</trkpt>
			<trkpt lat="48.953925" lon="20.437912">
				<ele>518.000000</ele>
			</trkpt>
			<trkpt lat="48.953795" lon="20.438199">
				<ele>518.000000</ele>
			</trkpt>
			<trkpt lat="48.953718" lon="20.438362">
				<ele>518.000000</ele>
			</trkpt>
			<trkpt lat="48.953683" lon="20.438515">
				<ele>518.000000</ele>
			</trkpt>
			<trkpt lat="48.953677" lon="20.438658">
				<ele>518.000000</ele>
			</trkpt>
			<trkpt lat="48.953665" lon="20.438954">
				<ele>518.000000</ele>
			</trkpt>
			<trkpt lat="48.953606" lon="20.439350">
				<ele>517.000000</ele>
			</trkpt>
			<trkpt lat="48.953618" lon="20.439511">
				<ele>517.000000</ele>
			</trkpt>
			<trkpt lat="48.953630" lon="20.439593">
				<ele>517.000000</ele>
			</trkpt>
			<trkpt lat="48.953671" lon="20.439673">
				<ele>517.000000</ele>
			</trkpt>
			<trkpt lat="48.953730" lon="20.439763">
				<ele>517.000000</ele>
			</trkpt>
			<trkpt lat="48.953824" lon="20.439933">
				<ele>517.000000</ele>
			</trkpt>
			<trkpt lat="48.953925" lon="20.440069">
				<ele>517.000000</ele>
			</trkpt>
			<trkpt lat="48.954119" lon="20.440302">
				<ele>517.000000</ele>
			</trkpt>
			<trkpt lat="48.954190" lon="20.440365">
				<ele>516.000000</ele>
			</trkpt>
			<trkpt lat="48.954397" lon="20.440545">
				<ele>516.000000</ele>
			</trkpt>
			<trkpt lat="48.954615" lon="20.440805">
				<ele>516.000000</ele>
			</trkpt>
			<trkpt lat="48.954762" lon="20.441021">
				<ele>516.000000</ele>
			</trkpt>
			<trkpt lat="48.954827" lon="20.441111">
				<ele>516.000000</ele>
			</trkpt>
			<trkpt lat="48.954904" lon="20.441174">
				<ele>516.000000</ele>
			</trkpt>
			<trkpt lat="48.954992" lon="20.441128">
				<ele>516.000000</ele>
			</trkpt>
			<trkpt lat="48.955081" lon="20.441065">
				<ele>520.000000</ele>
			</trkpt>
			<trkpt lat="48.955228" lon="20.440949">
				<ele>528.000000</ele>
			</trkpt>
			<trkpt lat="48.955252" lon="20.440841">
				<ele>526.000000</ele>
			</trkpt>
			<trkpt lat="48.955281" lon="20.440733">
				<ele>525.000000</ele>
			</trkpt>
			<trkpt lat="48.955842" lon="20.439996">
				<ele>534.000000</ele>
			</trkpt>
			<trkpt lat="48.955836" lon="20.439960">
				<ele>534.000000</ele>
			</trkpt>
			<trkpt lat="48.955800" lon="20.439924">
				<ele>535.000000</ele>
			</trkpt>
			<trkpt lat="48.955594" lon="20.439916">
				<ele>540.000000</ele>
			</trkpt>
			<trkpt lat="48.955529" lon="20.439870">
				<ele>543.000000</ele>
			</trkpt>
			<trkpt lat="48.955547" lon="20.439781">
				<ele>545.000000</ele>
			</trkpt>
			<trkpt lat="48.955871" lon="20.439323">
				<ele>559.000000</ele>
			</trkpt>
			<trkpt lat="48.955865" lon="20.439260">
				<ele>560.000000</ele>
			</trkpt>
			<trkpt lat="48.955824" lon="20.439224">
				<ele>561.000000</ele>
			</trkpt>
			<trkpt lat="48.955376" lon="20.439278">
				<ele>572.000000</ele>
			</trkpt>
			<trkpt lat="48.955352" lon="20.439251">
				<ele>572.000000</ele>
			</trkpt>
			<trkpt lat="48.955352" lon="20.439197">
				<ele>573.000000</ele>
			</trkpt>
			<trkpt lat="48.955859" lon="20.438065">
				<ele>599.000000</ele>
			</trkpt>
			<trkpt lat="48.955830" lon="20.437966">
				<ele>601.000000</ele>
			</trkpt>
			<trkpt lat="48.955783" lon="20.437939">
				<ele>603.000000</ele>
			</trkpt>
			<trkpt lat="48.955718" lon="20.437966">
				<ele>605.000000</ele>
			</trkpt>
			<trkpt lat="48.955523" lon="20.437993">
				<ele>610.000000</ele>
			</trkpt>
			<trkpt lat="48.955281" lon="20.437993">
				<ele>611.000000</ele>
			</trkpt>
			<trkpt lat="48.955240" lon="20.437949">
				<ele>612.000000</ele>
			</trkpt>
			<trkpt lat="48.955222" lon="20.437868">
				<ele>612.000000</ele>
			</trkpt>
			<trkpt lat="48.955228" lon="20.437769">
				<ele>612.000000</ele>
			</trkpt>
			<trkpt lat="48.955287" lon="20.437715">
				<ele>613.000000</ele>
			</trkpt>
			<trkpt lat="48.955429" lon="20.437427">
				<ele>614.000000</ele>
			</trkpt>
			<trkpt lat="48.955529" lon="20.437140">
				<ele>615.000000</ele>
			</trkpt>
			<trkpt lat="48.955641" lon="20.436888">
				<ele>616.000000</ele>
			</trkpt>
			<trkpt lat="48.955665" lon="20.436691">
				<ele>617.000000</ele>
			</trkpt>
			<trkpt lat="48.955677" lon="20.436493">
				<ele>617.000000</ele>
			</trkpt>
			<trkpt lat="48.955694" lon="20.436412">
				<ele>617.000000</ele>
			</trkpt>
			<trkpt lat="48.955759" lon="20.436304">
				<ele>618.000000</ele>
			</trkpt>
			<trkpt lat="48.955771" lon="20.436178">
				<ele>618.000000</ele>
			</trkpt>
			<trkpt lat="48.955700" lon="20.435819">
				<ele>620.000000</ele>
			</trkpt>
			<trkpt lat="48.955629" lon="20.435622">
				<ele>621.000000</ele>
			</trkpt>
			<trkpt lat="48.955623" lon="20.435604">
				<ele>621.000000</ele>
			</trkpt>
			<trkpt lat="48.955623" lon="20.435604">
				<ele>621.000000</ele>
			</trkpt>
			<trkpt lat="48.955588" lon="20.435442">
				<ele>624.000000</ele>
			</trkpt>
			<trkpt lat="48.955523" lon="20.435199">
				<ele>627.000000</ele>
			</trkpt>
			<trkpt lat="48.955399" lon="20.435100">
				<ele>629.000000</ele>
			</trkpt>
			<trkpt lat="48.955346" lon="20.434939">
				<ele>630.000000</ele>
			</trkpt>
			<trkpt lat="48.955376" lon="20.434499">
				<ele>631.000000</ele>
			</trkpt>
			<trkpt lat="48.955346" lon="20.434391">
				<ele>631.000000</ele>
			</trkpt>
			<trkpt lat="48.955323" lon="20.434320">
				<ele>631.000000</ele>
			</trkpt>
			<trkpt lat="48.955311" lon="20.434157">
				<ele>631.000000</ele>
			</trkpt>
			<trkpt lat="48.955281" lon="20.434067">
				<ele>632.000000</ele>
			</trkpt>
			<trkpt lat="48.955234" lon="20.433933">
				<ele>632.000000</ele>
			</trkpt>
			<trkpt lat="48.955205" lon="20.433825">
				<ele>632.000000</ele>
			</trkpt>
			<trkpt lat="48.955152" lon="20.433727">
				<ele>632.000000</ele>
			</trkpt>
			<trkpt lat="48.955057" lon="20.433601">
				<ele>633.000000</ele>
			</trkpt>
			<trkpt lat="48.955034" lon="20.433457">
				<ele>633.000000</ele>
			</trkpt>
			<trkpt lat="48.955040" lon="20.433394">
				<ele>633.000000</ele>
			</trkpt>
			<trkpt lat="48.954975" lon="20.433161">
				<ele>633.000000</ele>
			</trkpt>
			<trkpt lat="48.954904" lon="20.432972">
				<ele>634.000000</ele>
			</trkpt>
			<trkpt lat="48.954839" lon="20.432809">
				<ele>634.000000</ele>
			</trkpt>
			<trkpt lat="48.954821" lon="20.432738">
				<ele>634.000000</ele>
			</trkpt>
			<trkpt lat="48.954839" lon="20.432630">
				<ele>634.000000</ele>
			</trkpt>
			<trkpt lat="48.954898" lon="20.432289">
				<ele>635.000000</ele>
			</trkpt>
			<trkpt lat="48.954963" lon="20.432092">
				<ele>635.000000</ele>
			</trkpt>
			<trkpt lat="48.955116" lon="20.431670">
				<ele>636.000000</ele>
			</trkpt>
			<trkpt lat="48.955158" lon="20.431463">
				<ele>636.000000</ele>
			</trkpt>
			<trkpt lat="48.955158" lon="20.431346">
				<ele>636.000000</ele>
			</trkpt>
			<trkpt lat="48.955146" lon="20.431274">
				<ele>637.000000</ele>
			</trkpt>
			<trkpt lat="48.955075" lon="20.431130">
				<ele>637.000000</ele>
			</trkpt>
			<trkpt lat="48.955075" lon="20.431004">
				<ele>637.000000</ele>
			</trkpt>
			<trkpt lat="48.955057" lon="20.430870">
				<ele>637.000000</ele>
			</trkpt>
			<trkpt lat="48.955028" lon="20.430780">
				<ele>637.000000</ele>
			</trkpt>
			<trkpt lat="48.955040" lon="20.430618">
				<ele>638.000000</ele>
			</trkpt>
			<trkpt lat="48.955051" lon="20.430501">
				<ele>638.000000</ele>
			</trkpt>
			<trkpt lat="48.955051" lon="20.430358">
				<ele>638.000000</ele>
			</trkpt>
			<trkpt lat="48.955028" lon="20.430285">
				<ele>638.000000</ele>
			</trkpt>
			<trkpt lat="48.955040" lon="20.430222">
				<ele>638.000000</ele>
			</trkpt>
			<trkpt lat="48.955045" lon="20.430008">
				<ele>639.000000</ele>
			</trkpt>
			<trkpt lat="48.955040" lon="20.429809">
				<ele>639.000000</ele>
			</trkpt>
			<trkpt lat="48.954998" lon="20.429639">
				<ele>639.000000</ele>
			</trkpt>
			<trkpt lat="48.954975" lon="20.429513">
				<ele>639.000000</ele>
			</trkpt>
			<trkpt lat="48.954945" lon="20.429352">
				<ele>640.000000</ele>
			</trkpt>
			<trkpt lat="48.954910" lon="20.429226">
				<ele>640.000000</ele>
			</trkpt>
			<trkpt lat="48.954904" lon="20.429100">
				<ele>640.000000</ele>
			</trkpt>
			<trkpt lat="48.954821" lon="20.428741">
				<ele>640.000000</ele>
			</trkpt>
			<trkpt lat="48.954833" lon="20.428633">
				<ele>640.000000</ele>
			</trkpt>
			<trkpt lat="48.954857" lon="20.428408">
				<ele>640.000000</ele>
			</trkpt>
			<trkpt lat="48.954857" lon="20.428282">
				<ele>640.000000</ele>
			</trkpt>
			<trkpt lat="48.954833" lon="20.428138">
				<ele>640.000000</ele>
			</trkpt>
			<trkpt lat="48.954821" lon="20.427681">
				<ele>640.000000</ele>
			</trkpt>
			<trkpt lat="48.954827" lon="20.427582">
				<ele>640.000000</ele>
			</trkpt>
			<trkpt lat="48.954857" lon="20.427456">
				<ele>640.000000</ele>
			</trkpt>
			<trkpt lat="48.955004" lon="20.427205">
				<ele>640.000000</ele>
			</trkpt>
			<trkpt lat="48.955075" lon="20.427133">
				<ele>640.000000</ele>
			</trkpt>
			<trkpt lat="48.955128" lon="20.427025">
				<ele>641.000000</ele>
			</trkpt>
			<trkpt lat="48.955152" lon="20.426880">
				<ele>641.000000</ele>
			</trkpt>
			<trkpt lat="48.955211" lon="20.426710">
				<ele>642.000000</ele>
			</trkpt>
			<trkpt lat="48.955222" lon="20.426584">
				<ele>643.000000</ele>
			</trkpt>
			<trkpt lat="48.955252" lon="20.426513">
				<ele>643.000000</ele>
			</trkpt>
			<trkpt lat="48.955281" lon="20.426423">
				<ele>643.000000</ele>
			</trkpt>
			<trkpt lat="48.955323" lon="20.425901">
				<ele>645.000000</ele>
			</trkpt>
			<trkpt lat="48.955340" lon="20.425660">
				<ele>646.000000</ele>
			</trkpt>
			<trkpt lat="48.955311" lon="20.425498">
				<ele>647.000000</ele>
			</trkpt>
			<trkpt lat="48.955311" lon="20.425435">
				<ele>647.000000</ele>
			</trkpt>
			<trkpt lat="48.955329" lon="20.425335">
				<ele>648.000000</ele>
			</trkpt>
			<trkpt lat="48.955340" lon="20.425165">
				<ele>648.000000</ele>
			</trkpt>
			<trkpt lat="48.955352" lon="20.424905">
				<ele>649.000000</ele>
			</trkpt>
			<trkpt lat="48.955340" lon="20.424689">
				<ele>650.000000</ele>
			</trkpt>
			<trkpt lat="48.955281" lon="20.424259">
				<ele>650.000000</ele>
			</trkpt>
			<trkpt lat="48.955240" lon="20.423934">
				<ele>650.000000</ele>
			</trkpt>
			<trkpt lat="48.955199" lon="20.423719">
				<ele>650.000000</ele>
			</trkpt>
			<trkpt lat="48.955104" lon="20.423396">
				<ele>650.000000</ele>
			</trkpt>
			<trkpt lat="48.955075" lon="20.423288">
				<ele>650.000000</ele>
			</trkpt>
			<trkpt lat="48.955051" lon="20.423037">
				<ele>650.000000</ele>
			</trkpt>
			<trkpt lat="48.955028" lon="20.422920">
				<ele>650.000000</ele>
			</trkpt>
			<trkpt lat="48.954886" lon="20.422596">
				<ele>650.000000</ele>
			</trkpt>
			<trkpt lat="48.954839" lon="20.422498">
				<ele>650.000000</ele>
			</trkpt>
			<trkpt lat="48.954815" lon="20.422372">
				<ele>650.000000</ele>
			</trkpt>
			<trkpt lat="48.954792" lon="20.422201">
				<ele>650.000000</ele>
			</trkpt>
			<trkpt lat="48.954786" lon="20.422066">
				<ele>650.000000</ele>
			</trkpt>
			<trkpt lat="48.954810" lon="20.421976">
				<ele>650.000000</ele>
			</trkpt>
			<trkpt lat="48.954827" lon="20.421842">
				<ele>650.000000</ele>
			</trkpt>
			<trkpt lat="48.954821" lon="20.421733">
				<ele>650.000000</ele>
			</trkpt>
			<trkpt lat="48.954827" lon="20.421590">
				<ele>650.000000</ele>
			</trkpt>
			<trkpt lat="48.954833" lon="20.421429">
				<ele>650.000000</ele>
			</trkpt>
			<trkpt lat="48.954821" lon="20.421204">
				<ele>650.000000</ele>
			</trkpt>
			<trkpt lat="48.954786" lon="20.420988">
				<ele>650.000000</ele>
			</trkpt>
			<trkpt lat="48.954780" lon="20.420827">
				<ele>650.000000</ele>
			</trkpt>
			<trkpt lat="48.954804" lon="20.420701">
				<ele>650.000000</ele>
			</trkpt>
			<trkpt lat="48.954874" lon="20.420512">
				<ele>650.000000</ele>
			</trkpt>
			<trkpt lat="48.954868" lon="20.420341">
				<ele>650.000000</ele>
			</trkpt>
			<trkpt lat="48.954886" lon="20.420324">
				<ele>650.000000</ele>
			</trkpt>
			<trkpt lat="48.954975" lon="20.420351">
				<ele>650.000000</ele>
			</trkpt>
			<trkpt lat="48.955075" lon="20.420351">
				<ele>650.000000</ele>
			</trkpt>
			<trkpt lat="48.955258" lon="20.420297">
				<ele>650.000000</ele>
			</trkpt>
			<trkpt lat="48.955329" lon="20.420261">
				<ele>650.000000</ele>
			</trkpt>
			<trkpt lat="48.955393" lon="20.420198">
				<ele>650.000000</ele>
			</trkpt>
			<trkpt lat="48.955458" lon="20.420072">
				<ele>650.000000</ele>
			</trkpt>
			<trkpt lat="48.955482" lon="20.419919">
				<ele>650.000000</ele>
			</trkpt>
			<trkpt lat="48.955529" lon="20.419794">
				<ele>650.000000</ele>
			</trkpt>
			<trkpt lat="48.955612" lon="20.419676">
				<ele>650.000000</ele>
			</trkpt>
			<trkpt lat="48.955836" lon="20.419452">
				<ele>649.000000</ele>
			</trkpt>
			<trkpt lat="48.955948" lon="20.419335">
				<ele>648.000000</ele>
			</trkpt>
			<trkpt lat="48.956202" lon="20.418940">
				<ele>644.000000</ele>
			</trkpt>
			<trkpt lat="48.956290" lon="20.418779">
				<ele>642.000000</ele>
			</trkpt>
			<trkpt lat="48.956325" lon="20.418617">
				<ele>641.000000</ele>
			</trkpt>
			<trkpt lat="48.956402" lon="20.418347">
				<ele>639.000000</ele>
			</trkpt>
			<trkpt lat="48.956455" lon="20.418213">
				<ele>638.000000</ele>
			</trkpt>
			<trkpt lat="48.956502" lon="20.418060">
				<ele>637.000000</ele>
			</trkpt>
			<trkpt lat="48.956526" lon="20.417861">
				<ele>635.000000</ele>
			</trkpt>
			<trkpt lat="48.956579" lon="20.417521">
				<ele>633.000000</ele>
			</trkpt>
			<trkpt lat="48.956567" lon="20.417341">
				<ele>631.000000</ele>
			</trkpt>
			<trkpt lat="48.956585" lon="20.417188">
				<ele>630.000000</ele>
			</trkpt>
			<trkpt lat="48.956639" lon="20.416955">
				<ele>627.000000</ele>
			</trkpt>
			<trkpt lat="48.956721" lon="20.416901">
				<ele>626.000000</ele>
			</trkpt>
			<trkpt lat="48.956856" lon="20.416838">
				<ele>623.000000</ele>
			</trkpt>
			<trkpt lat="48.957187" lon="20.416775">
				<ele>617.000000</ele>
			</trkpt>
			<trkpt lat="48.957440" lon="20.416569">
				<ele>611.000000</ele>
			</trkpt>
			<trkpt lat="48.957611" lon="20.416488">
				<ele>607.000000</ele>
			</trkpt>
			<trkpt lat="48.957795" lon="20.416433">
				<ele>603.000000</ele>
			</trkpt>
			<trkpt lat="48.957907" lon="20.416416">
				<ele>600.000000</ele>
			</trkpt>
			<trkpt lat="48.958084" lon="20.416416">
				<ele>597.000000</ele>
			</trkpt>
			<trkpt lat="48.958248" lon="20.416362">
				<ele>593.000000</ele>
			</trkpt>
			<trkpt lat="48.958656" lon="20.416003">
				<ele>581.000000</ele>
			</trkpt>
			<trkpt lat="48.958755" lon="20.415957">
				<ele>580.000000</ele>
			</trkpt>
			<trkpt lat="48.958862" lon="20.415940">
				<ele>580.000000</ele>
			</trkpt>
			<trkpt lat="48.958932" lon="20.415922">
				<ele>580.000000</ele>
			</trkpt>
			<trkpt lat="48.958991" lon="20.415867">
				<ele>580.000000</ele>
			</trkpt>
			<trkpt lat="48.959033" lon="20.415796">
				<ele>580.000000</ele>
			</trkpt>
			<trkpt lat="48.959069" lon="20.415670">
				<ele>580.000000</ele>
			</trkpt>
			<trkpt lat="48.958968" lon="20.415347">
				<ele>580.000000</ele>
			</trkpt>
			<trkpt lat="48.958938" lon="20.415158">
				<ele>580.000000</ele>
			</trkpt>
			<trkpt lat="48.958945" lon="20.415024">
				<ele>580.000000</ele>
			</trkpt>
			<trkpt lat="48.958932" lon="20.414781">
				<ele>580.000000</ele>
			</trkpt>
			<trkpt lat="48.958903" lon="20.414601">
				<ele>580.000000</ele>
			</trkpt>
			<trkpt lat="48.958909" lon="20.414439">
				<ele>581.000000</ele>
			</trkpt>
			<trkpt lat="48.959021" lon="20.414215">
				<ele>583.000000</ele>
			</trkpt>
			<trkpt lat="48.959074" lon="20.414045">
				<ele>584.000000</ele>
			</trkpt>
			<trkpt lat="48.959116" lon="20.413810">
				<ele>585.000000</ele>
			</trkpt>
			<trkpt lat="48.959128" lon="20.413630">
				<ele>586.000000</ele>
			</trkpt>
			<trkpt lat="48.959103" lon="20.413443">
				<ele>587.000000</ele>
			</trkpt>
			<trkpt lat="48.959122" lon="20.413236">
				<ele>588.000000</ele>
			</trkpt>
			<trkpt lat="48.959145" lon="20.413083">
				<ele>588.000000</ele>
			</trkpt>
			<trkpt lat="48.959139" lon="20.412850">
				<ele>589.000000</ele>
			</trkpt>
			<trkpt lat="48.959098" lon="20.412624">
				<ele>592.000000</ele>
			</trkpt>
			<trkpt lat="48.958892" lon="20.411888">
				<ele>601.000000</ele>
			</trkpt>
			<trkpt lat="48.958886" lon="20.411735">
				<ele>602.000000</ele>
			</trkpt>
			<trkpt lat="48.958827" lon="20.411546">
				<ele>604.000000</ele>
			</trkpt>
			<trkpt lat="48.958827" lon="20.411367">
				<ele>605.000000</ele>
			</trkpt>
			<trkpt lat="48.958827" lon="20.411242">
				<ele>606.000000</ele>
			</trkpt>
			<trkpt lat="48.958856" lon="20.410810">
				<ele>610.000000</ele>
			</trkpt>
			<trkpt lat="48.958879" lon="20.410693">
				<ele>611.000000</ele>
			</trkpt>
			<trkpt lat="48.958862" lon="20.410603">
				<ele>611.000000</ele>
			</trkpt>
			<trkpt lat="48.958892" lon="20.410460">
				<ele>613.000000</ele>
			</trkpt>
			<trkpt lat="48.958898" lon="20.410244">
				<ele>614.000000</ele>
			</trkpt>
			<trkpt lat="48.958856" lon="20.410118">
				<ele>615.000000</ele>
			</trkpt>
			<trkpt lat="48.958814" lon="20.409848">
				<ele>618.000000</ele>
			</trkpt>
			<trkpt lat="48.958791" lon="20.409552">
				<ele>620.000000</ele>
			</trkpt>
			<trkpt lat="48.958803" lon="20.409409">
				<ele>624.000000</ele>
			</trkpt>
			<trkpt lat="48.958827" lon="20.409311">
				<ele>627.000000</ele>
			</trkpt>
			<trkpt lat="48.958927" lon="20.409185">
				<ele>633.000000</ele>
			</trkpt>
			<trkpt lat="48.959021" lon="20.409112">
				<ele>638.000000</ele>
			</trkpt>
			<trkpt lat="48.959128" lon="20.409022">
				<ele>643.000000</ele>
			</trkpt>
			<trkpt lat="48.959145" lon="20.408951">
				<ele>645.000000</ele>
			</trkpt>
			<trkpt lat="48.959116" lon="20.408888">
				<ele>647.000000</ele>
			</trkpt>
			<trkpt lat="48.959069" lon="20.408745">
				<ele>650.000000</ele>
			</trkpt>
			<trkpt lat="48.958998" lon="20.408600">
				<ele>650.000000</ele>
			</trkpt>
			<trkpt lat="48.958898" lon="20.408295">
				<ele>650.000000</ele>
			</trkpt>
			<trkpt lat="48.958945" lon="20.408053">
				<ele>650.000000</ele>
			</trkpt>
			<trkpt lat="48.958962" lon="20.407944">
				<ele>650.000000</ele>
			</trkpt>
			<trkpt lat="48.958927" lon="20.407737">
				<ele>650.000000</ele>
			</trkpt>
			<trkpt lat="48.958985" lon="20.407118">
				<ele>650.000000</ele>
			</trkpt>
			<trkpt lat="48.958998" lon="20.406902">
				<ele>648.000000</ele>
			</trkpt>
			<trkpt lat="48.959027" lon="20.406750">
				<ele>644.000000</ele>
			</trkpt>
			<trkpt lat="48.959015" lon="20.406624">
				<ele>641.000000</ele>
			</trkpt>
			<trkpt lat="48.959010" lon="20.406516">
				<ele>639.000000</ele>
			</trkpt>
			<trkpt lat="48.959044" lon="20.406355">
				<ele>636.000000</ele>
			</trkpt>
			<trkpt lat="48.959128" lon="20.406175">
				<ele>632.000000</ele>
			</trkpt>
			<trkpt lat="48.959157" lon="20.406040">
				<ele>630.000000</ele>
			</trkpt>
			<trkpt lat="48.959145" lon="20.405860">
				<ele>627.000000</ele>
			</trkpt>
			<trkpt lat="48.959181" lon="20.405672">
				<ele>623.000000</ele>
			</trkpt>
			<trkpt lat="48.959216" lon="20.405447">
				<ele>620.000000</ele>
			</trkpt>
			<trkpt lat="48.959257" lon="20.405357">
				<ele>618.000000</ele>
			</trkpt>
			<trkpt lat="48.959257" lon="20.405357">
				<ele>618.000000</ele>
			</trkpt>
			<trkpt lat="48.959275" lon="20.405330">
				<ele>617.000000</ele>
			</trkpt>
			<trkpt lat="48.959375" lon="20.405240">
				<ele>614.000000</ele>
			</trkpt>
			<trkpt lat="48.959770" lon="20.404935">
				<ele>605.000000</ele>
			</trkpt>
			<trkpt lat="48.960000" lon="20.404881">
				<ele>601.000000</ele>
			</trkpt>
			<trkpt lat="48.960059" lon="20.404873">
				<ele>600.000000</ele>
			</trkpt>
			<trkpt lat="48.960325" lon="20.404854">
				<ele>595.000000</ele>
			</trkpt>
			<trkpt lat="48.960620" lon="20.404764">
				<ele>590.000000</ele>
			</trkpt>
			<trkpt lat="48.960726" lon="20.404764">
				<ele>587.000000</ele>
			</trkpt>
			<trkpt lat="48.960956" lon="20.404711">
				<ele>581.000000</ele>
			</trkpt>
			<trkpt lat="48.961180" lon="20.404747">
				<ele>576.000000</ele>
			</trkpt>
			<trkpt lat="48.961504" lon="20.404818">
				<ele>568.000000</ele>
			</trkpt>
			<trkpt lat="48.961858" lon="20.404990">
				<ele>561.000000</ele>
			</trkpt>
			<trkpt lat="48.962265" lon="20.405169">
				<ele>551.000000</ele>
			</trkpt>
			<trkpt lat="48.962330" lon="20.405133">
				<ele>549.000000</ele>
			</trkpt>
			<trkpt lat="48.962383" lon="20.405124">
				<ele>548.000000</ele>
			</trkpt>
			<trkpt lat="48.962448" lon="20.405106">
				<ele>547.000000</ele>
			</trkpt>
			<trkpt lat="48.962489" lon="20.405061">
				<ele>546.000000</ele>
			</trkpt>
			<trkpt lat="48.962537" lon="20.404998">
				<ele>544.000000</ele>
			</trkpt>
			<trkpt lat="48.962572" lon="20.404944">
				<ele>543.000000</ele>
			</trkpt>
			<trkpt lat="48.962596" lon="20.404908">
				<ele>543.000000</ele>
			</trkpt>
			<trkpt lat="48.962613" lon="20.404837">
				<ele>542.000000</ele>
			</trkpt>
			<trkpt lat="48.962590" lon="20.404567">
				<ele>540.000000</ele>
			</trkpt>
			<trkpt lat="48.962590" lon="20.404458">
				<ele>540.000000</ele>
			</trkpt>
			<trkpt lat="48.962619" lon="20.404324">
				<ele>540.000000</ele>
			</trkpt>
			<trkpt lat="48.962619" lon="20.404190">
				<ele>539.000000</ele>
			</trkpt>
			<trkpt lat="48.962607" lon="20.404011">
				<ele>539.000000</ele>
			</trkpt>
			<trkpt lat="48.962525" lon="20.403776">
				<ele>539.000000</ele>
			</trkpt>
			<trkpt lat="48.962419" lon="20.403579">
				<ele>539.000000</ele>
			</trkpt>
			<trkpt lat="48.962336" lon="20.403229">
				<ele>538.000000</ele>
			</trkpt>
			<trkpt lat="48.962206" lon="20.402940">
				<ele>538.000000</ele>
			</trkpt>
			<trkpt lat="48.962283" lon="20.402680">
				<ele>538.000000</ele>
			</trkpt>
			<trkpt lat="48.962289" lon="20.402653">
				<ele>538.000000</ele>
			</trkpt>
			<trkpt lat="48.962301" lon="20.402617">
				<ele>538.000000</ele>
			</trkpt>
			<trkpt lat="48.962301" lon="20.402590">
				<ele>538.000000</ele>
			</trkpt>
			<trkpt lat="48.962301" lon="20.402564">
				<ele>538.000000</ele>
			</trkpt>
			<trkpt lat="48.962318" lon="20.402537">
				<ele>538.000000</ele>
			</trkpt>
			<trkpt lat="48.962348" lon="20.402492">
				<ele>538.000000</ele>
			</trkpt>
			<trkpt lat="48.962371" lon="20.402464">
				<ele>539.000000</ele>
			</trkpt>
			<trkpt lat="48.962383" lon="20.402437">
				<ele>539.000000</ele>
			</trkpt>
			<trkpt lat="48.962389" lon="20.402411">
				<ele>539.000000</ele>
			</trkpt>
			<trkpt lat="48.962389" lon="20.402374">
				<ele>539.000000</ele>
			</trkpt>
			<trkpt lat="48.962383" lon="20.402348">
				<ele>539.000000</ele>
			</trkpt>
			<trkpt lat="48.962348" lon="20.402330">
				<ele>539.000000</ele>
			</trkpt>
			<trkpt lat="48.962336" lon="20.402313">
				<ele>539.000000</ele>
			</trkpt>
			<trkpt lat="48.962336" lon="20.402285">
				<ele>539.000000</ele>
			</trkpt>
			<trkpt lat="48.962342" lon="20.402258">
				<ele>539.000000</ele>
			</trkpt>
			<trkpt lat="48.962348" lon="20.402231">
				<ele>539.000000</ele>
			</trkpt>
			<trkpt lat="48.962366" lon="20.402160">
				<ele>540.000000</ele>
			</trkpt>
			<trkpt lat="48.962371" lon="20.402106">
				<ele>540.000000</ele>
			</trkpt>
			<trkpt lat="48.962371" lon="20.402070">
				<ele>540.000000</ele>
			</trkpt>
			<trkpt lat="48.962354" lon="20.402024">
				<ele>540.000000</ele>
			</trkpt>
			<trkpt lat="48.962330" lon="20.401998">
				<ele>540.000000</ele>
			</trkpt>
			<trkpt lat="48.962307" lon="20.401971">
				<ele>541.000000</ele>
			</trkpt>
			<trkpt lat="48.962283" lon="20.401961">
				<ele>542.000000</ele>
			</trkpt>
			<trkpt lat="48.962253" lon="20.401961">
				<ele>542.000000</ele>
			</trkpt>
			<trkpt lat="48.962242" lon="20.401953">
				<ele>542.000000</ele>
			</trkpt>
			<trkpt lat="48.962230" lon="20.401926">
				<ele>543.000000</ele>
			</trkpt>
			<trkpt lat="48.962230" lon="20.401890">
				<ele>543.000000</ele>
			</trkpt>
			<trkpt lat="48.962236" lon="20.401854">
				<ele>544.000000</ele>
			</trkpt>
			<trkpt lat="48.962236" lon="20.401845">
				<ele>544.000000</ele>
			</trkpt>
			<trkpt lat="48.962230" lon="20.401818">
				<ele>544.000000</ele>
			</trkpt>
			<trkpt lat="48.962206" lon="20.401800">
				<ele>545.000000</ele>
			</trkpt>
			<trkpt lat="48.962189" lon="20.401764">
				<ele>545.000000</ele>
			</trkpt>
			<trkpt lat="48.962171" lon="20.401674">
				<ele>547.000000</ele>
			</trkpt>
			<trkpt lat="48.962136" lon="20.401594">
				<ele>548.000000</ele>
			</trkpt>
			<trkpt lat="48.962094" lon="20.401485">
				<ele>550.000000</ele>
			</trkpt>
			<trkpt lat="48.962053" lon="20.401395">
				<ele>550.000000</ele>
			</trkpt>
			<trkpt lat="48.962018" lon="20.401315">
				<ele>551.000000</ele>
			</trkpt>
			<trkpt lat="48.961982" lon="20.401189">
				<ele>551.000000</ele>
			</trkpt>
			<trkpt lat="48.961923" lon="20.401036">
				<ele>552.000000</ele>
			</trkpt>
			<trkpt lat="48.961900" lon="20.400965">
				<ele>552.000000</ele>
			</trkpt>
			<trkpt lat="48.961835" lon="20.400803">
				<ele>552.000000</ele>
			</trkpt>
			<trkpt lat="48.961764" lon="20.400642">
				<ele>553.000000</ele>
			</trkpt>
			<trkpt lat="48.961681" lon="20.400462">
				<ele>554.000000</ele>
			</trkpt>
			<trkpt lat="48.961640" lon="20.400372">
				<ele>554.000000</ele>
			</trkpt>
			<trkpt lat="48.961599" lon="20.400319">
				<ele>554.000000</ele>
			</trkpt>
			<trkpt lat="48.961522" lon="20.400246">
				<ele>555.000000</ele>
			</trkpt>
			<trkpt lat="48.961398" lon="20.400183">
				<ele>555.000000</ele>
			</trkpt>
			<trkpt lat="48.961263" lon="20.400120">
				<ele>556.000000</ele>
			</trkpt>
			<trkpt lat="48.961092" lon="20.400013">
				<ele>557.000000</ele>
			</trkpt>
			<trkpt lat="48.960956" lon="20.399940">
				<ele>558.000000</ele>
			</trkpt>
			<trkpt lat="48.960844" lon="20.399850">
				<ele>558.000000</ele>
			</trkpt>
			<trkpt lat="48.960755" lon="20.399761">
				<ele>559.000000</ele>
			</trkpt>
			<trkpt lat="48.960649" lon="20.399707">
				<ele>559.000000</ele>
			</trkpt>
			<trkpt lat="48.960531" lon="20.399644">
				<ele>560.000000</ele>
			</trkpt>
			<trkpt lat="48.960396" lon="20.399563">
				<ele>560.000000</ele>
			</trkpt>
			<trkpt lat="48.960343" lon="20.399510">
				<ele>560.000000</ele>
			</trkpt>
			<trkpt lat="48.960177" lon="20.399285">
				<ele>560.000000</ele>
			</trkpt>
			<trkpt lat="48.960272" lon="20.399204">
				<ele>560.000000</ele>
			</trkpt>
			<trkpt lat="48.960402" lon="20.399124">
				<ele>560.000000</ele>
			</trkpt>
			<trkpt lat="48.960738" lon="20.398934">
				<ele>560.000000</ele>
			</trkpt>
			<trkpt lat="48.960856" lon="20.398871">
				<ele>560.000000</ele>
			</trkpt>
			<trkpt lat="48.960903" lon="20.398827">
				<ele>560.000000</ele>
			</trkpt>
			<trkpt lat="48.960950" lon="20.398782">
				<ele>560.000000</ele>
			</trkpt>
			<trkpt lat="48.961044" lon="20.398665">
				<ele>560.000000</ele>
			</trkpt>
			<trkpt lat="48.961121" lon="20.398558">
				<ele>560.000000</ele>
			</trkpt>
			<trkpt lat="48.961168" lon="20.398485">
				<ele>560.000000</ele>
			</trkpt>
			<trkpt lat="48.961221" lon="20.398369">
				<ele>560.000000</ele>
			</trkpt>
			<trkpt lat="48.961245" lon="20.398296">
				<ele>560.000000</ele>
			</trkpt>
			<trkpt lat="48.961381" lon="20.397686">
				<ele>560.000000</ele>
			</trkpt>
			<trkpt lat="48.961381" lon="20.397686">
				<ele>560.000000</ele>
			</trkpt>
			<trkpt lat="48.961398" lon="20.397613">
				<ele>560.000000</ele>
			</trkpt>
			<trkpt lat="48.961516" lon="20.397254">
				<ele>560.000000</ele>
			</trkpt>
			<trkpt lat="48.961622" lon="20.396967">
				<ele>560.000000</ele>
			</trkpt>
			<trkpt lat="48.961664" lon="20.396877">
				<ele>560.000000</ele>
			</trkpt>
			<trkpt lat="48.961752" lon="20.396778">
				<ele>560.000000</ele>
			</trkpt>
			<trkpt lat="48.961906" lon="20.396688">
				<ele>560.000000</ele>
			</trkpt>
			<trkpt lat="48.962077" lon="20.396491">
				<ele>560.000000</ele>
			</trkpt>
			<trkpt lat="48.962312" lon="20.396204">
				<ele>558.000000</ele>
			</trkpt>
			<trkpt lat="48.962572" lon="20.395934">
				<ele>555.000000</ele>
			</trkpt>
			<trkpt lat="48.962719" lon="20.395772">
				<ele>553.000000</ele>
			</trkpt>
			<trkpt lat="48.962808" lon="20.395665">
				<ele>552.000000</ele>
			</trkpt>
			<trkpt lat="48.962855" lon="20.395584">
				<ele>551.000000</ele>
			</trkpt>
			<trkpt lat="48.962896" lon="20.395503">
				<ele>550.000000</ele>
			</trkpt>
			<trkpt lat="48.962967" lon="20.395332">
				<ele>550.000000</ele>
			</trkpt>
			<trkpt lat="48.963126" lon="20.394919">
				<ele>550.000000</ele>
			</trkpt>
			<trkpt lat="48.963286" lon="20.394533">
				<ele>550.000000</ele>
			</trkpt>
			<trkpt lat="48.963321" lon="20.394407">
				<ele>550.000000</ele>
			</trkpt>
			<trkpt lat="48.963339" lon="20.394317">
				<ele>550.000000</ele>
			</trkpt>
			<trkpt lat="48.963350" lon="20.394263">
				<ele>550.000000</ele>
			</trkpt>
			<trkpt lat="48.963374" lon="20.394093">
				<ele>550.000000</ele>
			</trkpt>
			<trkpt lat="48.963380" lon="20.394021">
				<ele>550.000000</ele>
			</trkpt>
			<trkpt lat="48.963374" lon="20.393948">
				<ele>550.000000</ele>
			</trkpt>
			<trkpt lat="48.963362" lon="20.393877">
				<ele>550.000000</ele>
			</trkpt>
			<trkpt lat="48.963280" lon="20.393545">
				<ele>550.000000</ele>
			</trkpt>
			<trkpt lat="48.963221" lon="20.393203">
				<ele>550.000000</ele>
			</trkpt>
			<trkpt lat="48.963197" lon="20.392988">
				<ele>550.000000</ele>
			</trkpt>
			<trkpt lat="48.963115" lon="20.392296">
				<ele>550.000000</ele>
			</trkpt>
			<trkpt lat="48.963103" lon="20.392161">
				<ele>550.000000</ele>
			</trkpt>
			<trkpt lat="48.962991" lon="20.390553">
				<ele>550.000000</ele>
			</trkpt>
			<trkpt lat="48.962985" lon="20.390256">
				<ele>550.000000</ele>
			</trkpt>
			<trkpt lat="48.963002" lon="20.390059">
				<ele>550.000000</ele>
			</trkpt>
			<trkpt lat="48.963032" lon="20.389808">
				<ele>550.000000</ele>
			</trkpt>
			<trkpt lat="48.963132" lon="20.389350">
				<ele>550.000000</ele>
			</trkpt>
			<trkpt lat="48.963303" lon="20.388774">
				<ele>550.000000</ele>
			</trkpt>
			<trkpt lat="48.963516" lon="20.388191">
				<ele>550.000000</ele>
			</trkpt>
			<trkpt lat="48.963970" lon="20.387013">
				<ele>550.000000</ele>
			</trkpt>
			<trkpt lat="48.963734" lon="20.386889">
				<ele>550.000000</ele>
			</trkpt>
			<trkpt lat="48.963840" lon="20.386556">
				<ele>550.000000</ele>
			</trkpt>
			<trkpt lat="48.963999" lon="20.386107">
				<ele>550.000000</ele>
			</trkpt>
			<trkpt lat="48.964046" lon="20.386008">
				<ele>550.000000</ele>
			</trkpt>
			<trkpt lat="48.964076" lon="20.385936">
				<ele>550.000000</ele>
			</trkpt>
			<trkpt lat="48.964094" lon="20.385855">
				<ele>550.000000</ele>
			</trkpt>
			<trkpt lat="48.964105" lon="20.385810">
				<ele>550.000000</ele>
			</trkpt>
			<trkpt lat="48.964129" lon="20.385612">
				<ele>550.000000</ele>
			</trkpt>
			<trkpt lat="48.964141" lon="20.385514">
				<ele>550.000000</ele>
			</trkpt>
			<trkpt lat="48.964247" lon="20.385128">
				<ele>550.000000</ele>
			</trkpt>
			<trkpt lat="48.964442" lon="20.385244">
				<ele>550.000000</ele>
			</trkpt>
			<trkpt lat="48.964524" lon="20.385271">
				<ele>550.000000</ele>
			</trkpt>
			<trkpt lat="48.964778" lon="20.385514">
				<ele>550.000000</ele>
			</trkpt>
			<trkpt lat="48.964860" lon="20.385684">
				<ele>550.000000</ele>
			</trkpt>
			<trkpt lat="48.964913" lon="20.385765">
				<ele>550.000000</ele>
			</trkpt>
			<trkpt lat="48.964961" lon="20.385828">
				<ele>550.000000</ele>
			</trkpt>
			<trkpt lat="48.965014" lon="20.385873">
				<ele>550.000000</ele>
			</trkpt>
			<trkpt lat="48.965096" lon="20.385927">
				<ele>550.000000</ele>
			</trkpt>
			<trkpt lat="48.965196" lon="20.385900">
				<ele>550.000000</ele>
			</trkpt>
			<trkpt lat="48.965338" lon="20.385864">
				<ele>550.000000</ele>
			</trkpt>
			<trkpt lat="48.965444" lon="20.385837">
				<ele>550.000000</ele>
			</trkpt>
			<trkpt lat="48.965562" lon="20.385810">
				<ele>550.000000</ele>
			</trkpt>
			<trkpt lat="48.965751" lon="20.385765">
				<ele>550.000000</ele>
			</trkpt>
			<trkpt lat="48.965822" lon="20.385747">
				<ele>550.000000</ele>
			</trkpt>
			<trkpt lat="48.965863" lon="20.386026">
				<ele>550.000000</ele>
			</trkpt>
			<trkpt lat="48.965886" lon="20.386214">
				<ele>550.000000</ele>
			</trkpt>
			<trkpt lat="48.965945" lon="20.386287">
				<ele>550.000000</ele>
			</trkpt>
		</trkseg>
	</trk>
</gpx>

