<?xml version="1.0" encoding="utf-8"?>
<gpx xmlns="http://www.topografix.com/GPX/1/1" version="1.1" creator="https://mapy.cz/">
	<trk>
		<name>Kysel ferrata - idő 7 óra :: táv 17km :: szint 750m</name>
		<trkseg>
			<trkpt lat="48.967432" lon="20.386583">
				<ele>550.000000</ele>
			</trkpt>
			<trkpt lat="48.967378" lon="20.386493">
				<ele>550.000000</ele>
			</trkpt>
			<trkpt lat="48.967284" lon="20.386367">
				<ele>549.000000</ele>
			</trkpt>
			<trkpt lat="48.967190" lon="20.386250">
				<ele>549.000000</ele>
			</trkpt>
			<trkpt lat="48.967090" lon="20.386143">
				<ele>549.000000</ele>
			</trkpt>
			<trkpt lat="48.966924" lon="20.385990">
				<ele>548.000000</ele>
			</trkpt>
			<trkpt lat="48.966659" lon="20.385784">
				<ele>547.000000</ele>
			</trkpt>
			<trkpt lat="48.966576" lon="20.385729">
				<ele>547.000000</ele>
			</trkpt>
			<trkpt lat="48.966506" lon="20.385684">
				<ele>546.000000</ele>
			</trkpt>
			<trkpt lat="48.966388" lon="20.385648">
				<ele>545.000000</ele>
			</trkpt>
			<trkpt lat="48.966323" lon="20.385648">
				<ele>545.000000</ele>
			</trkpt>
			<trkpt lat="48.965822" lon="20.385747">
				<ele>544.000000</ele>
			</trkpt>
			<trkpt lat="48.965751" lon="20.385765">
				<ele>544.000000</ele>
			</trkpt>
			<trkpt lat="48.965562" lon="20.385810">
				<ele>544.000000</ele>
			</trkpt>
			<trkpt lat="48.965444" lon="20.385837">
				<ele>543.000000</ele>
			</trkpt>
			<trkpt lat="48.965338" lon="20.385864">
				<ele>543.000000</ele>
			</trkpt>
			<trkpt lat="48.965196" lon="20.385900">
				<ele>543.000000</ele>
			</trkpt>
			<trkpt lat="48.965096" lon="20.385927">
				<ele>543.000000</ele>
			</trkpt>
			<trkpt lat="48.965014" lon="20.385873">
				<ele>543.000000</ele>
			</trkpt>
			<trkpt lat="48.964961" lon="20.385828">
				<ele>543.000000</ele>
			</trkpt>
			<trkpt lat="48.964913" lon="20.385765">
				<ele>543.000000</ele>
			</trkpt>
			<trkpt lat="48.964860" lon="20.385684">
				<ele>544.000000</ele>
			</trkpt>
			<trkpt lat="48.964778" lon="20.385514">
				<ele>544.000000</ele>
			</trkpt>
			<trkpt lat="48.964524" lon="20.385271">
				<ele>545.000000</ele>
			</trkpt>
			<trkpt lat="48.964442" lon="20.385244">
				<ele>545.000000</ele>
			</trkpt>
			<trkpt lat="48.964247" lon="20.385128">
				<ele>546.000000</ele>
			</trkpt>
			<trkpt lat="48.964141" lon="20.385514">
				<ele>546.000000</ele>
			</trkpt>
			<trkpt lat="48.964129" lon="20.385612">
				<ele>546.000000</ele>
			</trkpt>
			<trkpt lat="48.964105" lon="20.385810">
				<ele>545.000000</ele>
			</trkpt>
			<trkpt lat="48.964094" lon="20.385855">
				<ele>545.000000</ele>
			</trkpt>
			<trkpt lat="48.964076" lon="20.385936">
				<ele>546.000000</ele>
			</trkpt>
			<trkpt lat="48.964046" lon="20.386008">
				<ele>546.000000</ele>
			</trkpt>
			<trkpt lat="48.963999" lon="20.386107">
				<ele>547.000000</ele>
			</trkpt>
			<trkpt lat="48.963840" lon="20.386556">
				<ele>547.000000</ele>
			</trkpt>
			<trkpt lat="48.963734" lon="20.386889">
				<ele>547.000000</ele>
			</trkpt>
			<trkpt lat="48.963970" lon="20.387013">
				<ele>546.000000</ele>
			</trkpt>
			<trkpt lat="48.963516" lon="20.388191">
				<ele>548.000000</ele>
			</trkpt>
			<trkpt lat="48.963303" lon="20.388774">
				<ele>550.000000</ele>
			</trkpt>
			<trkpt lat="48.963132" lon="20.389350">
				<ele>550.000000</ele>
			</trkpt>
			<trkpt lat="48.963032" lon="20.389808">
				<ele>551.000000</ele>
			</trkpt>
			<trkpt lat="48.963002" lon="20.390059">
				<ele>550.000000</ele>
			</trkpt>
			<trkpt lat="48.962985" lon="20.390256">
				<ele>550.000000</ele>
			</trkpt>
			<trkpt lat="48.962991" lon="20.390553">
				<ele>549.000000</ele>
			</trkpt>
			<trkpt lat="48.963103" lon="20.392161">
				<ele>544.000000</ele>
			</trkpt>
			<trkpt lat="48.963115" lon="20.392296">
				<ele>544.000000</ele>
			</trkpt>
			<trkpt lat="48.963197" lon="20.392988">
				<ele>543.000000</ele>
			</trkpt>
			<trkpt lat="48.963221" lon="20.393203">
				<ele>543.000000</ele>
			</trkpt>
			<trkpt lat="48.963280" lon="20.393545">
				<ele>542.000000</ele>
			</trkpt>
			<trkpt lat="48.963362" lon="20.393877">
				<ele>542.000000</ele>
			</trkpt>
			<trkpt lat="48.963374" lon="20.393948">
				<ele>542.000000</ele>
			</trkpt>
			<trkpt lat="48.963380" lon="20.394021">
				<ele>542.000000</ele>
			</trkpt>
			<trkpt lat="48.963374" lon="20.394093">
				<ele>541.000000</ele>
			</trkpt>
			<trkpt lat="48.963350" lon="20.394263">
				<ele>541.000000</ele>
			</trkpt>
			<trkpt lat="48.963339" lon="20.394317">
				<ele>541.000000</ele>
			</trkpt>
			<trkpt lat="48.963321" lon="20.394407">
				<ele>541.000000</ele>
			</trkpt>
			<trkpt lat="48.963286" lon="20.394533">
				<ele>542.000000</ele>
			</trkpt>
			<trkpt lat="48.963126" lon="20.394919">
				<ele>544.000000</ele>
			</trkpt>
			<trkpt lat="48.962967" lon="20.395332">
				<ele>547.000000</ele>
			</trkpt>
			<trkpt lat="48.962896" lon="20.395503">
				<ele>550.000000</ele>
			</trkpt>
			<trkpt lat="48.962855" lon="20.395584">
				<ele>551.000000</ele>
			</trkpt>
			<trkpt lat="48.962808" lon="20.395665">
				<ele>552.000000</ele>
			</trkpt>
			<trkpt lat="48.962719" lon="20.395772">
				<ele>553.000000</ele>
			</trkpt>
			<trkpt lat="48.962572" lon="20.395934">
				<ele>555.000000</ele>
			</trkpt>
			<trkpt lat="48.962312" lon="20.396204">
				<ele>558.000000</ele>
			</trkpt>
			<trkpt lat="48.962077" lon="20.396491">
				<ele>561.000000</ele>
			</trkpt>
			<trkpt lat="48.961906" lon="20.396688">
				<ele>563.000000</ele>
			</trkpt>
			<trkpt lat="48.961752" lon="20.396778">
				<ele>564.000000</ele>
			</trkpt>
			<trkpt lat="48.961664" lon="20.396877">
				<ele>564.000000</ele>
			</trkpt>
			<trkpt lat="48.961622" lon="20.396967">
				<ele>564.000000</ele>
			</trkpt>
			<trkpt lat="48.961516" lon="20.397254">
				<ele>565.000000</ele>
			</trkpt>
			<trkpt lat="48.961398" lon="20.397613">
				<ele>564.000000</ele>
			</trkpt>
			<trkpt lat="48.961245" lon="20.398296">
				<ele>562.000000</ele>
			</trkpt>
			<trkpt lat="48.961221" lon="20.398369">
				<ele>561.000000</ele>
			</trkpt>
			<trkpt lat="48.961168" lon="20.398485">
				<ele>561.000000</ele>
			</trkpt>
			<trkpt lat="48.961121" lon="20.398558">
				<ele>561.000000</ele>
			</trkpt>
			<trkpt lat="48.961044" lon="20.398665">
				<ele>561.000000</ele>
			</trkpt>
			<trkpt lat="48.960950" lon="20.398782">
				<ele>561.000000</ele>
			</trkpt>
			<trkpt lat="48.960903" lon="20.398827">
				<ele>561.000000</ele>
			</trkpt>
			<trkpt lat="48.960856" lon="20.398871">
				<ele>561.000000</ele>
			</trkpt>
			<trkpt lat="48.960738" lon="20.398934">
				<ele>562.000000</ele>
			</trkpt>
			<trkpt lat="48.960402" lon="20.399124">
				<ele>564.000000</ele>
			</trkpt>
			<trkpt lat="48.960272" lon="20.399204">
				<ele>566.000000</ele>
			</trkpt>
			<trkpt lat="48.960177" lon="20.399285">
				<ele>568.000000</ele>
			</trkpt>
			<trkpt lat="48.960343" lon="20.399510">
				<ele>563.000000</ele>
			</trkpt>
			<trkpt lat="48.960396" lon="20.399563">
				<ele>562.000000</ele>
			</trkpt>
			<trkpt lat="48.960531" lon="20.399644">
				<ele>560.000000</ele>
			</trkpt>
			<trkpt lat="48.960649" lon="20.399707">
				<ele>559.000000</ele>
			</trkpt>
			<trkpt lat="48.960755" lon="20.399761">
				<ele>558.000000</ele>
			</trkpt>
			<trkpt lat="48.960844" lon="20.399850">
				<ele>558.000000</ele>
			</trkpt>
			<trkpt lat="48.960956" lon="20.399940">
				<ele>557.000000</ele>
			</trkpt>
			<trkpt lat="48.961092" lon="20.400013">
				<ele>558.000000</ele>
			</trkpt>
			<trkpt lat="48.961263" lon="20.400120">
				<ele>558.000000</ele>
			</trkpt>
			<trkpt lat="48.961398" lon="20.400183">
				<ele>558.000000</ele>
			</trkpt>
			<trkpt lat="48.961522" lon="20.400246">
				<ele>557.000000</ele>
			</trkpt>
			<trkpt lat="48.961599" lon="20.400319">
				<ele>558.000000</ele>
			</trkpt>
			<trkpt lat="48.961640" lon="20.400372">
				<ele>559.000000</ele>
			</trkpt>
			<trkpt lat="48.961681" lon="20.400462">
				<ele>558.000000</ele>
			</trkpt>
			<trkpt lat="48.961764" lon="20.400642">
				<ele>555.000000</ele>
			</trkpt>
			<trkpt lat="48.961835" lon="20.400803">
				<ele>553.000000</ele>
			</trkpt>
			<trkpt lat="48.961900" lon="20.400965">
				<ele>552.000000</ele>
			</trkpt>
			<trkpt lat="48.961923" lon="20.401036">
				<ele>552.000000</ele>
			</trkpt>
			<trkpt lat="48.961982" lon="20.401189">
				<ele>551.000000</ele>
			</trkpt>
			<trkpt lat="48.962018" lon="20.401315">
				<ele>551.000000</ele>
			</trkpt>
			<trkpt lat="48.962053" lon="20.401395">
				<ele>550.000000</ele>
			</trkpt>
			<trkpt lat="48.962094" lon="20.401485">
				<ele>549.000000</ele>
			</trkpt>
			<trkpt lat="48.962136" lon="20.401594">
				<ele>549.000000</ele>
			</trkpt>
			<trkpt lat="48.962171" lon="20.401674">
				<ele>548.000000</ele>
			</trkpt>
			<trkpt lat="48.962189" lon="20.401764">
				<ele>548.000000</ele>
			</trkpt>
			<trkpt lat="48.962206" lon="20.401800">
				<ele>547.000000</ele>
			</trkpt>
			<trkpt lat="48.962230" lon="20.401818">
				<ele>547.000000</ele>
			</trkpt>
			<trkpt lat="48.962236" lon="20.401845">
				<ele>547.000000</ele>
			</trkpt>
			<trkpt lat="48.962236" lon="20.401854">
				<ele>547.000000</ele>
			</trkpt>
			<trkpt lat="48.962230" lon="20.401890">
				<ele>547.000000</ele>
			</trkpt>
			<trkpt lat="48.962230" lon="20.401926">
				<ele>546.000000</ele>
			</trkpt>
			<trkpt lat="48.962242" lon="20.401953">
				<ele>546.000000</ele>
			</trkpt>
			<trkpt lat="48.962253" lon="20.401961">
				<ele>545.000000</ele>
			</trkpt>
			<trkpt lat="48.962283" lon="20.401961">
				<ele>544.000000</ele>
			</trkpt>
			<trkpt lat="48.962307" lon="20.401971">
				<ele>543.000000</ele>
			</trkpt>
			<trkpt lat="48.962330" lon="20.401998">
				<ele>542.000000</ele>
			</trkpt>
			<trkpt lat="48.962354" lon="20.402024">
				<ele>540.000000</ele>
			</trkpt>
			<trkpt lat="48.962371" lon="20.402070">
				<ele>538.000000</ele>
			</trkpt>
			<trkpt lat="48.962371" lon="20.402106">
				<ele>537.000000</ele>
			</trkpt>
			<trkpt lat="48.962366" lon="20.402160">
				<ele>537.000000</ele>
			</trkpt>
			<trkpt lat="48.962348" lon="20.402231">
				<ele>536.000000</ele>
			</trkpt>
			<trkpt lat="48.962342" lon="20.402258">
				<ele>536.000000</ele>
			</trkpt>
			<trkpt lat="48.962336" lon="20.402285">
				<ele>536.000000</ele>
			</trkpt>
			<trkpt lat="48.962336" lon="20.402313">
				<ele>536.000000</ele>
			</trkpt>
			<trkpt lat="48.962348" lon="20.402330">
				<ele>535.000000</ele>
			</trkpt>
			<trkpt lat="48.962383" lon="20.402348">
				<ele>534.000000</ele>
			</trkpt>
			<trkpt lat="48.962389" lon="20.402374">
				<ele>534.000000</ele>
			</trkpt>
			<trkpt lat="48.962389" lon="20.402411">
				<ele>533.000000</ele>
			</trkpt>
			<trkpt lat="48.962383" lon="20.402437">
				<ele>533.000000</ele>
			</trkpt>
			<trkpt lat="48.962371" lon="20.402464">
				<ele>532.000000</ele>
			</trkpt>
			<trkpt lat="48.962348" lon="20.402492">
				<ele>532.000000</ele>
			</trkpt>
			<trkpt lat="48.962318" lon="20.402537">
				<ele>531.000000</ele>
			</trkpt>
			<trkpt lat="48.962301" lon="20.402564">
				<ele>531.000000</ele>
			</trkpt>
			<trkpt lat="48.962301" lon="20.402590">
				<ele>531.000000</ele>
			</trkpt>
			<trkpt lat="48.962301" lon="20.402617">
				<ele>531.000000</ele>
			</trkpt>
			<trkpt lat="48.962289" lon="20.402653">
				<ele>531.000000</ele>
			</trkpt>
			<trkpt lat="48.962283" lon="20.402680">
				<ele>531.000000</ele>
			</trkpt>
			<trkpt lat="48.962206" lon="20.402940">
				<ele>530.000000</ele>
			</trkpt>
			<trkpt lat="48.962177" lon="20.402860">
				<ele>530.000000</ele>
			</trkpt>
			<trkpt lat="48.962035" lon="20.402590">
				<ele>530.000000</ele>
			</trkpt>
			<trkpt lat="48.961959" lon="20.402500">
				<ele>530.000000</ele>
			</trkpt>
			<trkpt lat="48.961935" lon="20.402456">
				<ele>530.000000</ele>
			</trkpt>
			<trkpt lat="48.961911" lon="20.402429">
				<ele>530.000000</ele>
			</trkpt>
			<trkpt lat="48.961882" lon="20.402403">
				<ele>529.000000</ele>
			</trkpt>
			<trkpt lat="48.961858" lon="20.402384">
				<ele>530.000000</ele>
			</trkpt>
			<trkpt lat="48.961835" lon="20.402374">
				<ele>530.000000</ele>
			</trkpt>
			<trkpt lat="48.961799" lon="20.402366">
				<ele>530.000000</ele>
			</trkpt>
			<trkpt lat="48.961782" lon="20.402348">
				<ele>530.000000</ele>
			</trkpt>
			<trkpt lat="48.961764" lon="20.402330">
				<ele>530.000000</ele>
			</trkpt>
			<trkpt lat="48.961723" lon="20.402277">
				<ele>531.000000</ele>
			</trkpt>
			<trkpt lat="48.961670" lon="20.402213">
				<ele>530.000000</ele>
			</trkpt>
			<trkpt lat="48.961646" lon="20.402177">
				<ele>530.000000</ele>
			</trkpt>
			<trkpt lat="48.961622" lon="20.402141">
				<ele>530.000000</ele>
			</trkpt>
			<trkpt lat="48.961593" lon="20.402124">
				<ele>530.000000</ele>
			</trkpt>
			<trkpt lat="48.961552" lon="20.402124">
				<ele>531.000000</ele>
			</trkpt>
			<trkpt lat="48.961522" lon="20.402106">
				<ele>531.000000</ele>
			</trkpt>
			<trkpt lat="48.961493" lon="20.402087">
				<ele>531.000000</ele>
			</trkpt>
			<trkpt lat="48.961457" lon="20.402078">
				<ele>531.000000</ele>
			</trkpt>
			<trkpt lat="48.961428" lon="20.402078">
				<ele>531.000000</ele>
			</trkpt>
			<trkpt lat="48.961381" lon="20.402087">
				<ele>531.000000</ele>
			</trkpt>
			<trkpt lat="48.961357" lon="20.402097">
				<ele>532.000000</ele>
			</trkpt>
			<trkpt lat="48.961328" lon="20.402106">
				<ele>532.000000</ele>
			</trkpt>
			<trkpt lat="48.961298" lon="20.402097">
				<ele>532.000000</ele>
			</trkpt>
			<trkpt lat="48.961263" lon="20.402087">
				<ele>532.000000</ele>
			</trkpt>
			<trkpt lat="48.961227" lon="20.402070">
				<ele>532.000000</ele>
			</trkpt>
			<trkpt lat="48.961204" lon="20.402043">
				<ele>532.000000</ele>
			</trkpt>
			<trkpt lat="48.961180" lon="20.402024">
				<ele>532.000000</ele>
			</trkpt>
			<trkpt lat="48.961127" lon="20.402024">
				<ele>533.000000</ele>
			</trkpt>
			<trkpt lat="48.961103" lon="20.402007">
				<ele>533.000000</ele>
			</trkpt>
			<trkpt lat="48.961080" lon="20.402007">
				<ele>533.000000</ele>
			</trkpt>
			<trkpt lat="48.961056" lon="20.402007">
				<ele>533.000000</ele>
			</trkpt>
			<trkpt lat="48.961033" lon="20.402007">
				<ele>533.000000</ele>
			</trkpt>
			<trkpt lat="48.961009" lon="20.401980">
				<ele>533.000000</ele>
			</trkpt>
			<trkpt lat="48.960980" lon="20.401926">
				<ele>533.000000</ele>
			</trkpt>
			<trkpt lat="48.960950" lon="20.401881">
				<ele>532.000000</ele>
			</trkpt>
			<trkpt lat="48.960909" lon="20.401863">
				<ele>532.000000</ele>
			</trkpt>
			<trkpt lat="48.960879" lon="20.401845">
				<ele>532.000000</ele>
			</trkpt>
			<trkpt lat="48.960837" lon="20.401845">
				<ele>532.000000</ele>
			</trkpt>
			<trkpt lat="48.960803" lon="20.401827">
				<ele>532.000000</ele>
			</trkpt>
			<trkpt lat="48.960761" lon="20.401800">
				<ele>532.000000</ele>
			</trkpt>
			<trkpt lat="48.960726" lon="20.401755">
				<ele>531.000000</ele>
			</trkpt>
			<trkpt lat="48.960702" lon="20.401711">
				<ele>530.000000</ele>
			</trkpt>
			<trkpt lat="48.960679" lon="20.401684">
				<ele>530.000000</ele>
			</trkpt>
			<trkpt lat="48.960649" lon="20.401684">
				<ele>530.000000</ele>
			</trkpt>
			<trkpt lat="48.960607" lon="20.401657">
				<ele>531.000000</ele>
			</trkpt>
			<trkpt lat="48.960584" lon="20.401611">
				<ele>530.000000</ele>
			</trkpt>
			<trkpt lat="48.960555" lon="20.401567">
				<ele>530.000000</ele>
			</trkpt>
			<trkpt lat="48.960525" lon="20.401548">
				<ele>530.000000</ele>
			</trkpt>
			<trkpt lat="48.960490" lon="20.401548">
				<ele>531.000000</ele>
			</trkpt>
			<trkpt lat="48.960455" lon="20.401540">
				<ele>532.000000</ele>
			</trkpt>
			<trkpt lat="48.960431" lon="20.401531">
				<ele>532.000000</ele>
			</trkpt>
			<trkpt lat="48.960407" lon="20.401485">
				<ele>532.000000</ele>
			</trkpt>
			<trkpt lat="48.960390" lon="20.401468">
				<ele>531.000000</ele>
			</trkpt>
			<trkpt lat="48.960348" lon="20.401450">
				<ele>531.000000</ele>
			</trkpt>
			<trkpt lat="48.960307" lon="20.401441">
				<ele>531.000000</ele>
			</trkpt>
			<trkpt lat="48.960284" lon="20.401432">
				<ele>531.000000</ele>
			</trkpt>
			<trkpt lat="48.960272" lon="20.401422">
				<ele>531.000000</ele>
			</trkpt>
			<trkpt lat="48.960225" lon="20.401414">
				<ele>532.000000</ele>
			</trkpt>
			<trkpt lat="48.960200" lon="20.401387">
				<ele>531.000000</ele>
			</trkpt>
			<trkpt lat="48.960189" lon="20.401378">
				<ele>531.000000</ele>
			</trkpt>
			<trkpt lat="48.960118" lon="20.401369">
				<ele>531.000000</ele>
			</trkpt>
			<trkpt lat="48.960077" lon="20.401369">
				<ele>532.000000</ele>
			</trkpt>
			<trkpt lat="48.960029" lon="20.401361">
				<ele>532.000000</ele>
			</trkpt>
			<trkpt lat="48.959977" lon="20.401342">
				<ele>531.000000</ele>
			</trkpt>
			<trkpt lat="48.959936" lon="20.401342">
				<ele>531.000000</ele>
			</trkpt>
			<trkpt lat="48.959900" lon="20.401361">
				<ele>532.000000</ele>
			</trkpt>
			<trkpt lat="48.959877" lon="20.401361">
				<ele>532.000000</ele>
			</trkpt>
			<trkpt lat="48.959847" lon="20.401342">
				<ele>531.000000</ele>
			</trkpt>
			<trkpt lat="48.959824" lon="20.401332">
				<ele>531.000000</ele>
			</trkpt>
			<trkpt lat="48.959788" lon="20.401332">
				<ele>531.000000</ele>
			</trkpt>
			<trkpt lat="48.959759" lon="20.401332">
				<ele>531.000000</ele>
			</trkpt>
			<trkpt lat="48.959723" lon="20.401342">
				<ele>531.000000</ele>
			</trkpt>
			<trkpt lat="48.959652" lon="20.401369">
				<ele>531.000000</ele>
			</trkpt>
			<trkpt lat="48.959594" lon="20.401405">
				<ele>532.000000</ele>
			</trkpt>
			<trkpt lat="48.959564" lon="20.401414">
				<ele>532.000000</ele>
			</trkpt>
			<trkpt lat="48.959535" lon="20.401405">
				<ele>532.000000</ele>
			</trkpt>
			<trkpt lat="48.959517" lon="20.401395">
				<ele>531.000000</ele>
			</trkpt>
			<trkpt lat="48.959493" lon="20.401414">
				<ele>532.000000</ele>
			</trkpt>
			<trkpt lat="48.959464" lon="20.401422">
				<ele>532.000000</ele>
			</trkpt>
			<trkpt lat="48.959411" lon="20.401441">
				<ele>533.000000</ele>
			</trkpt>
			<trkpt lat="48.959346" lon="20.401477">
				<ele>535.000000</ele>
			</trkpt>
			<trkpt lat="48.959328" lon="20.401495">
				<ele>536.000000</ele>
			</trkpt>
			<trkpt lat="48.959310" lon="20.401495">
				<ele>536.000000</ele>
			</trkpt>
			<trkpt lat="48.959299" lon="20.401504">
				<ele>536.000000</ele>
			</trkpt>
			<trkpt lat="48.959280" lon="20.401521">
				<ele>536.000000</ele>
			</trkpt>
			<trkpt lat="48.959263" lon="20.401540">
				<ele>537.000000</ele>
			</trkpt>
			<trkpt lat="48.959240" lon="20.401558">
				<ele>536.000000</ele>
			</trkpt>
			<trkpt lat="48.959192" lon="20.401594">
				<ele>537.000000</ele>
			</trkpt>
			<trkpt lat="48.959175" lon="20.401630">
				<ele>537.000000</ele>
			</trkpt>
			<trkpt lat="48.959162" lon="20.401665">
				<ele>538.000000</ele>
			</trkpt>
			<trkpt lat="48.959157" lon="20.401711">
				<ele>538.000000</ele>
			</trkpt>
			<trkpt lat="48.959139" lon="20.401728">
				<ele>538.000000</ele>
			</trkpt>
			<trkpt lat="48.959098" lon="20.401800">
				<ele>538.000000</ele>
			</trkpt>
			<trkpt lat="48.959063" lon="20.401863">
				<ele>537.000000</ele>
			</trkpt>
			<trkpt lat="48.958968" lon="20.402061">
				<ele>537.000000</ele>
			</trkpt>
			<trkpt lat="48.958909" lon="20.402187">
				<ele>536.000000</ele>
			</trkpt>
			<trkpt lat="48.958886" lon="20.402240">
				<ele>536.000000</ele>
			</trkpt>
			<trkpt lat="48.958886" lon="20.402294">
				<ele>537.000000</ele>
			</trkpt>
			<trkpt lat="48.958873" lon="20.402393">
				<ele>537.000000</ele>
			</trkpt>
			<trkpt lat="48.958868" lon="20.402437">
				<ele>537.000000</ele>
			</trkpt>
			<trkpt lat="48.958862" lon="20.402483">
				<ele>537.000000</ele>
			</trkpt>
			<trkpt lat="48.958879" lon="20.402546">
				<ele>537.000000</ele>
			</trkpt>
			<trkpt lat="48.958879" lon="20.402627">
				<ele>537.000000</ele>
			</trkpt>
			<trkpt lat="48.958886" lon="20.402690">
				<ele>537.000000</ele>
			</trkpt>
			<trkpt lat="48.958886" lon="20.402734">
				<ele>537.000000</ele>
			</trkpt>
			<trkpt lat="48.958886" lon="20.402789">
				<ele>537.000000</ele>
			</trkpt>
			<trkpt lat="48.958892" lon="20.402833">
				<ele>537.000000</ele>
			</trkpt>
			<trkpt lat="48.958868" lon="20.402959">
				<ele>535.000000</ele>
			</trkpt>
			<trkpt lat="48.958856" lon="20.403040">
				<ele>534.000000</ele>
			</trkpt>
			<trkpt lat="48.958827" lon="20.403103">
				<ele>533.000000</ele>
			</trkpt>
			<trkpt lat="48.958809" lon="20.403156">
				<ele>532.000000</ele>
			</trkpt>
			<trkpt lat="48.958809" lon="20.403183">
				<ele>533.000000</ele>
			</trkpt>
			<trkpt lat="48.958785" lon="20.403282">
				<ele>532.000000</ele>
			</trkpt>
			<trkpt lat="48.958774" lon="20.403372">
				<ele>533.000000</ele>
			</trkpt>
			<trkpt lat="48.958755" lon="20.403416">
				<ele>532.000000</ele>
			</trkpt>
			<trkpt lat="48.958732" lon="20.403462">
				<ele>531.000000</ele>
			</trkpt>
			<trkpt lat="48.958708" lon="20.403525">
				<ele>531.000000</ele>
			</trkpt>
			<trkpt lat="48.958685" lon="20.403642">
				<ele>533.000000</ele>
			</trkpt>
			<trkpt lat="48.958673" lon="20.403722">
				<ele>534.000000</ele>
			</trkpt>
			<trkpt lat="48.958662" lon="20.403776">
				<ele>534.000000</ele>
			</trkpt>
			<trkpt lat="48.958643" lon="20.403803">
				<ele>533.000000</ele>
			</trkpt>
			<trkpt lat="48.958632" lon="20.403821">
				<ele>533.000000</ele>
			</trkpt>
			<trkpt lat="48.958609" lon="20.403831">
				<ele>531.000000</ele>
			</trkpt>
			<trkpt lat="48.958590" lon="20.403848">
				<ele>530.000000</ele>
			</trkpt>
			<trkpt lat="48.958561" lon="20.403902">
				<ele>531.000000</ele>
			</trkpt>
			<trkpt lat="48.958538" lon="20.403982">
				<ele>534.000000</ele>
			</trkpt>
			<trkpt lat="48.958508" lon="20.404055">
				<ele>535.000000</ele>
			</trkpt>
			<trkpt lat="48.958491" lon="20.404100">
				<ele>536.000000</ele>
			</trkpt>
			<trkpt lat="48.958472" lon="20.404135">
				<ele>535.000000</ele>
			</trkpt>
			<trkpt lat="48.958449" lon="20.404154">
				<ele>534.000000</ele>
			</trkpt>
			<trkpt lat="48.958426" lon="20.404171">
				<ele>533.000000</ele>
			</trkpt>
			<trkpt lat="48.958402" lon="20.404190">
				<ele>531.000000</ele>
			</trkpt>
			<trkpt lat="48.958354" lon="20.404208">
				<ele>530.000000</ele>
			</trkpt>
			<trkpt lat="48.958337" lon="20.404198">
				<ele>529.000000</ele>
			</trkpt>
			<trkpt lat="48.958320" lon="20.404198">
				<ele>529.000000</ele>
			</trkpt>
			<trkpt lat="48.958295" lon="20.404208">
				<ele>529.000000</ele>
			</trkpt>
			<trkpt lat="48.958261" lon="20.404235">
				<ele>530.000000</ele>
			</trkpt>
			<trkpt lat="48.958207" lon="20.404280">
				<ele>530.000000</ele>
			</trkpt>
			<trkpt lat="48.958172" lon="20.404342">
				<ele>531.000000</ele>
			</trkpt>
			<trkpt lat="48.958154" lon="20.404378">
				<ele>531.000000</ele>
			</trkpt>
			<trkpt lat="48.958113" lon="20.404432">
				<ele>530.000000</ele>
			</trkpt>
			<trkpt lat="48.958084" lon="20.404441">
				<ele>529.000000</ele>
			</trkpt>
			<trkpt lat="48.958065" lon="20.404441">
				<ele>529.000000</ele>
			</trkpt>
			<trkpt lat="48.958048" lon="20.404458">
				<ele>529.000000</ele>
			</trkpt>
			<trkpt lat="48.958042" lon="20.404487">
				<ele>529.000000</ele>
			</trkpt>
			<trkpt lat="48.958012" lon="20.404495">
				<ele>528.000000</ele>
			</trkpt>
			<trkpt lat="48.957959" lon="20.404495">
				<ele>528.000000</ele>
			</trkpt>
			<trkpt lat="48.957913" lon="20.404531">
				<ele>528.000000</ele>
			</trkpt>
			<trkpt lat="48.957877" lon="20.404585">
				<ele>528.000000</ele>
			</trkpt>
			<trkpt lat="48.957841" lon="20.404648">
				<ele>528.000000</ele>
			</trkpt>
			<trkpt lat="48.957795" lon="20.404764">
				<ele>528.000000</ele>
			</trkpt>
			<trkpt lat="48.957782" lon="20.404827">
				<ele>528.000000</ele>
			</trkpt>
			<trkpt lat="48.957765" lon="20.404917">
				<ele>528.000000</ele>
			</trkpt>
			<trkpt lat="48.957753" lon="20.404963">
				<ele>528.000000</ele>
			</trkpt>
			<trkpt lat="48.957706" lon="20.405070">
				<ele>528.000000</ele>
			</trkpt>
			<trkpt lat="48.957694" lon="20.405160">
				<ele>527.000000</ele>
			</trkpt>
			<trkpt lat="48.957688" lon="20.405240">
				<ele>527.000000</ele>
			</trkpt>
			<trkpt lat="48.957694" lon="20.405313">
				<ele>528.000000</ele>
			</trkpt>
			<trkpt lat="48.957688" lon="20.405376">
				<ele>528.000000</ele>
			</trkpt>
			<trkpt lat="48.957658" lon="20.405439">
				<ele>528.000000</ele>
			</trkpt>
			<trkpt lat="48.957641" lon="20.405519">
				<ele>528.000000</ele>
			</trkpt>
			<trkpt lat="48.957624" lon="20.405627">
				<ele>528.000000</ele>
			</trkpt>
			<trkpt lat="48.957611" lon="20.405699">
				<ele>528.000000</ele>
			</trkpt>
			<trkpt lat="48.957605" lon="20.405789">
				<ele>529.000000</ele>
			</trkpt>
			<trkpt lat="48.957582" lon="20.405833">
				<ele>529.000000</ele>
			</trkpt>
			<trkpt lat="48.957540" lon="20.405888">
				<ele>529.000000</ele>
			</trkpt>
			<trkpt lat="48.957511" lon="20.405969">
				<ele>530.000000</ele>
			</trkpt>
			<trkpt lat="48.957481" lon="20.406049">
				<ele>531.000000</ele>
			</trkpt>
			<trkpt lat="48.957447" lon="20.406085">
				<ele>531.000000</ele>
			</trkpt>
			<trkpt lat="48.957422" lon="20.406112">
				<ele>530.000000</ele>
			</trkpt>
			<trkpt lat="48.957399" lon="20.406139">
				<ele>530.000000</ele>
			</trkpt>
			<trkpt lat="48.957388" lon="20.406156">
				<ele>530.000000</ele>
			</trkpt>
			<trkpt lat="48.957381" lon="20.406202">
				<ele>531.000000</ele>
			</trkpt>
			<trkpt lat="48.957358" lon="20.406238">
				<ele>530.000000</ele>
			</trkpt>
			<trkpt lat="48.957346" lon="20.406256">
				<ele>530.000000</ele>
			</trkpt>
			<trkpt lat="48.957340" lon="20.406292">
				<ele>530.000000</ele>
			</trkpt>
			<trkpt lat="48.957316" lon="20.406336">
				<ele>530.000000</ele>
			</trkpt>
			<trkpt lat="48.957299" lon="20.406372">
				<ele>530.000000</ele>
			</trkpt>
			<trkpt lat="48.957269" lon="20.406391">
				<ele>530.000000</ele>
			</trkpt>
			<trkpt lat="48.957251" lon="20.406408">
				<ele>530.000000</ele>
			</trkpt>
			<trkpt lat="48.957234" lon="20.406418">
				<ele>529.000000</ele>
			</trkpt>
			<trkpt lat="48.957222" lon="20.406426">
				<ele>529.000000</ele>
			</trkpt>
			<trkpt lat="48.957217" lon="20.406481">
				<ele>532.000000</ele>
			</trkpt>
			<trkpt lat="48.957210" lon="20.406535">
				<ele>535.000000</ele>
			</trkpt>
			<trkpt lat="48.957204" lon="20.406561">
				<ele>536.000000</ele>
			</trkpt>
			<trkpt lat="48.957204" lon="20.406561">
				<ele>537.000000</ele>
			</trkpt>
			<trkpt lat="48.957204" lon="20.406561">
				<ele>537.000000</ele>
			</trkpt>
			<trkpt lat="48.957181" lon="20.406615">
				<ele>537.000000</ele>
			</trkpt>
			<trkpt lat="48.957092" lon="20.406687">
				<ele>539.000000</ele>
			</trkpt>
			<trkpt lat="48.957069" lon="20.406732">
				<ele>541.000000</ele>
			</trkpt>
			<trkpt lat="48.957051" lon="20.406777">
				<ele>542.000000</ele>
			</trkpt>
			<trkpt lat="48.957016" lon="20.406795">
				<ele>540.000000</ele>
			</trkpt>
			<trkpt lat="48.956992" lon="20.406812">
				<ele>539.000000</ele>
			</trkpt>
			<trkpt lat="48.956968" lon="20.406840">
				<ele>538.000000</ele>
			</trkpt>
			<trkpt lat="48.956962" lon="20.406858">
				<ele>539.000000</ele>
			</trkpt>
			<trkpt lat="48.956939" lon="20.406848">
				<ele>537.000000</ele>
			</trkpt>
			<trkpt lat="48.956933" lon="20.406894">
				<ele>539.000000</ele>
			</trkpt>
			<trkpt lat="48.956915" lon="20.406911">
				<ele>538.000000</ele>
			</trkpt>
			<trkpt lat="48.956903" lon="20.406921">
				<ele>537.000000</ele>
			</trkpt>
			<trkpt lat="48.956862" lon="20.406992">
				<ele>535.000000</ele>
			</trkpt>
			<trkpt lat="48.956803" lon="20.407019">
				<ele>531.000000</ele>
			</trkpt>
			<trkpt lat="48.956768" lon="20.407047">
				<ele>529.000000</ele>
			</trkpt>
			<trkpt lat="48.956756" lon="20.407064">
				<ele>529.000000</ele>
			</trkpt>
			<trkpt lat="48.956756" lon="20.407100">
				<ele>530.000000</ele>
			</trkpt>
			<trkpt lat="48.956744" lon="20.407118">
				<ele>530.000000</ele>
			</trkpt>
			<trkpt lat="48.956721" lon="20.407127">
				<ele>529.000000</ele>
			</trkpt>
			<trkpt lat="48.956691" lon="20.407137">
				<ele>528.000000</ele>
			</trkpt>
			<trkpt lat="48.956662" lon="20.407172">
				<ele>527.000000</ele>
			</trkpt>
			<trkpt lat="48.956632" lon="20.407217">
				<ele>527.000000</ele>
			</trkpt>
			<trkpt lat="48.956585" lon="20.407334">
				<ele>527.000000</ele>
			</trkpt>
			<trkpt lat="48.956567" lon="20.407424">
				<ele>528.000000</ele>
			</trkpt>
			<trkpt lat="48.956561" lon="20.407531">
				<ele>529.000000</ele>
			</trkpt>
			<trkpt lat="48.956555" lon="20.407693">
				<ele>530.000000</ele>
			</trkpt>
			<trkpt lat="48.956561" lon="20.407792">
				<ele>531.000000</ele>
			</trkpt>
			<trkpt lat="48.956555" lon="20.407873">
				<ele>531.000000</ele>
			</trkpt>
			<trkpt lat="48.956532" lon="20.408007">
				<ele>531.000000</ele>
			</trkpt>
			<trkpt lat="48.956526" lon="20.408070">
				<ele>531.000000</ele>
			</trkpt>
			<trkpt lat="48.956526" lon="20.408160">
				<ele>530.000000</ele>
			</trkpt>
			<trkpt lat="48.956544" lon="20.408223">
				<ele>530.000000</ele>
			</trkpt>
			<trkpt lat="48.956561" lon="20.408277">
				<ele>530.000000</ele>
			</trkpt>
			<trkpt lat="48.956620" lon="20.408322">
				<ele>531.000000</ele>
			</trkpt>
			<trkpt lat="48.956650" lon="20.408349">
				<ele>531.000000</ele>
			</trkpt>
			<trkpt lat="48.956697" lon="20.408403">
				<ele>530.000000</ele>
			</trkpt>
			<trkpt lat="48.956744" lon="20.408483">
				<ele>529.000000</ele>
			</trkpt>
			<trkpt lat="48.956785" lon="20.408546">
				<ele>529.000000</ele>
			</trkpt>
			<trkpt lat="48.956803" lon="20.408600">
				<ele>529.000000</ele>
			</trkpt>
			<trkpt lat="48.956803" lon="20.408663">
				<ele>528.000000</ele>
			</trkpt>
			<trkpt lat="48.956809" lon="20.408726">
				<ele>528.000000</ele>
			</trkpt>
			<trkpt lat="48.956833" lon="20.408806">
				<ele>528.000000</ele>
			</trkpt>
			<trkpt lat="48.956862" lon="20.408869">
				<ele>528.000000</ele>
			</trkpt>
			<trkpt lat="48.956921" lon="20.408986">
				<ele>528.000000</ele>
			</trkpt>
			<trkpt lat="48.956968" lon="20.409112">
				<ele>527.000000</ele>
			</trkpt>
			<trkpt lat="48.956998" lon="20.409211">
				<ele>528.000000</ele>
			</trkpt>
			<trkpt lat="48.957021" lon="20.409238">
				<ele>529.000000</ele>
			</trkpt>
			<trkpt lat="48.957039" lon="20.409265">
				<ele>530.000000</ele>
			</trkpt>
			<trkpt lat="48.957051" lon="20.409319">
				<ele>531.000000</ele>
			</trkpt>
			<trkpt lat="48.957057" lon="20.409400">
				<ele>532.000000</ele>
			</trkpt>
			<trkpt lat="48.957033" lon="20.409580">
				<ele>534.000000</ele>
			</trkpt>
			<trkpt lat="48.957051" lon="20.409741">
				<ele>535.000000</ele>
			</trkpt>
			<trkpt lat="48.957069" lon="20.409787">
				<ele>535.000000</ele>
			</trkpt>
			<trkpt lat="48.957086" lon="20.409885">
				<ele>534.000000</ele>
			</trkpt>
			<trkpt lat="48.957092" lon="20.409974">
				<ele>532.000000</ele>
			</trkpt>
			<trkpt lat="48.957086" lon="20.410047">
				<ele>530.000000</ele>
			</trkpt>
			<trkpt lat="48.957080" lon="20.410083">
				<ele>530.000000</ele>
			</trkpt>
			<trkpt lat="48.957069" lon="20.410127">
				<ele>529.000000</ele>
			</trkpt>
			<trkpt lat="48.957063" lon="20.410200">
				<ele>529.000000</ele>
			</trkpt>
			<trkpt lat="48.957045" lon="20.410271">
				<ele>527.000000</ele>
			</trkpt>
			<trkpt lat="48.957033" lon="20.410353">
				<ele>527.000000</ele>
			</trkpt>
			<trkpt lat="48.957027" lon="20.410433">
				<ele>527.000000</ele>
			</trkpt>
			<trkpt lat="48.957027" lon="20.410487">
				<ele>527.000000</ele>
			</trkpt>
			<trkpt lat="48.957016" lon="20.410559">
				<ele>526.000000</ele>
			</trkpt>
			<trkpt lat="48.957010" lon="20.410657">
				<ele>527.000000</ele>
			</trkpt>
			<trkpt lat="48.957010" lon="20.410756">
				<ele>527.000000</ele>
			</trkpt>
			<trkpt lat="48.957016" lon="20.410837">
				<ele>527.000000</ele>
			</trkpt>
			<trkpt lat="48.957033" lon="20.410900">
				<ele>527.000000</ele>
			</trkpt>
			<trkpt lat="48.957063" lon="20.410963">
				<ele>527.000000</ele>
			</trkpt>
			<trkpt lat="48.957104" lon="20.411016">
				<ele>528.000000</ele>
			</trkpt>
			<trkpt lat="48.957133" lon="20.411035">
				<ele>528.000000</ele>
			</trkpt>
			<trkpt lat="48.957181" lon="20.411035">
				<ele>529.000000</ele>
			</trkpt>
			<trkpt lat="48.957204" lon="20.411053">
				<ele>529.000000</ele>
			</trkpt>
			<trkpt lat="48.957228" lon="20.411089">
				<ele>529.000000</ele>
			</trkpt>
			<trkpt lat="48.957276" lon="20.411160">
				<ele>528.000000</ele>
			</trkpt>
			<trkpt lat="48.957328" lon="20.411206">
				<ele>529.000000</ele>
			</trkpt>
			<trkpt lat="48.957381" lon="20.411242">
				<ele>529.000000</ele>
			</trkpt>
			<trkpt lat="48.957434" lon="20.411269">
				<ele>530.000000</ele>
			</trkpt>
			<trkpt lat="48.957493" lon="20.411313">
				<ele>530.000000</ele>
			</trkpt>
			<trkpt lat="48.957552" lon="20.411322">
				<ele>532.000000</ele>
			</trkpt>
			<trkpt lat="48.957588" lon="20.411322">
				<ele>534.000000</ele>
			</trkpt>
			<trkpt lat="48.957611" lon="20.411340">
				<ele>534.000000</ele>
			</trkpt>
			<trkpt lat="48.957641" lon="20.411385">
				<ele>534.000000</ele>
			</trkpt>
			<trkpt lat="48.957670" lon="20.411466">
				<ele>534.000000</ele>
			</trkpt>
			<trkpt lat="48.957706" lon="20.411565">
				<ele>535.000000</ele>
			</trkpt>
			<trkpt lat="48.957717" lon="20.411628">
				<ele>536.000000</ele>
			</trkpt>
			<trkpt lat="48.957706" lon="20.411699">
				<ele>534.000000</ele>
			</trkpt>
			<trkpt lat="48.957711" lon="20.411735">
				<ele>535.000000</ele>
			</trkpt>
			<trkpt lat="48.957723" lon="20.411754">
				<ele>537.000000</ele>
			</trkpt>
			<trkpt lat="48.957753" lon="20.411772">
				<ele>540.000000</ele>
			</trkpt>
			<trkpt lat="48.957770" lon="20.411808">
				<ele>541.000000</ele>
			</trkpt>
			<trkpt lat="48.957782" lon="20.411835">
				<ele>541.000000</ele>
			</trkpt>
			<trkpt lat="48.957806" lon="20.411871">
				<ele>541.000000</ele>
			</trkpt>
			<trkpt lat="48.957829" lon="20.411879">
				<ele>543.000000</ele>
			</trkpt>
			<trkpt lat="48.957848" lon="20.411888">
				<ele>543.000000</ele>
			</trkpt>
			<trkpt lat="48.957865" lon="20.411924">
				<ele>543.000000</ele>
			</trkpt>
			<trkpt lat="48.957888" lon="20.411987">
				<ele>541.000000</ele>
			</trkpt>
			<trkpt lat="48.957894" lon="20.412041">
				<ele>539.000000</ele>
			</trkpt>
			<trkpt lat="48.957907" lon="20.412085">
				<ele>539.000000</ele>
			</trkpt>
			<trkpt lat="48.957924" lon="20.412122">
				<ele>539.000000</ele>
			</trkpt>
			<trkpt lat="48.957972" lon="20.412175">
				<ele>540.000000</ele>
			</trkpt>
			<trkpt lat="48.957995" lon="20.412221">
				<ele>540.000000</ele>
			</trkpt>
			<trkpt lat="48.958025" lon="20.412284">
				<ele>539.000000</ele>
			</trkpt>
			<trkpt lat="48.958030" lon="20.412328">
				<ele>539.000000</ele>
			</trkpt>
			<trkpt lat="48.958030" lon="20.412391">
				<ele>538.000000</ele>
			</trkpt>
			<trkpt lat="48.958042" lon="20.412472">
				<ele>540.000000</ele>
			</trkpt>
			<trkpt lat="48.958030" lon="20.412498">
				<ele>539.000000</ele>
			</trkpt>
			<trkpt lat="48.958030" lon="20.412527">
				<ele>539.000000</ele>
			</trkpt>
			<trkpt lat="48.958042" lon="20.412544">
				<ele>539.000000</ele>
			</trkpt>
			<trkpt lat="48.958059" lon="20.412553">
				<ele>541.000000</ele>
			</trkpt>
			<trkpt lat="48.958084" lon="20.412634">
				<ele>540.000000</ele>
			</trkpt>
			<trkpt lat="48.958089" lon="20.412688">
				<ele>539.000000</ele>
			</trkpt>
			<trkpt lat="48.958084" lon="20.412724">
				<ele>538.000000</ele>
			</trkpt>
			<trkpt lat="48.958084" lon="20.412768">
				<ele>537.000000</ele>
			</trkpt>
			<trkpt lat="48.958089" lon="20.412796">
				<ele>537.000000</ele>
			</trkpt>
			<trkpt lat="48.958113" lon="20.412823">
				<ele>539.000000</ele>
			</trkpt>
			<trkpt lat="48.958118" lon="20.412850">
				<ele>539.000000</ele>
			</trkpt>
			<trkpt lat="48.958113" lon="20.412903">
				<ele>537.000000</ele>
			</trkpt>
			<trkpt lat="48.958113" lon="20.413011">
				<ele>535.000000</ele>
			</trkpt>
			<trkpt lat="48.958118" lon="20.413093">
				<ele>534.000000</ele>
			</trkpt>
			<trkpt lat="48.958130" lon="20.413173">
				<ele>533.000000</ele>
			</trkpt>
			<trkpt lat="48.958124" lon="20.413253">
				<ele>532.000000</ele>
			</trkpt>
			<trkpt lat="48.958107" lon="20.413307">
				<ele>530.000000</ele>
			</trkpt>
			<trkpt lat="48.958107" lon="20.413353">
				<ele>530.000000</ele>
			</trkpt>
			<trkpt lat="48.958113" lon="20.413433">
				<ele>530.000000</ele>
			</trkpt>
			<trkpt lat="48.958113" lon="20.413496">
				<ele>530.000000</ele>
			</trkpt>
			<trkpt lat="48.958095" lon="20.413550">
				<ele>529.000000</ele>
			</trkpt>
			<trkpt lat="48.958084" lon="20.413640">
				<ele>527.000000</ele>
			</trkpt>
			<trkpt lat="48.958084" lon="20.413685">
				<ele>527.000000</ele>
			</trkpt>
			<trkpt lat="48.958089" lon="20.413703">
				<ele>527.000000</ele>
			</trkpt>
			<trkpt lat="48.958089" lon="20.413730">
				<ele>527.000000</ele>
			</trkpt>
			<trkpt lat="48.958107" lon="20.413766">
				<ele>528.000000</ele>
			</trkpt>
			<trkpt lat="48.958113" lon="20.413802">
				<ele>528.000000</ele>
			</trkpt>
			<trkpt lat="48.958107" lon="20.413856">
				<ele>528.000000</ele>
			</trkpt>
			<trkpt lat="48.958101" lon="20.413945">
				<ele>528.000000</ele>
			</trkpt>
			<trkpt lat="48.958089" lon="20.414008">
				<ele>529.000000</ele>
			</trkpt>
			<trkpt lat="48.958089" lon="20.414072">
				<ele>530.000000</ele>
			</trkpt>
			<trkpt lat="48.958113" lon="20.414135">
				<ele>532.000000</ele>
			</trkpt>
			<trkpt lat="48.958113" lon="20.414188">
				<ele>531.000000</ele>
			</trkpt>
			<trkpt lat="48.958095" lon="20.414269">
				<ele>529.000000</ele>
			</trkpt>
			<trkpt lat="48.958084" lon="20.414349">
				<ele>528.000000</ele>
			</trkpt>
			<trkpt lat="48.958089" lon="20.414412">
				<ele>529.000000</ele>
			</trkpt>
			<trkpt lat="48.958089" lon="20.414466">
				<ele>529.000000</ele>
			</trkpt>
			<trkpt lat="48.958084" lon="20.414502">
				<ele>529.000000</ele>
			</trkpt>
			<trkpt lat="48.958025" lon="20.414672">
				<ele>531.000000</ele>
			</trkpt>
			<trkpt lat="48.957995" lon="20.414861">
				<ele>533.000000</ele>
			</trkpt>
			<trkpt lat="48.957977" lon="20.414871">
				<ele>530.000000</ele>
			</trkpt>
			<trkpt lat="48.957953" lon="20.414898">
				<ele>529.000000</ele>
			</trkpt>
			<trkpt lat="48.957918" lon="20.414915">
				<ele>525.000000</ele>
			</trkpt>
			<trkpt lat="48.957888" lon="20.414924">
				<ele>525.000000</ele>
			</trkpt>
			<trkpt lat="48.957859" lon="20.414915">
				<ele>524.000000</ele>
			</trkpt>
			<trkpt lat="48.957824" lon="20.414907">
				<ele>524.000000</ele>
			</trkpt>
			<trkpt lat="48.957782" lon="20.414924">
				<ele>525.000000</ele>
			</trkpt>
			<trkpt lat="48.957747" lon="20.414907">
				<ele>525.000000</ele>
			</trkpt>
			<trkpt lat="48.957711" lon="20.414907">
				<ele>524.000000</ele>
			</trkpt>
			<trkpt lat="48.957694" lon="20.414915">
				<ele>525.000000</ele>
			</trkpt>
			<trkpt lat="48.957641" lon="20.414970">
				<ele>526.000000</ele>
			</trkpt>
			<trkpt lat="48.957605" lon="20.414978">
				<ele>525.000000</ele>
			</trkpt>
			<trkpt lat="48.957576" lon="20.414988">
				<ele>525.000000</ele>
			</trkpt>
			<trkpt lat="48.957540" lon="20.414978">
				<ele>524.000000</ele>
			</trkpt>
			<trkpt lat="48.957511" lon="20.414951">
				<ele>524.000000</ele>
			</trkpt>
			<trkpt lat="48.957452" lon="20.414934">
				<ele>524.000000</ele>
			</trkpt>
			<trkpt lat="48.957428" lon="20.414915">
				<ele>524.000000</ele>
			</trkpt>
			<trkpt lat="48.957381" lon="20.414907">
				<ele>523.000000</ele>
			</trkpt>
			<trkpt lat="48.957340" lon="20.414880">
				<ele>523.000000</ele>
			</trkpt>
			<trkpt lat="48.957305" lon="20.414871">
				<ele>523.000000</ele>
			</trkpt>
			<trkpt lat="48.957181" lon="20.414852">
				<ele>523.000000</ele>
			</trkpt>
			<trkpt lat="48.956933" lon="20.414852">
				<ele>523.000000</ele>
			</trkpt>
			<trkpt lat="48.956868" lon="20.414861">
				<ele>523.000000</ele>
			</trkpt>
			<trkpt lat="48.956791" lon="20.414880">
				<ele>523.000000</ele>
			</trkpt>
			<trkpt lat="48.956744" lon="20.414871">
				<ele>523.000000</ele>
			</trkpt>
			<trkpt lat="48.956703" lon="20.414852">
				<ele>523.000000</ele>
			</trkpt>
			<trkpt lat="48.956662" lon="20.414835">
				<ele>522.000000</ele>
			</trkpt>
			<trkpt lat="48.956620" lon="20.414825">
				<ele>522.000000</ele>
			</trkpt>
			<trkpt lat="48.956579" lon="20.414835">
				<ele>523.000000</ele>
			</trkpt>
			<trkpt lat="48.956538" lon="20.414844">
				<ele>523.000000</ele>
			</trkpt>
			<trkpt lat="48.956502" lon="20.414844">
				<ele>523.000000</ele>
			</trkpt>
			<trkpt lat="48.956473" lon="20.414835">
				<ele>523.000000</ele>
			</trkpt>
			<trkpt lat="48.956426" lon="20.414808">
				<ele>523.000000</ele>
			</trkpt>
			<trkpt lat="48.956402" lon="20.414790">
				<ele>523.000000</ele>
			</trkpt>
			<trkpt lat="48.956361" lon="20.414772">
				<ele>523.000000</ele>
			</trkpt>
			<trkpt lat="48.956343" lon="20.414762">
				<ele>523.000000</ele>
			</trkpt>
			<trkpt lat="48.956319" lon="20.414762">
				<ele>523.000000</ele>
			</trkpt>
			<trkpt lat="48.956284" lon="20.414754">
				<ele>523.000000</ele>
			</trkpt>
			<trkpt lat="48.956255" lon="20.414735">
				<ele>523.000000</ele>
			</trkpt>
			<trkpt lat="48.956231" lon="20.414709">
				<ele>523.000000</ele>
			</trkpt>
			<trkpt lat="48.956202" lon="20.414664">
				<ele>523.000000</ele>
			</trkpt>
			<trkpt lat="48.956178" lon="20.414611">
				<ele>523.000000</ele>
			</trkpt>
			<trkpt lat="48.956148" lon="20.414556">
				<ele>523.000000</ele>
			</trkpt>
			<trkpt lat="48.956101" lon="20.414502">
				<ele>523.000000</ele>
			</trkpt>
			<trkpt lat="48.956048" lon="20.414494">
				<ele>523.000000</ele>
			</trkpt>
			<trkpt lat="48.955983" lon="20.414458">
				<ele>523.000000</ele>
			</trkpt>
			<trkpt lat="48.955936" lon="20.414439">
				<ele>523.000000</ele>
			</trkpt>
			<trkpt lat="48.955901" lon="20.414439">
				<ele>523.000000</ele>
			</trkpt>
			<trkpt lat="48.955871" lon="20.414412">
				<ele>523.000000</ele>
			</trkpt>
			<trkpt lat="48.955836" lon="20.414376">
				<ele>523.000000</ele>
			</trkpt>
			<trkpt lat="48.955795" lon="20.414322">
				<ele>522.000000</ele>
			</trkpt>
			<trkpt lat="48.955777" lon="20.414314">
				<ele>522.000000</ele>
			</trkpt>
			<trkpt lat="48.955747" lon="20.414332">
				<ele>523.000000</ele>
			</trkpt>
			<trkpt lat="48.955694" lon="20.414314">
				<ele>523.000000</ele>
			</trkpt>
			<trkpt lat="48.955665" lon="20.414322">
				<ele>523.000000</ele>
			</trkpt>
			<trkpt lat="48.955594" lon="20.414314">
				<ele>523.000000</ele>
			</trkpt>
			<trkpt lat="48.955529" lon="20.414322">
				<ele>523.000000</ele>
			</trkpt>
			<trkpt lat="48.955476" lon="20.414322">
				<ele>523.000000</ele>
			</trkpt>
			<trkpt lat="48.955417" lon="20.414341">
				<ele>523.000000</ele>
			</trkpt>
			<trkpt lat="48.955358" lon="20.414376">
				<ele>524.000000</ele>
			</trkpt>
			<trkpt lat="48.955299" lon="20.414431">
				<ele>524.000000</ele>
			</trkpt>
			<trkpt lat="48.955146" lon="20.414637">
				<ele>523.000000</ele>
			</trkpt>
			<trkpt lat="48.955140" lon="20.414701">
				<ele>523.000000</ele>
			</trkpt>
			<trkpt lat="48.955140" lon="20.414762">
				<ele>523.000000</ele>
			</trkpt>
			<trkpt lat="48.955152" lon="20.414817">
				<ele>523.000000</ele>
			</trkpt>
			<trkpt lat="48.955163" lon="20.414852">
				<ele>524.000000</ele>
			</trkpt>
			<trkpt lat="48.955169" lon="20.414951">
				<ele>524.000000</ele>
			</trkpt>
			<trkpt lat="48.955181" lon="20.415005">
				<ele>524.000000</ele>
			</trkpt>
			<trkpt lat="48.955193" lon="20.415059">
				<ele>524.000000</ele>
			</trkpt>
			<trkpt lat="48.955175" lon="20.415104">
				<ele>523.000000</ele>
			</trkpt>
			<trkpt lat="48.955140" lon="20.415148">
				<ele>523.000000</ele>
			</trkpt>
			<trkpt lat="48.954981" lon="20.415148">
				<ele>522.000000</ele>
			</trkpt>
			<trkpt lat="48.954963" lon="20.415177">
				<ele>523.000000</ele>
			</trkpt>
			<trkpt lat="48.954963" lon="20.415248">
				<ele>523.000000</ele>
			</trkpt>
			<trkpt lat="48.954969" lon="20.415347">
				<ele>523.000000</ele>
			</trkpt>
			<trkpt lat="48.954975" lon="20.415473">
				<ele>522.000000</ele>
			</trkpt>
			<trkpt lat="48.954992" lon="20.415563">
				<ele>522.000000</ele>
			</trkpt>
			<trkpt lat="48.954998" lon="20.415714">
				<ele>522.000000</ele>
			</trkpt>
			<trkpt lat="48.955010" lon="20.415777">
				<ele>522.000000</ele>
			</trkpt>
			<trkpt lat="48.954998" lon="20.415850">
				<ele>523.000000</ele>
			</trkpt>
			<trkpt lat="48.954998" lon="20.415903">
				<ele>523.000000</ele>
			</trkpt>
			<trkpt lat="48.954986" lon="20.415949">
				<ele>523.000000</ele>
			</trkpt>
			<trkpt lat="48.955010" lon="20.415993">
				<ele>522.000000</ele>
			</trkpt>
			<trkpt lat="48.955016" lon="20.416039">
				<ele>522.000000</ele>
			</trkpt>
			<trkpt lat="48.955034" lon="20.416083">
				<ele>522.000000</ele>
			</trkpt>
			<trkpt lat="48.955040" lon="20.416129">
				<ele>523.000000</ele>
			</trkpt>
			<trkpt lat="48.955022" lon="20.416200">
				<ele>524.000000</ele>
			</trkpt>
			<trkpt lat="48.955022" lon="20.416272">
				<ele>524.000000</ele>
			</trkpt>
			<trkpt lat="48.955010" lon="20.416317">
				<ele>524.000000</ele>
			</trkpt>
			<trkpt lat="48.954992" lon="20.416380">
				<ele>524.000000</ele>
			</trkpt>
			<trkpt lat="48.954998" lon="20.416406">
				<ele>523.000000</ele>
			</trkpt>
			<trkpt lat="48.955010" lon="20.416452">
				<ele>523.000000</ele>
			</trkpt>
			<trkpt lat="48.955004" lon="20.416506">
				<ele>523.000000</ele>
			</trkpt>
			<trkpt lat="48.954975" lon="20.416550">
				<ele>523.000000</ele>
			</trkpt>
			<trkpt lat="48.954939" lon="20.416578">
				<ele>524.000000</ele>
			</trkpt>
			<trkpt lat="48.954922" lon="20.416622">
				<ele>524.000000</ele>
			</trkpt>
			<trkpt lat="48.954874" lon="20.416793">
				<ele>524.000000</ele>
			</trkpt>
			<trkpt lat="48.954857" lon="20.416882">
				<ele>524.000000</ele>
			</trkpt>
			<trkpt lat="48.954815" lon="20.416999">
				<ele>524.000000</ele>
			</trkpt>
			<trkpt lat="48.954786" lon="20.417026">
				<ele>525.000000</ele>
			</trkpt>
			<trkpt lat="48.954751" lon="20.417108">
				<ele>525.000000</ele>
			</trkpt>
			<trkpt lat="48.954727" lon="20.417242">
				<ele>524.000000</ele>
			</trkpt>
			<trkpt lat="48.954709" lon="20.417305">
				<ele>524.000000</ele>
			</trkpt>
			<trkpt lat="48.954697" lon="20.417412">
				<ele>524.000000</ele>
			</trkpt>
			<trkpt lat="48.954697" lon="20.417538">
				<ele>523.000000</ele>
			</trkpt>
			<trkpt lat="48.954686" lon="20.417691">
				<ele>523.000000</ele>
			</trkpt>
			<trkpt lat="48.954656" lon="20.417798">
				<ele>523.000000</ele>
			</trkpt>
			<trkpt lat="48.954621" lon="20.417861">
				<ele>523.000000</ele>
			</trkpt>
			<trkpt lat="48.954568" lon="20.417916">
				<ele>523.000000</ele>
			</trkpt>
			<trkpt lat="48.954532" lon="20.417943">
				<ele>524.000000</ele>
			</trkpt>
			<trkpt lat="48.954438" lon="20.417951">
				<ele>524.000000</ele>
			</trkpt>
			<trkpt lat="48.954367" lon="20.417961">
				<ele>525.000000</ele>
			</trkpt>
			<trkpt lat="48.954290" lon="20.417951">
				<ele>525.000000</ele>
			</trkpt>
			<trkpt lat="48.954220" lon="20.417943">
				<ele>525.000000</ele>
			</trkpt>
			<trkpt lat="48.954167" lon="20.417907">
				<ele>524.000000</ele>
			</trkpt>
			<trkpt lat="48.954113" lon="20.417861">
				<ele>523.000000</ele>
			</trkpt>
			<trkpt lat="48.954072" lon="20.417798">
				<ele>523.000000</ele>
			</trkpt>
			<trkpt lat="48.954025" lon="20.417727">
				<ele>523.000000</ele>
			</trkpt>
			<trkpt lat="48.954013" lon="20.417647">
				<ele>524.000000</ele>
			</trkpt>
			<trkpt lat="48.953996" lon="20.417574">
				<ele>525.000000</ele>
			</trkpt>
			<trkpt lat="48.953966" lon="20.417548">
				<ele>524.000000</ele>
			</trkpt>
			<trkpt lat="48.953948" lon="20.417475">
				<ele>525.000000</ele>
			</trkpt>
			<trkpt lat="48.953883" lon="20.417440">
				<ele>523.000000</ele>
			</trkpt>
			<trkpt lat="48.953783" lon="20.417368">
				<ele>521.000000</ele>
			</trkpt>
			<trkpt lat="48.953653" lon="20.417251">
				<ele>521.000000</ele>
			</trkpt>
			<trkpt lat="48.953624" lon="20.417224">
				<ele>522.000000</ele>
			</trkpt>
			<trkpt lat="48.953571" lon="20.417161">
				<ele>524.000000</ele>
			</trkpt>
			<trkpt lat="48.953547" lon="20.417171">
				<ele>524.000000</ele>
			</trkpt>
			<trkpt lat="48.953518" lon="20.417144">
				<ele>526.000000</ele>
			</trkpt>
			<trkpt lat="48.953494" lon="20.417116">
				<ele>527.000000</ele>
			</trkpt>
			<trkpt lat="48.953429" lon="20.416972">
				<ele>532.000000</ele>
			</trkpt>
			<trkpt lat="48.953394" lon="20.416955">
				<ele>532.000000</ele>
			</trkpt>
			<trkpt lat="48.953364" lon="20.416955">
				<ele>530.000000</ele>
			</trkpt>
			<trkpt lat="48.953311" lon="20.416919">
				<ele>532.000000</ele>
			</trkpt>
			<trkpt lat="48.953229" lon="20.416892">
				<ele>535.000000</ele>
			</trkpt>
			<trkpt lat="48.953158" lon="20.416892">
				<ele>534.000000</ele>
			</trkpt>
			<trkpt lat="48.953087" lon="20.416909">
				<ele>533.000000</ele>
			</trkpt>
			<trkpt lat="48.953052" lon="20.416936">
				<ele>532.000000</ele>
			</trkpt>
			<trkpt lat="48.953022" lon="20.416972">
				<ele>532.000000</ele>
			</trkpt>
			<trkpt lat="48.952993" lon="20.417009">
				<ele>532.000000</ele>
			</trkpt>
			<trkpt lat="48.952940" lon="20.417018">
				<ele>534.000000</ele>
			</trkpt>
			<trkpt lat="48.952887" lon="20.417062">
				<ele>535.000000</ele>
			</trkpt>
			<trkpt lat="48.952839" lon="20.417089">
				<ele>537.000000</ele>
			</trkpt>
			<trkpt lat="48.952816" lon="20.417108">
				<ele>539.000000</ele>
			</trkpt>
			<trkpt lat="48.952804" lon="20.417161">
				<ele>538.000000</ele>
			</trkpt>
			<trkpt lat="48.952792" lon="20.417198">
				<ele>537.000000</ele>
			</trkpt>
			<trkpt lat="48.952774" lon="20.417322">
				<ele>538.000000</ele>
			</trkpt>
			<trkpt lat="48.952751" lon="20.417368">
				<ele>541.000000</ele>
			</trkpt>
			<trkpt lat="48.952739" lon="20.417404">
				<ele>540.000000</ele>
			</trkpt>
			<trkpt lat="48.952745" lon="20.417458">
				<ele>538.000000</ele>
			</trkpt>
			<trkpt lat="48.952751" lon="20.417502">
				<ele>536.000000</ele>
			</trkpt>
			<trkpt lat="48.952745" lon="20.417548">
				<ele>536.000000</ele>
			</trkpt>
			<trkpt lat="48.952739" lon="20.417574">
				<ele>537.000000</ele>
			</trkpt>
			<trkpt lat="48.952704" lon="20.417655">
				<ele>538.000000</ele>
			</trkpt>
			<trkpt lat="48.952686" lon="20.417718">
				<ele>537.000000</ele>
			</trkpt>
			<trkpt lat="48.952657" lon="20.417764">
				<ele>538.000000</ele>
			</trkpt>
			<trkpt lat="48.952615" lon="20.417790">
				<ele>540.000000</ele>
			</trkpt>
			<trkpt lat="48.952609" lon="20.417861">
				<ele>536.000000</ele>
			</trkpt>
			<trkpt lat="48.952651" lon="20.417880">
				<ele>533.000000</ele>
			</trkpt>
			<trkpt lat="48.952662" lon="20.417988">
				<ele>527.000000</ele>
			</trkpt>
			<trkpt lat="48.952692" lon="20.418087">
				<ele>523.000000</ele>
			</trkpt>
			<trkpt lat="48.952716" lon="20.418177">
				<ele>522.000000</ele>
			</trkpt>
			<trkpt lat="48.952727" lon="20.418257">
				<ele>522.000000</ele>
			</trkpt>
			<trkpt lat="48.952751" lon="20.418347">
				<ele>521.000000</ele>
			</trkpt>
			<trkpt lat="48.952745" lon="20.418427">
				<ele>521.000000</ele>
			</trkpt>
			<trkpt lat="48.952745" lon="20.418536">
				<ele>521.000000</ele>
			</trkpt>
			<trkpt lat="48.952757" lon="20.418653">
				<ele>521.000000</ele>
			</trkpt>
			<trkpt lat="48.952780" lon="20.418779">
				<ele>520.000000</ele>
			</trkpt>
			<trkpt lat="48.952780" lon="20.418895">
				<ele>521.000000</ele>
			</trkpt>
			<trkpt lat="48.952798" lon="20.419056">
				<ele>520.000000</ele>
			</trkpt>
			<trkpt lat="48.952810" lon="20.419138">
				<ele>520.000000</ele>
			</trkpt>
			<trkpt lat="48.952804" lon="20.419255">
				<ele>521.000000</ele>
			</trkpt>
			<trkpt lat="48.952816" lon="20.419326">
				<ele>521.000000</ele>
			</trkpt>
			<trkpt lat="48.952857" lon="20.419435">
				<ele>519.000000</ele>
			</trkpt>
			<trkpt lat="48.952857" lon="20.419506">
				<ele>520.000000</ele>
			</trkpt>
			<trkpt lat="48.952863" lon="20.419569">
				<ele>521.000000</ele>
			</trkpt>
			<trkpt lat="48.952887" lon="20.419641">
				<ele>520.000000</ele>
			</trkpt>
			<trkpt lat="48.952904" lon="20.419704">
				<ele>520.000000</ele>
			</trkpt>
			<trkpt lat="48.952916" lon="20.419775">
				<ele>520.000000</ele>
			</trkpt>
			<trkpt lat="48.952922" lon="20.419829">
				<ele>520.000000</ele>
			</trkpt>
			<trkpt lat="48.952922" lon="20.419919">
				<ele>520.000000</ele>
			</trkpt>
			<trkpt lat="48.952922" lon="20.419991">
				<ele>520.000000</ele>
			</trkpt>
			<trkpt lat="48.952934" lon="20.420062">
				<ele>520.000000</ele>
			</trkpt>
			<trkpt lat="48.952946" lon="20.420098">
				<ele>520.000000</ele>
			</trkpt>
			<trkpt lat="48.952963" lon="20.420135">
				<ele>520.000000</ele>
			</trkpt>
			<trkpt lat="48.952975" lon="20.420180">
				<ele>519.000000</ele>
			</trkpt>
			<trkpt lat="48.952969" lon="20.420278">
				<ele>522.000000</ele>
			</trkpt>
			<trkpt lat="48.952993" lon="20.420324">
				<ele>521.000000</ele>
			</trkpt>
			<trkpt lat="48.952987" lon="20.420387">
				<ele>522.000000</ele>
			</trkpt>
			<trkpt lat="48.953010" lon="20.420448">
				<ele>521.000000</ele>
			</trkpt>
			<trkpt lat="48.953058" lon="20.420530">
				<ele>520.000000</ele>
			</trkpt>
			<trkpt lat="48.953069" lon="20.420584">
				<ele>520.000000</ele>
			</trkpt>
			<trkpt lat="48.953093" lon="20.420638">
				<ele>520.000000</ele>
			</trkpt>
			<trkpt lat="48.953099" lon="20.420718">
				<ele>520.000000</ele>
			</trkpt>
			<trkpt lat="48.953093" lon="20.420808">
				<ele>520.000000</ele>
			</trkpt>
			<trkpt lat="48.953075" lon="20.420898">
				<ele>520.000000</ele>
			</trkpt>
			<trkpt lat="48.953069" lon="20.421006">
				<ele>520.000000</ele>
			</trkpt>
			<trkpt lat="48.953058" lon="20.421077">
				<ele>521.000000</ele>
			</trkpt>
			<trkpt lat="48.953034" lon="20.421159">
				<ele>521.000000</ele>
			</trkpt>
			<trkpt lat="48.953016" lon="20.421222">
				<ele>521.000000</ele>
			</trkpt>
			<trkpt lat="48.953005" lon="20.421293">
				<ele>521.000000</ele>
			</trkpt>
			<trkpt lat="48.952975" lon="20.421383">
				<ele>521.000000</ele>
			</trkpt>
			<trkpt lat="48.952957" lon="20.421464">
				<ele>521.000000</ele>
			</trkpt>
			<trkpt lat="48.952916" lon="20.421590">
				<ele>521.000000</ele>
			</trkpt>
			<trkpt lat="48.952898" lon="20.421698">
				<ele>520.000000</ele>
			</trkpt>
			<trkpt lat="48.952887" lon="20.421779">
				<ele>520.000000</ele>
			</trkpt>
			<trkpt lat="48.952875" lon="20.421859">
				<ele>520.000000</ele>
			</trkpt>
			<trkpt lat="48.952845" lon="20.421959">
				<ele>521.000000</ele>
			</trkpt>
			<trkpt lat="48.952833" lon="20.422012">
				<ele>521.000000</ele>
			</trkpt>
			<trkpt lat="48.952839" lon="20.422075">
				<ele>520.000000</ele>
			</trkpt>
			<trkpt lat="48.952833" lon="20.422138">
				<ele>520.000000</ele>
			</trkpt>
			<trkpt lat="48.952816" lon="20.422246">
				<ele>521.000000</ele>
			</trkpt>
			<trkpt lat="48.952845" lon="20.422326">
				<ele>519.000000</ele>
			</trkpt>
			<trkpt lat="48.952863" lon="20.422408">
				<ele>519.000000</ele>
			</trkpt>
			<trkpt lat="48.952892" lon="20.422542">
				<ele>521.000000</ele>
			</trkpt>
			<trkpt lat="48.952940" lon="20.422632">
				<ele>519.000000</ele>
			</trkpt>
			<trkpt lat="48.952963" lon="20.422775">
				<ele>520.000000</ele>
			</trkpt>
			<trkpt lat="48.952969" lon="20.422821">
				<ele>520.000000</ele>
			</trkpt>
			<trkpt lat="48.952969" lon="20.422838">
				<ele>521.000000</ele>
			</trkpt>
			<trkpt lat="48.952946" lon="20.422875">
				<ele>523.000000</ele>
			</trkpt>
			<trkpt lat="48.952928" lon="20.422920">
				<ele>525.000000</ele>
			</trkpt>
			<trkpt lat="48.952910" lon="20.423001">
				<ele>525.000000</ele>
			</trkpt>
			<trkpt lat="48.952910" lon="20.423064">
				<ele>525.000000</ele>
			</trkpt>
			<trkpt lat="48.952898" lon="20.423117">
				<ele>526.000000</ele>
			</trkpt>
			<trkpt lat="48.952881" lon="20.423135">
				<ele>527.000000</ele>
			</trkpt>
			<trkpt lat="48.952863" lon="20.423135">
				<ele>528.000000</ele>
			</trkpt>
			<trkpt lat="48.952839" lon="20.423090">
				<ele>529.000000</ele>
			</trkpt>
			<trkpt lat="48.952786" lon="20.423127">
				<ele>531.000000</ele>
			</trkpt>
			<trkpt lat="48.952739" lon="20.423127">
				<ele>532.000000</ele>
			</trkpt>
			<trkpt lat="48.952657" lon="20.423090">
				<ele>534.000000</ele>
			</trkpt>
			<trkpt lat="48.952539" lon="20.423081">
				<ele>536.000000</ele>
			</trkpt>
			<trkpt lat="48.952480" lon="20.423054">
				<ele>539.000000</ele>
			</trkpt>
			<trkpt lat="48.952385" lon="20.423010">
				<ele>541.000000</ele>
			</trkpt>
			<trkpt lat="48.952291" lon="20.422947">
				<ele>545.000000</ele>
			</trkpt>
			<trkpt lat="48.952167" lon="20.422884">
				<ele>549.000000</ele>
			</trkpt>
			<trkpt lat="48.952043" lon="20.422838">
				<ele>551.000000</ele>
			</trkpt>
			<trkpt lat="48.952008" lon="20.422821">
				<ele>552.000000</ele>
			</trkpt>
			<trkpt lat="48.951978" lon="20.422794">
				<ele>554.000000</ele>
			</trkpt>
			<trkpt lat="48.951925" lon="20.422802">
				<ele>553.000000</ele>
			</trkpt>
			<trkpt lat="48.951884" lon="20.422794">
				<ele>553.000000</ele>
			</trkpt>
			<trkpt lat="48.951813" lon="20.422748">
				<ele>553.000000</ele>
			</trkpt>
			<trkpt lat="48.951660" lon="20.422569">
				<ele>555.000000</ele>
			</trkpt>
			<trkpt lat="48.951601" lon="20.422479">
				<ele>556.000000</ele>
			</trkpt>
			<trkpt lat="48.951530" lon="20.422354">
				<ele>558.000000</ele>
			</trkpt>
			<trkpt lat="48.951483" lon="20.422282">
				<ele>561.000000</ele>
			</trkpt>
			<trkpt lat="48.951459" lon="20.422246">
				<ele>561.000000</ele>
			</trkpt>
			<trkpt lat="48.951400" lon="20.422209">
				<ele>563.000000</ele>
			</trkpt>
			<trkpt lat="48.951347" lon="20.422183">
				<ele>562.000000</ele>
			</trkpt>
			<trkpt lat="48.951264" lon="20.422102">
				<ele>563.000000</ele>
			</trkpt>
			<trkpt lat="48.951158" lon="20.422039">
				<ele>565.000000</ele>
			</trkpt>
			<trkpt lat="48.951076" lon="20.422022">
				<ele>566.000000</ele>
			</trkpt>
			<trkpt lat="48.950934" lon="20.422012">
				<ele>570.000000</ele>
			</trkpt>
			<trkpt lat="48.950757" lon="20.422048">
				<ele>575.000000</ele>
			</trkpt>
			<trkpt lat="48.950686" lon="20.422085">
				<ele>578.000000</ele>
			</trkpt>
			<trkpt lat="48.950462" lon="20.422111">
				<ele>589.000000</ele>
			</trkpt>
			<trkpt lat="48.950380" lon="20.422102">
				<ele>590.000000</ele>
			</trkpt>
			<trkpt lat="48.950297" lon="20.422111">
				<ele>594.000000</ele>
			</trkpt>
			<trkpt lat="48.950137" lon="20.422201">
				<ele>599.000000</ele>
			</trkpt>
			<trkpt lat="48.949925" lon="20.422201">
				<ele>606.000000</ele>
			</trkpt>
			<trkpt lat="48.949737" lon="20.422146">
				<ele>617.000000</ele>
			</trkpt>
			<trkpt lat="48.949648" lon="20.422066">
				<ele>629.000000</ele>
			</trkpt>
			<trkpt lat="48.949618" lon="20.422066">
				<ele>631.000000</ele>
			</trkpt>
			<trkpt lat="48.949577" lon="20.422048">
				<ele>632.000000</ele>
			</trkpt>
			<trkpt lat="48.949453" lon="20.422003">
				<ele>635.000000</ele>
			</trkpt>
			<trkpt lat="48.949317" lon="20.421905">
				<ele>636.000000</ele>
			</trkpt>
			<trkpt lat="48.949205" lon="20.421842">
				<ele>639.000000</ele>
			</trkpt>
			<trkpt lat="48.949052" lon="20.421796">
				<ele>640.000000</ele>
			</trkpt>
			<trkpt lat="48.948940" lon="20.421806">
				<ele>642.000000</ele>
			</trkpt>
			<trkpt lat="48.948863" lon="20.421806">
				<ele>645.000000</ele>
			</trkpt>
			<trkpt lat="48.948757" lon="20.421823">
				<ele>651.000000</ele>
			</trkpt>
			<trkpt lat="48.948657" lon="20.421850">
				<ele>659.000000</ele>
			</trkpt>
			<trkpt lat="48.948527" lon="20.421878">
				<ele>664.000000</ele>
			</trkpt>
			<trkpt lat="48.948409" lon="20.421878">
				<ele>668.000000</ele>
			</trkpt>
			<trkpt lat="48.948244" lon="20.421932">
				<ele>670.000000</ele>
			</trkpt>
			<trkpt lat="48.948114" lon="20.421959">
				<ele>672.000000</ele>
			</trkpt>
			<trkpt lat="48.947972" lon="20.421932">
				<ele>675.000000</ele>
			</trkpt>
			<trkpt lat="48.947860" lon="20.421932">
				<ele>678.000000</ele>
			</trkpt>
			<trkpt lat="48.947795" lon="20.421976">
				<ele>681.000000</ele>
			</trkpt>
			<trkpt lat="48.947772" lon="20.421985">
				<ele>682.000000</ele>
			</trkpt>
			<trkpt lat="48.947677" lon="20.422030">
				<ele>685.000000</ele>
			</trkpt>
			<trkpt lat="48.947571" lon="20.422056">
				<ele>685.000000</ele>
			</trkpt>
			<trkpt lat="48.947571" lon="20.422056">
				<ele>685.000000</ele>
			</trkpt>
			<trkpt lat="48.947571" lon="20.422056">
				<ele>686.000000</ele>
			</trkpt>
			<trkpt lat="48.947500" lon="20.422030">
				<ele>690.000000</ele>
			</trkpt>
			<trkpt lat="48.947483" lon="20.422022">
				<ele>690.000000</ele>
			</trkpt>
			<trkpt lat="48.947430" lon="20.421995">
				<ele>693.000000</ele>
			</trkpt>
			<trkpt lat="48.947288" lon="20.422003">
				<ele>695.000000</ele>
			</trkpt>
			<trkpt lat="48.947170" lon="20.421976">
				<ele>698.000000</ele>
			</trkpt>
			<trkpt lat="48.946993" lon="20.422022">
				<ele>699.000000</ele>
			</trkpt>
			<trkpt lat="48.946928" lon="20.422066">
				<ele>699.000000</ele>
			</trkpt>
			<trkpt lat="48.946846" lon="20.422146">
				<ele>701.000000</ele>
			</trkpt>
			<trkpt lat="48.946846" lon="20.422165">
				<ele>700.000000</ele>
			</trkpt>
			<trkpt lat="48.946822" lon="20.422272">
				<ele>702.000000</ele>
			</trkpt>
			<trkpt lat="48.946763" lon="20.422408">
				<ele>705.000000</ele>
			</trkpt>
			<trkpt lat="48.946722" lon="20.422471">
				<ele>708.000000</ele>
			</trkpt>
			<trkpt lat="48.946657" lon="20.422452">
				<ele>711.000000</ele>
			</trkpt>
			<trkpt lat="48.946574" lon="20.422416">
				<ele>715.000000</ele>
			</trkpt>
			<trkpt lat="48.946462" lon="20.422354">
				<ele>717.000000</ele>
			</trkpt>
			<trkpt lat="48.946291" lon="20.422398">
				<ele>720.000000</ele>
			</trkpt>
			<trkpt lat="48.946108" lon="20.422506">
				<ele>722.000000</ele>
			</trkpt>
			<trkpt lat="48.946002" lon="20.422561">
				<ele>726.000000</ele>
			</trkpt>
			<trkpt lat="48.945931" lon="20.422578">
				<ele>729.000000</ele>
			</trkpt>
			<trkpt lat="48.945866" lon="20.422632">
				<ele>733.000000</ele>
			</trkpt>
			<trkpt lat="48.945831" lon="20.422704">
				<ele>737.000000</ele>
			</trkpt>
			<trkpt lat="48.945801" lon="20.422758">
				<ele>739.000000</ele>
			</trkpt>
			<trkpt lat="48.945737" lon="20.422928">
				<ele>743.000000</ele>
			</trkpt>
			<trkpt lat="48.945595" lon="20.423001">
				<ele>746.000000</ele>
			</trkpt>
			<trkpt lat="48.945506" lon="20.423037">
				<ele>747.000000</ele>
			</trkpt>
			<trkpt lat="48.945335" lon="20.423108">
				<ele>749.000000</ele>
			</trkpt>
			<trkpt lat="48.945206" lon="20.423162">
				<ele>751.000000</ele>
			</trkpt>
			<trkpt lat="48.945111" lon="20.423207">
				<ele>752.000000</ele>
			</trkpt>
			<trkpt lat="48.944934" lon="20.423225">
				<ele>752.000000</ele>
			</trkpt>
			<trkpt lat="48.944474" lon="20.423377">
				<ele>760.000000</ele>
			</trkpt>
			<trkpt lat="48.944379" lon="20.423377">
				<ele>761.000000</ele>
			</trkpt>
			<trkpt lat="48.944302" lon="20.423360">
				<ele>761.000000</ele>
			</trkpt>
			<trkpt lat="48.944120" lon="20.423306">
				<ele>763.000000</ele>
			</trkpt>
			<trkpt lat="48.943996" lon="20.423261">
				<ele>765.000000</ele>
			</trkpt>
			<trkpt lat="48.943907" lon="20.423171">
				<ele>765.000000</ele>
			</trkpt>
			<trkpt lat="48.943795" lon="20.423054">
				<ele>765.000000</ele>
			</trkpt>
			<trkpt lat="48.943695" lon="20.422991">
				<ele>766.000000</ele>
			</trkpt>
			<trkpt lat="48.943264" lon="20.422731">
				<ele>767.000000</ele>
			</trkpt>
			<trkpt lat="48.943187" lon="20.422677">
				<ele>767.000000</ele>
			</trkpt>
			<trkpt lat="48.943052" lon="20.422534">
				<ele>768.000000</ele>
			</trkpt>
			<trkpt lat="48.942957" lon="20.422408">
				<ele>770.000000</ele>
			</trkpt>
			<trkpt lat="48.942904" lon="20.422677">
				<ele>771.000000</ele>
			</trkpt>
			<trkpt lat="48.942869" lon="20.422955">
				<ele>771.000000</ele>
			</trkpt>
			<trkpt lat="48.942834" lon="20.423513">
				<ele>774.000000</ele>
			</trkpt>
			<trkpt lat="48.942828" lon="20.423638">
				<ele>774.000000</ele>
			</trkpt>
			<trkpt lat="48.942828" lon="20.423693">
				<ele>775.000000</ele>
			</trkpt>
			<trkpt lat="48.942863" lon="20.423827">
				<ele>776.000000</ele>
			</trkpt>
			<trkpt lat="48.942881" lon="20.423907">
				<ele>777.000000</ele>
			</trkpt>
			<trkpt lat="48.942863" lon="20.424060">
				<ele>778.000000</ele>
			</trkpt>
			<trkpt lat="48.942828" lon="20.424285">
				<ele>780.000000</ele>
			</trkpt>
			<trkpt lat="48.942792" lon="20.424429">
				<ele>782.000000</ele>
			</trkpt>
			<trkpt lat="48.942721" lon="20.424645">
				<ele>783.000000</ele>
			</trkpt>
			<trkpt lat="48.942674" lon="20.424788">
				<ele>784.000000</ele>
			</trkpt>
			<trkpt lat="48.942662" lon="20.424859">
				<ele>785.000000</ele>
			</trkpt>
			<trkpt lat="48.942680" lon="20.425112">
				<ele>786.000000</ele>
			</trkpt>
			<trkpt lat="48.942698" lon="20.425238">
				<ele>788.000000</ele>
			</trkpt>
			<trkpt lat="48.942710" lon="20.425398">
				<ele>789.000000</ele>
			</trkpt>
			<trkpt lat="48.942716" lon="20.425498">
				<ele>789.000000</ele>
			</trkpt>
			<trkpt lat="48.942698" lon="20.425597">
				<ele>790.000000</ele>
			</trkpt>
			<trkpt lat="48.942680" lon="20.425785">
				<ele>791.000000</ele>
			</trkpt>
			<trkpt lat="48.942668" lon="20.425983">
				<ele>793.000000</ele>
			</trkpt>
			<trkpt lat="48.942645" lon="20.426100">
				<ele>794.000000</ele>
			</trkpt>
			<trkpt lat="48.942645" lon="20.426253">
				<ele>795.000000</ele>
			</trkpt>
			<trkpt lat="48.942627" lon="20.426378">
				<ele>795.000000</ele>
			</trkpt>
			<trkpt lat="48.942621" lon="20.426441">
				<ele>795.000000</ele>
			</trkpt>
			<trkpt lat="48.942633" lon="20.426576">
				<ele>796.000000</ele>
			</trkpt>
			<trkpt lat="48.942657" lon="20.426792">
				<ele>797.000000</ele>
			</trkpt>
			<trkpt lat="48.942662" lon="20.426970">
				<ele>798.000000</ele>
			</trkpt>
			<trkpt lat="48.942662" lon="20.427088">
				<ele>798.000000</ele>
			</trkpt>
			<trkpt lat="48.942657" lon="20.427213">
				<ele>799.000000</ele>
			</trkpt>
			<trkpt lat="48.942657" lon="20.427268">
				<ele>799.000000</ele>
			</trkpt>
			<trkpt lat="48.942662" lon="20.427339">
				<ele>799.000000</ele>
			</trkpt>
			<trkpt lat="48.942668" lon="20.427635">
				<ele>800.000000</ele>
			</trkpt>
			<trkpt lat="48.942662" lon="20.427689">
				<ele>800.000000</ele>
			</trkpt>
			<trkpt lat="48.942651" lon="20.427752">
				<ele>800.000000</ele>
			</trkpt>
			<trkpt lat="48.942621" lon="20.427825">
				<ele>799.000000</ele>
			</trkpt>
			<trkpt lat="48.942598" lon="20.427861">
				<ele>799.000000</ele>
			</trkpt>
			<trkpt lat="48.942562" lon="20.427896">
				<ele>799.000000</ele>
			</trkpt>
			<trkpt lat="48.942444" lon="20.427959">
				<ele>798.000000</ele>
			</trkpt>
			<trkpt lat="48.942367" lon="20.427985">
				<ele>797.000000</ele>
			</trkpt>
			<trkpt lat="48.942303" lon="20.428031">
				<ele>797.000000</ele>
			</trkpt>
			<trkpt lat="48.942155" lon="20.428211">
				<ele>795.000000</ele>
			</trkpt>
			<trkpt lat="48.942084" lon="20.428318">
				<ele>795.000000</ele>
			</trkpt>
			<trkpt lat="48.942019" lon="20.428364">
				<ele>795.000000</ele>
			</trkpt>
			<trkpt lat="48.941606" lon="20.428391">
				<ele>784.000000</ele>
			</trkpt>
			<trkpt lat="48.941347" lon="20.428498">
				<ele>775.000000</ele>
			</trkpt>
			<trkpt lat="48.941129" lon="20.428767">
				<ele>764.000000</ele>
			</trkpt>
			<trkpt lat="48.941040" lon="20.428786">
				<ele>758.000000</ele>
			</trkpt>
			<trkpt lat="48.940940" lon="20.428723">
				<ele>751.000000</ele>
			</trkpt>
			<trkpt lat="48.940881" lon="20.428597">
				<ele>746.000000</ele>
			</trkpt>
			<trkpt lat="48.940775" lon="20.428345">
				<ele>735.000000</ele>
			</trkpt>
			<trkpt lat="48.940733" lon="20.428354">
				<ele>734.000000</ele>
			</trkpt>
			<trkpt lat="48.940638" lon="20.428462">
				<ele>729.000000</ele>
			</trkpt>
			<trkpt lat="48.940573" lon="20.428435">
				<ele>724.000000</ele>
			</trkpt>
			<trkpt lat="48.940455" lon="20.428228">
				<ele>713.000000</ele>
			</trkpt>
			<trkpt lat="48.940337" lon="20.428075">
				<ele>704.000000</ele>
			</trkpt>
			<trkpt lat="48.940219" lon="20.428130">
				<ele>700.000000</ele>
			</trkpt>
			<trkpt lat="48.940131" lon="20.428067">
				<ele>695.000000</ele>
			</trkpt>
			<trkpt lat="48.940054" lon="20.428121">
				<ele>691.000000</ele>
			</trkpt>
			<trkpt lat="48.940025" lon="20.428112">
				<ele>689.000000</ele>
			</trkpt>
			<trkpt lat="48.939913" lon="20.427922">
				<ele>682.000000</ele>
			</trkpt>
			<trkpt lat="48.939836" lon="20.427869">
				<ele>680.000000</ele>
			</trkpt>
			<trkpt lat="48.939736" lon="20.427788">
				<ele>676.000000</ele>
			</trkpt>
			<trkpt lat="48.939553" lon="20.427599">
				<ele>671.000000</ele>
			</trkpt>
			<trkpt lat="48.939494" lon="20.427599">
				<ele>669.000000</ele>
			</trkpt>
			<trkpt lat="48.939222" lon="20.427689">
				<ele>655.000000</ele>
			</trkpt>
			<trkpt lat="48.939175" lon="20.427689">
				<ele>653.000000</ele>
			</trkpt>
			<trkpt lat="48.939093" lon="20.427672">
				<ele>649.000000</ele>
			</trkpt>
			<trkpt lat="48.938963" lon="20.427582">
				<ele>644.000000</ele>
			</trkpt>
			<trkpt lat="48.938638" lon="20.427555">
				<ele>630.000000</ele>
			</trkpt>
			<trkpt lat="48.938532" lon="20.427483">
				<ele>625.000000</ele>
			</trkpt>
			<trkpt lat="48.938450" lon="20.427465">
				<ele>622.000000</ele>
			</trkpt>
			<trkpt lat="48.938296" lon="20.427330">
				<ele>613.000000</ele>
			</trkpt>
			<trkpt lat="48.938214" lon="20.427330">
				<ele>608.000000</ele>
			</trkpt>
			<trkpt lat="48.938172" lon="20.427339">
				<ele>606.000000</ele>
			</trkpt>
			<trkpt lat="48.938125" lon="20.427402">
				<ele>602.000000</ele>
			</trkpt>
			<trkpt lat="48.938125" lon="20.427402">
				<ele>602.000000</ele>
			</trkpt>
			<trkpt lat="48.938113" lon="20.427420">
				<ele>601.000000</ele>
			</trkpt>
			<trkpt lat="48.938078" lon="20.427456">
				<ele>599.000000</ele>
			</trkpt>
			<trkpt lat="48.938025" lon="20.427446">
				<ele>595.000000</ele>
			</trkpt>
			<trkpt lat="48.937960" lon="20.427358">
				<ele>592.000000</ele>
			</trkpt>
			<trkpt lat="48.937818" lon="20.427123">
				<ele>587.000000</ele>
			</trkpt>
			<trkpt lat="48.937747" lon="20.427115">
				<ele>583.000000</ele>
			</trkpt>
			<trkpt lat="48.937659" lon="20.427142">
				<ele>577.000000</ele>
			</trkpt>
			<trkpt lat="48.937618" lon="20.427186">
				<ele>575.000000</ele>
			</trkpt>
			<trkpt lat="48.937629" lon="20.427249">
				<ele>574.000000</ele>
			</trkpt>
			<trkpt lat="48.937694" lon="20.427402">
				<ele>573.000000</ele>
			</trkpt>
			<trkpt lat="48.937718" lon="20.427501">
				<ele>573.000000</ele>
			</trkpt>
			<trkpt lat="48.937688" lon="20.427662">
				<ele>567.000000</ele>
			</trkpt>
			<trkpt lat="48.937653" lon="20.427689">
				<ele>563.000000</ele>
			</trkpt>
			<trkpt lat="48.937606" lon="20.427689">
				<ele>560.000000</ele>
			</trkpt>
			<trkpt lat="48.937559" lon="20.427716">
				<ele>557.000000</ele>
			</trkpt>
			<trkpt lat="48.937523" lon="20.427762">
				<ele>554.000000</ele>
			</trkpt>
			<trkpt lat="48.937500" lon="20.427842">
				<ele>551.000000</ele>
			</trkpt>
			<trkpt lat="48.937452" lon="20.427959">
				<ele>547.000000</ele>
			</trkpt>
			<trkpt lat="48.937422" lon="20.427905">
				<ele>547.000000</ele>
			</trkpt>
			<trkpt lat="48.937382" lon="20.427861">
				<ele>546.000000</ele>
			</trkpt>
			<trkpt lat="48.937358" lon="20.427842">
				<ele>547.000000</ele>
			</trkpt>
			<trkpt lat="48.937329" lon="20.427815">
				<ele>548.000000</ele>
			</trkpt>
			<trkpt lat="48.937281" lon="20.427725">
				<ele>548.000000</ele>
			</trkpt>
			<trkpt lat="48.937240" lon="20.427599">
				<ele>549.000000</ele>
			</trkpt>
			<trkpt lat="48.937234" lon="20.427536">
				<ele>549.000000</ele>
			</trkpt>
			<trkpt lat="48.937234" lon="20.427465">
				<ele>549.000000</ele>
			</trkpt>
			<trkpt lat="48.937216" lon="20.427366">
				<ele>549.000000</ele>
			</trkpt>
			<trkpt lat="48.937175" lon="20.427285">
				<ele>550.000000</ele>
			</trkpt>
			<trkpt lat="48.937110" lon="20.427115">
				<ele>553.000000</ele>
			</trkpt>
			<trkpt lat="48.937152" lon="20.426989">
				<ele>553.000000</ele>
			</trkpt>
			<trkpt lat="48.937211" lon="20.426880">
				<ele>550.000000</ele>
			</trkpt>
			<trkpt lat="48.937304" lon="20.426819">
				<ele>549.000000</ele>
			</trkpt>
			<trkpt lat="48.937317" lon="20.426809">
				<ele>549.000000</ele>
			</trkpt>
			<trkpt lat="48.937346" lon="20.426773">
				<ele>550.000000</ele>
			</trkpt>
			<trkpt lat="48.937399" lon="20.426603">
				<ele>550.000000</ele>
			</trkpt>
			<trkpt lat="48.937405" lon="20.426584">
				<ele>550.000000</ele>
			</trkpt>
			<trkpt lat="48.937429" lon="20.426530">
				<ele>551.000000</ele>
			</trkpt>
			<trkpt lat="48.937464" lon="20.426513">
				<ele>553.000000</ele>
			</trkpt>
			<trkpt lat="48.937481" lon="20.426530">
				<ele>555.000000</ele>
			</trkpt>
			<trkpt lat="48.937506" lon="20.426504">
				<ele>556.000000</ele>
			</trkpt>
			<trkpt lat="48.937541" lon="20.426423">
				<ele>554.000000</ele>
			</trkpt>
			<trkpt lat="48.937600" lon="20.426351">
				<ele>553.000000</ele>
			</trkpt>
			<trkpt lat="48.937653" lon="20.426314">
				<ele>552.000000</ele>
			</trkpt>
			<trkpt lat="48.937742" lon="20.426280">
				<ele>552.000000</ele>
			</trkpt>
			<trkpt lat="48.937806" lon="20.426261">
				<ele>553.000000</ele>
			</trkpt>
			<trkpt lat="48.937860" lon="20.426226">
				<ele>553.000000</ele>
			</trkpt>
			<trkpt lat="48.937942" lon="20.426163">
				<ele>554.000000</ele>
			</trkpt>
			<trkpt lat="48.937978" lon="20.426127">
				<ele>555.000000</ele>
			</trkpt>
			<trkpt lat="48.938101" lon="20.426054">
				<ele>554.000000</ele>
			</trkpt>
			<trkpt lat="48.938155" lon="20.426037">
				<ele>552.000000</ele>
			</trkpt>
			<trkpt lat="48.938225" lon="20.425991">
				<ele>555.000000</ele>
			</trkpt>
			<trkpt lat="48.938308" lon="20.425911">
				<ele>556.000000</ele>
			</trkpt>
			<trkpt lat="48.938379" lon="20.425857">
				<ele>554.000000</ele>
			</trkpt>
			<trkpt lat="48.938450" lon="20.425804">
				<ele>555.000000</ele>
			</trkpt>
			<trkpt lat="48.938520" lon="20.425740">
				<ele>556.000000</ele>
			</trkpt>
			<trkpt lat="48.938597" lon="20.425695">
				<ele>557.000000</ele>
			</trkpt>
			<trkpt lat="48.938638" lon="20.425677">
				<ele>557.000000</ele>
			</trkpt>
			<trkpt lat="48.938680" lon="20.425695">
				<ele>555.000000</ele>
			</trkpt>
			<trkpt lat="48.938745" lon="20.425668">
				<ele>555.000000</ele>
			</trkpt>
			<trkpt lat="48.938786" lon="20.425641">
				<ele>555.000000</ele>
			</trkpt>
			<trkpt lat="48.938839" lon="20.425578">
				<ele>556.000000</ele>
			</trkpt>
			<trkpt lat="48.938851" lon="20.425515">
				<ele>556.000000</ele>
			</trkpt>
			<trkpt lat="48.938874" lon="20.425435">
				<ele>557.000000</ele>
			</trkpt>
			<trkpt lat="48.938880" lon="20.425362">
				<ele>557.000000</ele>
			</trkpt>
			<trkpt lat="48.938904" lon="20.425301">
				<ele>558.000000</ele>
			</trkpt>
			<trkpt lat="48.938957" lon="20.425211">
				<ele>558.000000</ele>
			</trkpt>
			<trkpt lat="48.938992" lon="20.425165">
				<ele>558.000000</ele>
			</trkpt>
			<trkpt lat="48.939051" lon="20.425129">
				<ele>558.000000</ele>
			</trkpt>
			<trkpt lat="48.939087" lon="20.425121">
				<ele>560.000000</ele>
			</trkpt>
			<trkpt lat="48.939175" lon="20.425094">
				<ele>562.000000</ele>
			</trkpt>
			<trkpt lat="48.939252" lon="20.425058">
				<ele>560.000000</ele>
			</trkpt>
			<trkpt lat="48.939299" lon="20.425004">
				<ele>559.000000</ele>
			</trkpt>
			<trkpt lat="48.939346" lon="20.424941">
				<ele>560.000000</ele>
			</trkpt>
			<trkpt lat="48.939364" lon="20.424869">
				<ele>560.000000</ele>
			</trkpt>
			<trkpt lat="48.939388" lon="20.424788">
				<ele>560.000000</ele>
			</trkpt>
			<trkpt lat="48.939388" lon="20.424706">
				<ele>561.000000</ele>
			</trkpt>
			<trkpt lat="48.939382" lon="20.424626">
				<ele>563.000000</ele>
			</trkpt>
			<trkpt lat="48.939376" lon="20.424536">
				<ele>564.000000</ele>
			</trkpt>
			<trkpt lat="48.939346" lon="20.424438">
				<ele>562.000000</ele>
			</trkpt>
			<trkpt lat="48.939305" lon="20.424339">
				<ele>561.000000</ele>
			</trkpt>
			<trkpt lat="48.939264" lon="20.424230">
				<ele>561.000000</ele>
			</trkpt>
			<trkpt lat="48.939228" lon="20.424142">
				<ele>562.000000</ele>
			</trkpt>
			<trkpt lat="48.939175" lon="20.424033">
				<ele>564.000000</ele>
			</trkpt>
			<trkpt lat="48.939169" lon="20.423926">
				<ele>564.000000</ele>
			</trkpt>
			<trkpt lat="48.939216" lon="20.423764">
				<ele>563.000000</ele>
			</trkpt>
			<trkpt lat="48.939287" lon="20.423620">
				<ele>563.000000</ele>
			</trkpt>
			<trkpt lat="48.939346" lon="20.423504">
				<ele>564.000000</ele>
			</trkpt>
			<trkpt lat="48.939405" lon="20.423431">
				<ele>565.000000</ele>
			</trkpt>
			<trkpt lat="48.939435" lon="20.423387">
				<ele>567.000000</ele>
			</trkpt>
			<trkpt lat="48.939482" lon="20.423333">
				<ele>566.000000</ele>
			</trkpt>
			<trkpt lat="48.939529" lon="20.423261">
				<ele>566.000000</ele>
			</trkpt>
			<trkpt lat="48.939565" lon="20.423198">
				<ele>567.000000</ele>
			</trkpt>
			<trkpt lat="48.939582" lon="20.423117">
				<ele>567.000000</ele>
			</trkpt>
			<trkpt lat="48.939612" lon="20.422928">
				<ele>569.000000</ele>
			</trkpt>
			<trkpt lat="48.939612" lon="20.422722">
				<ele>570.000000</ele>
			</trkpt>
			<trkpt lat="48.939635" lon="20.422461">
				<ele>569.000000</ele>
			</trkpt>
			<trkpt lat="48.939683" lon="20.422354">
				<ele>570.000000</ele>
			</trkpt>
			<trkpt lat="48.939742" lon="20.422201">
				<ele>570.000000</ele>
			</trkpt>
			<trkpt lat="48.939753" lon="20.422138">
				<ele>570.000000</ele>
			</trkpt>
			<trkpt lat="48.939771" lon="20.421968">
				<ele>572.000000</ele>
			</trkpt>
			<trkpt lat="48.939789" lon="20.421806">
				<ele>575.000000</ele>
			</trkpt>
			<trkpt lat="48.939801" lon="20.421626">
				<ele>573.000000</ele>
			</trkpt>
			<trkpt lat="48.939824" lon="20.421536">
				<ele>573.000000</ele>
			</trkpt>
			<trkpt lat="48.939865" lon="20.421456">
				<ele>573.000000</ele>
			</trkpt>
			<trkpt lat="48.939895" lon="20.421366">
				<ele>575.000000</ele>
			</trkpt>
			<trkpt lat="48.939913" lon="20.421284">
				<ele>574.000000</ele>
			</trkpt>
			<trkpt lat="48.939919" lon="20.421194">
				<ele>575.000000</ele>
			</trkpt>
			<trkpt lat="48.939901" lon="20.421140">
				<ele>577.000000</ele>
			</trkpt>
			<trkpt lat="48.939842" lon="20.420970">
				<ele>579.000000</ele>
			</trkpt>
			<trkpt lat="48.939795" lon="20.420863">
				<ele>580.000000</ele>
			</trkpt>
			<trkpt lat="48.939730" lon="20.420790">
				<ele>580.000000</ele>
			</trkpt>
			<trkpt lat="48.939677" lon="20.420656">
				<ele>585.000000</ele>
			</trkpt>
			<trkpt lat="48.939641" lon="20.420530">
				<ele>585.000000</ele>
			</trkpt>
			<trkpt lat="48.939582" lon="20.420404">
				<ele>581.000000</ele>
			</trkpt>
			<trkpt lat="48.939511" lon="20.420297">
				<ele>579.000000</ele>
			</trkpt>
			<trkpt lat="48.939452" lon="20.420234">
				<ele>580.000000</ele>
			</trkpt>
			<trkpt lat="48.939399" lon="20.420152">
				<ele>582.000000</ele>
			</trkpt>
			<trkpt lat="48.939329" lon="20.420035">
				<ele>585.000000</ele>
			</trkpt>
			<trkpt lat="48.939264" lon="20.419946">
				<ele>586.000000</ele>
			</trkpt>
			<trkpt lat="48.939193" lon="20.419865">
				<ele>585.000000</ele>
			</trkpt>
			<trkpt lat="48.939110" lon="20.419748">
				<ele>583.000000</ele>
			</trkpt>
			<trkpt lat="48.939040" lon="20.419668">
				<ele>594.000000</ele>
			</trkpt>
			<trkpt lat="48.938969" lon="20.419559">
				<ele>612.000000</ele>
			</trkpt>
			<trkpt lat="48.938927" lon="20.419443">
				<ele>621.000000</ele>
			</trkpt>
			<trkpt lat="48.938892" lon="20.419246">
				<ele>626.000000</ele>
			</trkpt>
			<trkpt lat="48.938886" lon="20.419146">
				<ele>632.000000</ele>
			</trkpt>
			<trkpt lat="48.938886" lon="20.419146">
				<ele>632.000000</ele>
			</trkpt>
			<trkpt lat="48.938886" lon="20.419056">
				<ele>638.000000</ele>
			</trkpt>
			<trkpt lat="48.938880" lon="20.418959">
				<ele>647.000000</ele>
			</trkpt>
			<trkpt lat="48.938898" lon="20.418886">
				<ele>649.000000</ele>
			</trkpt>
			<trkpt lat="48.938939" lon="20.418733">
				<ele>642.000000</ele>
			</trkpt>
			<trkpt lat="48.938969" lon="20.418517">
				<ele>618.000000</ele>
			</trkpt>
			<trkpt lat="48.939010" lon="20.418401">
				<ele>604.000000</ele>
			</trkpt>
			<trkpt lat="48.939040" lon="20.418257">
				<ele>613.000000</ele>
			</trkpt>
			<trkpt lat="48.939087" lon="20.418051">
				<ele>634.000000</ele>
			</trkpt>
			<trkpt lat="48.939122" lon="20.417934">
				<ele>633.000000</ele>
			</trkpt>
			<trkpt lat="48.939158" lon="20.417764">
				<ele>621.000000</ele>
			</trkpt>
			<trkpt lat="48.939187" lon="20.417647">
				<ele>619.000000</ele>
			</trkpt>
			<trkpt lat="48.939211" lon="20.417530">
				<ele>621.000000</ele>
			</trkpt>
			<trkpt lat="48.939211" lon="20.417351">
				<ele>624.000000</ele>
			</trkpt>
			<trkpt lat="48.939193" lon="20.417233">
				<ele>628.000000</ele>
			</trkpt>
			<trkpt lat="48.939187" lon="20.417054">
				<ele>641.000000</ele>
			</trkpt>
			<trkpt lat="48.939163" lon="20.416964">
				<ele>644.000000</ele>
			</trkpt>
			<trkpt lat="48.939134" lon="20.416659">
				<ele>641.000000</ele>
			</trkpt>
			<trkpt lat="48.939087" lon="20.416416">
				<ele>644.000000</ele>
			</trkpt>
			<trkpt lat="48.939075" lon="20.416299">
				<ele>640.000000</ele>
			</trkpt>
			<trkpt lat="48.939045" lon="20.416190">
				<ele>637.000000</ele>
			</trkpt>
			<trkpt lat="48.939028" lon="20.416074">
				<ele>639.000000</ele>
			</trkpt>
			<trkpt lat="48.939004" lon="20.415984">
				<ele>640.000000</ele>
			</trkpt>
			<trkpt lat="48.938998" lon="20.415903">
				<ele>640.000000</ele>
			</trkpt>
			<trkpt lat="48.938963" lon="20.415823">
				<ele>639.000000</ele>
			</trkpt>
			<trkpt lat="48.938904" lon="20.415653">
				<ele>644.000000</ele>
			</trkpt>
			<trkpt lat="48.938857" lon="20.415508">
				<ele>653.000000</ele>
			</trkpt>
			<trkpt lat="48.938792" lon="20.415374">
				<ele>653.000000</ele>
			</trkpt>
			<trkpt lat="48.938739" lon="20.415238">
				<ele>646.000000</ele>
			</trkpt>
			<trkpt lat="48.938674" lon="20.415051">
				<ele>647.000000</ele>
			</trkpt>
			<trkpt lat="48.938597" lon="20.414861">
				<ele>648.000000</ele>
			</trkpt>
			<trkpt lat="48.938550" lon="20.414735">
				<ele>653.000000</ele>
			</trkpt>
			<trkpt lat="48.938509" lon="20.414592">
				<ele>663.000000</ele>
			</trkpt>
			<trkpt lat="48.938467" lon="20.414448">
				<ele>672.000000</ele>
			</trkpt>
			<trkpt lat="48.938414" lon="20.414269">
				<ele>688.000000</ele>
			</trkpt>
			<trkpt lat="48.938355" lon="20.414089">
				<ele>688.000000</ele>
			</trkpt>
			<trkpt lat="48.938314" lon="20.413919">
				<ele>691.000000</ele>
			</trkpt>
			<trkpt lat="48.938243" lon="20.413649">
				<ele>714.000000</ele>
			</trkpt>
			<trkpt lat="48.938208" lon="20.413487">
				<ele>723.000000</ele>
			</trkpt>
			<trkpt lat="48.938166" lon="20.413343">
				<ele>721.000000</ele>
			</trkpt>
			<trkpt lat="48.938137" lon="20.413244">
				<ele>712.000000</ele>
			</trkpt>
			<trkpt lat="48.938137" lon="20.413200">
				<ele>710.000000</ele>
			</trkpt>
			<trkpt lat="48.938131" lon="20.413127">
				<ele>705.000000</ele>
			</trkpt>
			<trkpt lat="48.938119" lon="20.412984">
				<ele>696.000000</ele>
			</trkpt>
			<trkpt lat="48.938119" lon="20.412886">
				<ele>697.000000</ele>
			</trkpt>
			<trkpt lat="48.938119" lon="20.412831">
				<ele>699.000000</ele>
			</trkpt>
			<trkpt lat="48.938119" lon="20.412787">
				<ele>700.000000</ele>
			</trkpt>
			<trkpt lat="48.938143" lon="20.412804">
				<ele>702.000000</ele>
			</trkpt>
			<trkpt lat="48.938196" lon="20.412850">
				<ele>706.000000</ele>
			</trkpt>
			<trkpt lat="48.938219" lon="20.412840">
				<ele>709.000000</ele>
			</trkpt>
			<trkpt lat="48.938225" lon="20.412796">
				<ele>710.000000</ele>
			</trkpt>
			<trkpt lat="48.938196" lon="20.412643">
				<ele>709.000000</ele>
			</trkpt>
			<trkpt lat="48.938231" lon="20.412490">
				<ele>708.000000</ele>
			</trkpt>
			<trkpt lat="48.938296" lon="20.412364">
				<ele>708.000000</ele>
			</trkpt>
			<trkpt lat="48.938444" lon="20.412167">
				<ele>706.000000</ele>
			</trkpt>
			<trkpt lat="48.938568" lon="20.411969">
				<ele>707.000000</ele>
			</trkpt>
			<trkpt lat="48.938863" lon="20.411718">
				<ele>709.000000</ele>
			</trkpt>
			<trkpt lat="48.939022" lon="20.411448">
				<ele>710.000000</ele>
			</trkpt>
			<trkpt lat="48.939134" lon="20.411160">
				<ele>718.000000</ele>
			</trkpt>
			<trkpt lat="48.939270" lon="20.410756">
				<ele>724.000000</ele>
			</trkpt>
			<trkpt lat="48.939293" lon="20.410712">
				<ele>725.000000</ele>
			</trkpt>
			<trkpt lat="48.939405" lon="20.410540">
				<ele>730.000000</ele>
			</trkpt>
			<trkpt lat="48.939494" lon="20.410504">
				<ele>735.000000</ele>
			</trkpt>
			<trkpt lat="48.939635" lon="20.410514">
				<ele>738.000000</ele>
			</trkpt>
			<trkpt lat="48.939747" lon="20.410514">
				<ele>741.000000</ele>
			</trkpt>
			<trkpt lat="48.939848" lon="20.410451">
				<ele>744.000000</ele>
			</trkpt>
			<trkpt lat="48.939989" lon="20.410271">
				<ele>748.000000</ele>
			</trkpt>
			<trkpt lat="48.940119" lon="20.410200">
				<ele>751.000000</ele>
			</trkpt>
			<trkpt lat="48.940166" lon="20.410146">
				<ele>752.000000</ele>
			</trkpt>
			<trkpt lat="48.940184" lon="20.410074">
				<ele>753.000000</ele>
			</trkpt>
			<trkpt lat="48.940166" lon="20.410037">
				<ele>754.000000</ele>
			</trkpt>
			<trkpt lat="48.940101" lon="20.410020">
				<ele>756.000000</ele>
			</trkpt>
			<trkpt lat="48.939913" lon="20.410020">
				<ele>759.000000</ele>
			</trkpt>
			<trkpt lat="48.939765" lon="20.410001">
				<ele>762.000000</ele>
			</trkpt>
			<trkpt lat="48.939671" lon="20.410037">
				<ele>762.000000</ele>
			</trkpt>
			<trkpt lat="48.939559" lon="20.410011">
				<ele>764.000000</ele>
			</trkpt>
			<trkpt lat="48.939511" lon="20.409894">
				<ele>767.000000</ele>
			</trkpt>
			<trkpt lat="48.939435" lon="20.409877">
				<ele>767.000000</ele>
			</trkpt>
			<trkpt lat="48.939382" lon="20.409848">
				<ele>767.000000</ele>
			</trkpt>
			<trkpt lat="48.939334" lon="20.409750">
				<ele>766.000000</ele>
			</trkpt>
			<trkpt lat="48.939317" lon="20.409651">
				<ele>765.000000</ele>
			</trkpt>
			<trkpt lat="48.939323" lon="20.409552">
				<ele>764.000000</ele>
			</trkpt>
			<trkpt lat="48.939364" lon="20.409311">
				<ele>761.000000</ele>
			</trkpt>
			<trkpt lat="48.939370" lon="20.409175">
				<ele>760.000000</ele>
			</trkpt>
			<trkpt lat="48.939352" lon="20.409014">
				<ele>758.000000</ele>
			</trkpt>
			<trkpt lat="48.939323" lon="20.408888">
				<ele>758.000000</ele>
			</trkpt>
			<trkpt lat="48.939222" lon="20.408726">
				<ele>755.000000</ele>
			</trkpt>
			<trkpt lat="48.939158" lon="20.408636">
				<ele>754.000000</ele>
			</trkpt>
			<trkpt lat="48.939104" lon="20.408582">
				<ele>753.000000</ele>
			</trkpt>
			<trkpt lat="48.939016" lon="20.408565">
				<ele>752.000000</ele>
			</trkpt>
			<trkpt lat="48.938910" lon="20.408592">
				<ele>748.000000</ele>
			</trkpt>
			<trkpt lat="48.938839" lon="20.408592">
				<ele>745.000000</ele>
			</trkpt>
			<trkpt lat="48.938809" lon="20.408556">
				<ele>744.000000</ele>
			</trkpt>
			<trkpt lat="48.938804" lon="20.408403">
				<ele>742.000000</ele>
			</trkpt>
			<trkpt lat="48.938798" lon="20.408240">
				<ele>741.000000</ele>
			</trkpt>
			<trkpt lat="48.938786" lon="20.408106">
				<ele>741.000000</ele>
			</trkpt>
			<trkpt lat="48.938733" lon="20.407944">
				<ele>739.000000</ele>
			</trkpt>
			<trkpt lat="48.938680" lon="20.407810">
				<ele>736.000000</ele>
			</trkpt>
			<trkpt lat="48.938721" lon="20.407640">
				<ele>738.000000</ele>
			</trkpt>
			<trkpt lat="48.938745" lon="20.407324">
				<ele>739.000000</ele>
			</trkpt>
			<trkpt lat="48.938721" lon="20.407047">
				<ele>740.000000</ele>
			</trkpt>
			<trkpt lat="48.938727" lon="20.406714">
				<ele>743.000000</ele>
			</trkpt>
			<trkpt lat="48.938868" lon="20.406156">
				<ele>746.000000</ele>
			</trkpt>
			<trkpt lat="48.938845" lon="20.405303">
				<ele>763.000000</ele>
			</trkpt>
			<trkpt lat="48.938343" lon="20.404397">
				<ele>778.000000</ele>
			</trkpt>
			<trkpt lat="48.937848" lon="20.403489">
				<ele>778.000000</ele>
			</trkpt>
			<trkpt lat="48.937181" lon="20.402726">
				<ele>783.000000</ele>
			</trkpt>
			<trkpt lat="48.936939" lon="20.402240">
				<ele>783.000000</ele>
			</trkpt>
			<trkpt lat="48.936803" lon="20.401791">
				<ele>785.000000</ele>
			</trkpt>
			<trkpt lat="48.936744" lon="20.401630">
				<ele>785.000000</ele>
			</trkpt>
			<trkpt lat="48.936608" lon="20.401324">
				<ele>786.000000</ele>
			</trkpt>
			<trkpt lat="48.936502" lon="20.401181">
				<ele>787.000000</ele>
			</trkpt>
			<trkpt lat="48.936425" lon="20.400974">
				<ele>789.000000</ele>
			</trkpt>
			<trkpt lat="48.936366" lon="20.400650">
				<ele>789.000000</ele>
			</trkpt>
			<trkpt lat="48.936319" lon="20.400353">
				<ele>790.000000</ele>
			</trkpt>
			<trkpt lat="48.936301" lon="20.400129">
				<ele>791.000000</ele>
			</trkpt>
			<trkpt lat="48.936242" lon="20.399896">
				<ele>791.000000</ele>
			</trkpt>
			<trkpt lat="48.936154" lon="20.399428">
				<ele>793.000000</ele>
			</trkpt>
			<trkpt lat="48.936089" lon="20.398422">
				<ele>795.000000</ele>
			</trkpt>
			<trkpt lat="48.936107" lon="20.397506">
				<ele>798.000000</ele>
			</trkpt>
			<trkpt lat="48.936130" lon="20.397129">
				<ele>799.000000</ele>
			</trkpt>
			<trkpt lat="48.936148" lon="20.396860">
				<ele>800.000000</ele>
			</trkpt>
			<trkpt lat="48.936113" lon="20.396661">
				<ele>801.000000</ele>
			</trkpt>
			<trkpt lat="48.936042" lon="20.396401">
				<ele>801.000000</ele>
			</trkpt>
			<trkpt lat="48.935835" lon="20.395889">
				<ele>804.000000</ele>
			</trkpt>
			<trkpt lat="48.935812" lon="20.395826">
				<ele>803.000000</ele>
			</trkpt>
			<trkpt lat="48.935894" lon="20.396204">
				<ele>804.000000</ele>
			</trkpt>
			<trkpt lat="48.935894" lon="20.396204">
				<ele>804.000000</ele>
			</trkpt>
			<trkpt lat="48.935812" lon="20.395826">
				<ele>803.000000</ele>
			</trkpt>
			<trkpt lat="48.935641" lon="20.395395">
				<ele>805.000000</ele>
			</trkpt>
			<trkpt lat="48.935493" lon="20.394883">
				<ele>806.000000</ele>
			</trkpt>
			<trkpt lat="48.935422" lon="20.394613">
				<ele>807.000000</ele>
			</trkpt>
			<trkpt lat="48.935328" lon="20.394334">
				<ele>808.000000</ele>
			</trkpt>
			<trkpt lat="48.935281" lon="20.394093">
				<ele>810.000000</ele>
			</trkpt>
			<trkpt lat="48.935239" lon="20.393921">
				<ele>810.000000</ele>
			</trkpt>
			<trkpt lat="48.935174" lon="20.393734">
				<ele>811.000000</ele>
			</trkpt>
			<trkpt lat="48.935086" lon="20.393545">
				<ele>812.000000</ele>
			</trkpt>
			<trkpt lat="48.934950" lon="20.393042">
				<ele>813.000000</ele>
			</trkpt>
			<trkpt lat="48.934915" lon="20.392808">
				<ele>814.000000</ele>
			</trkpt>
			<trkpt lat="48.934921" lon="20.392493">
				<ele>817.000000</ele>
			</trkpt>
			<trkpt lat="48.934944" lon="20.392359">
				<ele>818.000000</ele>
			</trkpt>
			<trkpt lat="48.934933" lon="20.392161">
				<ele>818.000000</ele>
			</trkpt>
			<trkpt lat="48.934962" lon="20.391982">
				<ele>819.000000</ele>
			</trkpt>
			<trkpt lat="48.935009" lon="20.391774">
				<ele>821.000000</ele>
			</trkpt>
			<trkpt lat="48.935139" lon="20.391434">
				<ele>824.000000</ele>
			</trkpt>
			<trkpt lat="48.935174" lon="20.391155">
				<ele>827.000000</ele>
			</trkpt>
			<trkpt lat="48.935151" lon="20.390895">
				<ele>828.000000</ele>
			</trkpt>
			<trkpt lat="48.935180" lon="20.390671">
				<ele>833.000000</ele>
			</trkpt>
			<trkpt lat="48.935180" lon="20.390491">
				<ele>834.000000</ele>
			</trkpt>
			<trkpt lat="48.935151" lon="20.390311">
				<ele>834.000000</ele>
			</trkpt>
			<trkpt lat="48.935169" lon="20.389996">
				<ele>838.000000</ele>
			</trkpt>
			<trkpt lat="48.935222" lon="20.389780">
				<ele>840.000000</ele>
			</trkpt>
			<trkpt lat="48.935245" lon="20.389663">
				<ele>842.000000</ele>
			</trkpt>
			<trkpt lat="48.935263" lon="20.389340">
				<ele>846.000000</ele>
			</trkpt>
			<trkpt lat="48.935233" lon="20.389124">
				<ele>853.000000</ele>
			</trkpt>
			<trkpt lat="48.935157" lon="20.388954">
				<ele>855.000000</ele>
			</trkpt>
			<trkpt lat="48.935115" lon="20.388766">
				<ele>857.000000</ele>
			</trkpt>
			<trkpt lat="48.935056" lon="20.388541">
				<ele>860.000000</ele>
			</trkpt>
			<trkpt lat="48.934956" lon="20.388334">
				<ele>860.000000</ele>
			</trkpt>
			<trkpt lat="48.934879" lon="20.388047">
				<ele>862.000000</ele>
			</trkpt>
			<trkpt lat="48.934832" lon="20.387778">
				<ele>864.000000</ele>
			</trkpt>
			<trkpt lat="48.934779" lon="20.387526">
				<ele>866.000000</ele>
			</trkpt>
			<trkpt lat="48.934685" lon="20.387247">
				<ele>869.000000</ele>
			</trkpt>
			<trkpt lat="48.934413" lon="20.386780">
				<ele>875.000000</ele>
			</trkpt>
			<trkpt lat="48.934272" lon="20.386447">
				<ele>879.000000</ele>
			</trkpt>
			<trkpt lat="48.933977" lon="20.385945">
				<ele>886.000000</ele>
			</trkpt>
			<trkpt lat="48.933846" lon="20.385747">
				<ele>888.000000</ele>
			</trkpt>
			<trkpt lat="48.933492" lon="20.385415">
				<ele>894.000000</ele>
			</trkpt>
			<trkpt lat="48.933304" lon="20.385253">
				<ele>898.000000</ele>
			</trkpt>
			<trkpt lat="48.933239" lon="20.385218">
				<ele>899.000000</ele>
			</trkpt>
			<trkpt lat="48.933138" lon="20.385208">
				<ele>901.000000</ele>
			</trkpt>
			<trkpt lat="48.933062" lon="20.385172">
				<ele>902.000000</ele>
			</trkpt>
			<trkpt lat="48.932997" lon="20.385109">
				<ele>904.000000</ele>
			</trkpt>
			<trkpt lat="48.932961" lon="20.385065">
				<ele>906.000000</ele>
			</trkpt>
			<trkpt lat="48.932938" lon="20.385011">
				<ele>907.000000</ele>
			</trkpt>
			<trkpt lat="48.932944" lon="20.384956">
				<ele>909.000000</ele>
			</trkpt>
			<trkpt lat="48.932967" lon="20.384894">
				<ele>910.000000</ele>
			</trkpt>
			<trkpt lat="48.933032" lon="20.384813">
				<ele>912.000000</ele>
			</trkpt>
			<trkpt lat="48.933138" lon="20.384715">
				<ele>914.000000</ele>
			</trkpt>
			<trkpt lat="48.933233" lon="20.384633">
				<ele>916.000000</ele>
			</trkpt>
			<trkpt lat="48.933327" lon="20.384570">
				<ele>918.000000</ele>
			</trkpt>
			<trkpt lat="48.933386" lon="20.384552">
				<ele>919.000000</ele>
			</trkpt>
			<trkpt lat="48.933528" lon="20.384535">
				<ele>922.000000</ele>
			</trkpt>
			<trkpt lat="48.933723" lon="20.384562">
				<ele>925.000000</ele>
			</trkpt>
			<trkpt lat="48.933829" lon="20.384597">
				<ele>927.000000</ele>
			</trkpt>
			<trkpt lat="48.934095" lon="20.384597">
				<ele>932.000000</ele>
			</trkpt>
			<trkpt lat="48.934213" lon="20.384606">
				<ele>934.000000</ele>
			</trkpt>
			<trkpt lat="48.934284" lon="20.384606">
				<ele>935.000000</ele>
			</trkpt>
			<trkpt lat="48.934331" lon="20.384589">
				<ele>935.000000</ele>
			</trkpt>
			<trkpt lat="48.934378" lon="20.384552">
				<ele>937.000000</ele>
			</trkpt>
			<trkpt lat="48.934384" lon="20.384516">
				<ele>937.000000</ele>
			</trkpt>
			<trkpt lat="48.934366" lon="20.384445">
				<ele>939.000000</ele>
			</trkpt>
			<trkpt lat="48.934325" lon="20.384390">
				<ele>939.000000</ele>
			</trkpt>
			<trkpt lat="48.934272" lon="20.384300">
				<ele>940.000000</ele>
			</trkpt>
			<trkpt lat="48.934219" lon="20.384193">
				<ele>942.000000</ele>
			</trkpt>
			<trkpt lat="48.934136" lon="20.383987">
				<ele>944.000000</ele>
			</trkpt>
			<trkpt lat="48.934023" lon="20.383726">
				<ele>948.000000</ele>
			</trkpt>
			<trkpt lat="48.934006" lon="20.383654">
				<ele>949.000000</ele>
			</trkpt>
			<trkpt lat="48.934000" lon="20.383447">
				<ele>951.000000</ele>
			</trkpt>
			<trkpt lat="48.934012" lon="20.383250">
				<ele>951.000000</ele>
			</trkpt>
			<trkpt lat="48.934307" lon="20.383457">
				<ele>951.000000</ele>
			</trkpt>
			<trkpt lat="48.934455" lon="20.383547">
				<ele>951.000000</ele>
			</trkpt>
			<trkpt lat="48.934549" lon="20.383637">
				<ele>951.000000</ele>
			</trkpt>
			<trkpt lat="48.934608" lon="20.383726">
				<ele>952.000000</ele>
			</trkpt>
			<trkpt lat="48.934679" lon="20.383897">
				<ele>952.000000</ele>
			</trkpt>
			<trkpt lat="48.934732" lon="20.384059">
				<ele>952.000000</ele>
			</trkpt>
			<trkpt lat="48.934921" lon="20.384589">
				<ele>949.000000</ele>
			</trkpt>
			<trkpt lat="48.935245" lon="20.385289">
				<ele>945.000000</ele>
			</trkpt>
			<trkpt lat="48.935475" lon="20.385801">
				<ele>946.000000</ele>
			</trkpt>
			<trkpt lat="48.935776" lon="20.386439">
				<ele>947.000000</ele>
			</trkpt>
			<trkpt lat="48.936065" lon="20.386834">
				<ele>947.000000</ele>
			</trkpt>
			<trkpt lat="48.936148" lon="20.386969">
				<ele>948.000000</ele>
			</trkpt>
			<trkpt lat="48.936225" lon="20.387103">
				<ele>948.000000</ele>
			</trkpt>
			<trkpt lat="48.936284" lon="20.387247">
				<ele>948.000000</ele>
			</trkpt>
			<trkpt lat="48.936325" lon="20.387463">
				<ele>949.000000</ele>
			</trkpt>
			<trkpt lat="48.936402" lon="20.387813">
				<ele>948.000000</ele>
			</trkpt>
			<trkpt lat="48.936443" lon="20.388110">
				<ele>946.000000</ele>
			</trkpt>
			<trkpt lat="48.936496" lon="20.388334">
				<ele>946.000000</ele>
			</trkpt>
			<trkpt lat="48.936602" lon="20.388604">
				<ele>945.000000</ele>
			</trkpt>
			<trkpt lat="48.936726" lon="20.388973">
				<ele>944.000000</ele>
			</trkpt>
			<trkpt lat="48.936933" lon="20.389359">
				<ele>943.000000</ele>
			</trkpt>
			<trkpt lat="48.937293" lon="20.389960">
				<ele>943.000000</ele>
			</trkpt>
			<trkpt lat="48.937382" lon="20.390221">
				<ele>943.000000</ele>
			</trkpt>
			<trkpt lat="48.937565" lon="20.390455">
				<ele>942.000000</ele>
			</trkpt>
			<trkpt lat="48.937883" lon="20.390625">
				<ele>938.000000</ele>
			</trkpt>
			<trkpt lat="48.938143" lon="20.390679">
				<ele>937.000000</ele>
			</trkpt>
			<trkpt lat="48.938503" lon="20.390850">
				<ele>937.000000</ele>
			</trkpt>
			<trkpt lat="48.938691" lon="20.391038">
				<ele>936.000000</ele>
			</trkpt>
			<trkpt lat="48.938927" lon="20.391227">
				<ele>933.000000</ele>
			</trkpt>
			<trkpt lat="48.939134" lon="20.391524">
				<ele>929.000000</ele>
			</trkpt>
			<trkpt lat="48.939275" lon="20.391713">
				<ele>928.000000</ele>
			</trkpt>
			<trkpt lat="48.939523" lon="20.391990">
				<ele>926.000000</ele>
			</trkpt>
			<trkpt lat="48.939865" lon="20.392413">
				<ele>923.000000</ele>
			</trkpt>
			<trkpt lat="48.939942" lon="20.392476">
				<ele>923.000000</ele>
			</trkpt>
			<trkpt lat="48.940037" lon="20.392529">
				<ele>923.000000</ele>
			</trkpt>
			<trkpt lat="48.940096" lon="20.392566">
				<ele>924.000000</ele>
			</trkpt>
			<trkpt lat="48.940160" lon="20.392566">
				<ele>924.000000</ele>
			</trkpt>
			<trkpt lat="48.940219" lon="20.392556">
				<ele>924.000000</ele>
			</trkpt>
			<trkpt lat="48.940349" lon="20.392512">
				<ele>925.000000</ele>
			</trkpt>
			<trkpt lat="48.940455" lon="20.392430">
				<ele>925.000000</ele>
			</trkpt>
			<trkpt lat="48.940680" lon="20.392197">
				<ele>922.000000</ele>
			</trkpt>
			<trkpt lat="48.940940" lon="20.392053">
				<ele>922.000000</ele>
			</trkpt>
			<trkpt lat="48.941011" lon="20.392036">
				<ele>922.000000</ele>
			</trkpt>
			<trkpt lat="48.941264" lon="20.392017">
				<ele>922.000000</ele>
			</trkpt>
			<trkpt lat="48.941335" lon="20.392017">
				<ele>922.000000</ele>
			</trkpt>
			<trkpt lat="48.941500" lon="20.392063">
				<ele>922.000000</ele>
			</trkpt>
			<trkpt lat="48.941565" lon="20.392080">
				<ele>923.000000</ele>
			</trkpt>
			<trkpt lat="48.941701" lon="20.392161">
				<ele>924.000000</ele>
			</trkpt>
			<trkpt lat="48.941777" lon="20.392224">
				<ele>924.000000</ele>
			</trkpt>
			<trkpt lat="48.941878" lon="20.392350">
				<ele>926.000000</ele>
			</trkpt>
			<trkpt lat="48.942126" lon="20.392665">
				<ele>926.000000</ele>
			</trkpt>
			<trkpt lat="48.942232" lon="20.392808">
				<ele>927.000000</ele>
			</trkpt>
			<trkpt lat="48.942326" lon="20.392906">
				<ele>927.000000</ele>
			</trkpt>
			<trkpt lat="48.942403" lon="20.392979">
				<ele>927.000000</ele>
			</trkpt>
			<trkpt lat="48.942497" lon="20.393032">
				<ele>927.000000</ele>
			</trkpt>
			<trkpt lat="48.942674" lon="20.393113">
				<ele>928.000000</ele>
			</trkpt>
			<trkpt lat="48.942769" lon="20.393149">
				<ele>930.000000</ele>
			</trkpt>
			<trkpt lat="48.942834" lon="20.393195">
				<ele>931.000000</ele>
			</trkpt>
			<trkpt lat="48.942922" lon="20.393302">
				<ele>932.000000</ele>
			</trkpt>
			<trkpt lat="48.942993" lon="20.393401">
				<ele>932.000000</ele>
			</trkpt>
			<trkpt lat="48.943117" lon="20.393590">
				<ele>932.000000</ele>
			</trkpt>
			<trkpt lat="48.943176" lon="20.393671">
				<ele>932.000000</ele>
			</trkpt>
			<trkpt lat="48.943229" lon="20.393778">
				<ele>931.000000</ele>
			</trkpt>
			<trkpt lat="48.943270" lon="20.393895">
				<ele>929.000000</ele>
			</trkpt>
			<trkpt lat="48.943317" lon="20.394074">
				<ele>928.000000</ele>
			</trkpt>
			<trkpt lat="48.943388" lon="20.394254">
				<ele>926.000000</ele>
			</trkpt>
			<trkpt lat="48.943494" lon="20.394479">
				<ele>922.000000</ele>
			</trkpt>
			<trkpt lat="48.943577" lon="20.394659">
				<ele>921.000000</ele>
			</trkpt>
			<trkpt lat="48.943624" lon="20.394740">
				<ele>920.000000</ele>
			</trkpt>
			<trkpt lat="48.943671" lon="20.394811">
				<ele>920.000000</ele>
			</trkpt>
			<trkpt lat="48.943713" lon="20.394847">
				<ele>920.000000</ele>
			</trkpt>
			<trkpt lat="48.943789" lon="20.394900">
				<ele>920.000000</ele>
			</trkpt>
			<trkpt lat="48.943872" lon="20.394955">
				<ele>920.000000</ele>
			</trkpt>
			<trkpt lat="48.943949" lon="20.394982">
				<ele>920.000000</ele>
			</trkpt>
			<trkpt lat="48.944025" lon="20.395009">
				<ele>920.000000</ele>
			</trkpt>
			<trkpt lat="48.944314" lon="20.395080">
				<ele>918.000000</ele>
			</trkpt>
			<trkpt lat="48.944397" lon="20.395090">
				<ele>918.000000</ele>
			</trkpt>
			<trkpt lat="48.944474" lon="20.395080">
				<ele>917.000000</ele>
			</trkpt>
			<trkpt lat="48.944533" lon="20.395090">
				<ele>917.000000</ele>
			</trkpt>
			<trkpt lat="48.944574" lon="20.395080">
				<ele>916.000000</ele>
			</trkpt>
			<trkpt lat="48.944627" lon="20.395053">
				<ele>916.000000</ele>
			</trkpt>
			<trkpt lat="48.944710" lon="20.395000">
				<ele>914.000000</ele>
			</trkpt>
			<trkpt lat="48.944774" lon="20.394955">
				<ele>913.000000</ele>
			</trkpt>
			<trkpt lat="48.944833" lon="20.394929">
				<ele>913.000000</ele>
			</trkpt>
			<trkpt lat="48.944898" lon="20.394919">
				<ele>912.000000</ele>
			</trkpt>
			<trkpt lat="48.944946" lon="20.394919">
				<ele>912.000000</ele>
			</trkpt>
			<trkpt lat="48.945005" lon="20.394929">
				<ele>912.000000</ele>
			</trkpt>
			<trkpt lat="48.945088" lon="20.394946">
				<ele>911.000000</ele>
			</trkpt>
			<trkpt lat="48.945246" lon="20.394990">
				<ele>909.000000</ele>
			</trkpt>
			<trkpt lat="48.945312" lon="20.395018">
				<ele>908.000000</ele>
			</trkpt>
			<trkpt lat="48.945400" lon="20.395063">
				<ele>907.000000</ele>
			</trkpt>
			<trkpt lat="48.945483" lon="20.395116">
				<ele>906.000000</ele>
			</trkpt>
			<trkpt lat="48.945577" lon="20.395189">
				<ele>904.000000</ele>
			</trkpt>
			<trkpt lat="48.945819" lon="20.395287">
				<ele>901.000000</ele>
			</trkpt>
			<trkpt lat="48.945937" lon="20.395332">
				<ele>900.000000</ele>
			</trkpt>
			<trkpt lat="48.946049" lon="20.395350">
				<ele>900.000000</ele>
			</trkpt>
			<trkpt lat="48.946067" lon="20.395350">
				<ele>900.000000</ele>
			</trkpt>
			<trkpt lat="48.946149" lon="20.395350">
				<ele>899.000000</ele>
			</trkpt>
			<trkpt lat="48.946250" lon="20.395342">
				<ele>899.000000</ele>
			</trkpt>
			<trkpt lat="48.946315" lon="20.395323">
				<ele>899.000000</ele>
			</trkpt>
			<trkpt lat="48.946397" lon="20.395287">
				<ele>899.000000</ele>
			</trkpt>
			<trkpt lat="48.946474" lon="20.395242">
				<ele>900.000000</ele>
			</trkpt>
			<trkpt lat="48.946527" lon="20.395198">
				<ele>900.000000</ele>
			</trkpt>
			<trkpt lat="48.946574" lon="20.395135">
				<ele>901.000000</ele>
			</trkpt>
			<trkpt lat="48.946627" lon="20.395063">
				<ele>902.000000</ele>
			</trkpt>
			<trkpt lat="48.946686" lon="20.394955">
				<ele>903.000000</ele>
			</trkpt>
			<trkpt lat="48.946728" lon="20.394847">
				<ele>904.000000</ele>
			</trkpt>
			<trkpt lat="48.946757" lon="20.394757">
				<ele>905.000000</ele>
			</trkpt>
			<trkpt lat="48.946775" lon="20.394676">
				<ele>906.000000</ele>
			</trkpt>
			<trkpt lat="48.946775" lon="20.394560">
				<ele>906.000000</ele>
			</trkpt>
			<trkpt lat="48.946763" lon="20.394416">
				<ele>906.000000</ele>
			</trkpt>
			<trkpt lat="48.946763" lon="20.394300">
				<ele>906.000000</ele>
			</trkpt>
			<trkpt lat="48.946792" lon="20.394101">
				<ele>907.000000</ele>
			</trkpt>
			<trkpt lat="48.946840" lon="20.393797">
				<ele>908.000000</ele>
			</trkpt>
			<trkpt lat="48.946851" lon="20.393697">
				<ele>909.000000</ele>
			</trkpt>
			<trkpt lat="48.946881" lon="20.393590">
				<ele>910.000000</ele>
			</trkpt>
			<trkpt lat="48.946928" lon="20.393491">
				<ele>912.000000</ele>
			</trkpt>
			<trkpt lat="48.947017" lon="20.393329">
				<ele>912.000000</ele>
			</trkpt>
			<trkpt lat="48.947164" lon="20.393051">
				<ele>913.000000</ele>
			</trkpt>
			<trkpt lat="48.947247" lon="20.392853">
				<ele>912.000000</ele>
			</trkpt>
			<trkpt lat="48.947282" lon="20.392727">
				<ele>912.000000</ele>
			</trkpt>
			<trkpt lat="48.947329" lon="20.392547">
				<ele>911.000000</ele>
			</trkpt>
			<trkpt lat="48.947388" lon="20.392260">
				<ele>910.000000</ele>
			</trkpt>
			<trkpt lat="48.947406" lon="20.392116">
				<ele>910.000000</ele>
			</trkpt>
			<trkpt lat="48.947424" lon="20.391954">
				<ele>910.000000</ele>
			</trkpt>
			<trkpt lat="48.947424" lon="20.391774">
				<ele>910.000000</ele>
			</trkpt>
			<trkpt lat="48.947424" lon="20.391650">
				<ele>909.000000</ele>
			</trkpt>
			<trkpt lat="48.947441" lon="20.391550">
				<ele>909.000000</ele>
			</trkpt>
			<trkpt lat="48.947524" lon="20.391237">
				<ele>909.000000</ele>
			</trkpt>
			<trkpt lat="48.947660" lon="20.390715">
				<ele>906.000000</ele>
			</trkpt>
			<trkpt lat="48.947695" lon="20.390608">
				<ele>906.000000</ele>
			</trkpt>
			<trkpt lat="48.947742" lon="20.390499">
				<ele>905.000000</ele>
			</trkpt>
			<trkpt lat="48.947819" lon="20.390401">
				<ele>905.000000</ele>
			</trkpt>
			<trkpt lat="48.947896" lon="20.390302">
				<ele>904.000000</ele>
			</trkpt>
			<trkpt lat="48.947949" lon="20.390248">
				<ele>903.000000</ele>
			</trkpt>
			<trkpt lat="48.948067" lon="20.390149">
				<ele>902.000000</ele>
			</trkpt>
			<trkpt lat="48.948143" lon="20.390105">
				<ele>901.000000</ele>
			</trkpt>
			<trkpt lat="48.948226" lon="20.390059">
				<ele>900.000000</ele>
			</trkpt>
			<trkpt lat="48.948314" lon="20.390023">
				<ele>900.000000</ele>
			</trkpt>
			<trkpt lat="48.948391" lon="20.390005">
				<ele>899.000000</ele>
			</trkpt>
			<trkpt lat="48.948450" lon="20.390005">
				<ele>899.000000</ele>
			</trkpt>
			<trkpt lat="48.948527" lon="20.390015">
				<ele>897.000000</ele>
			</trkpt>
			<trkpt lat="48.948586" lon="20.390050">
				<ele>897.000000</ele>
			</trkpt>
			<trkpt lat="48.948639" lon="20.390086">
				<ele>896.000000</ele>
			</trkpt>
			<trkpt lat="48.948674" lon="20.390140">
				<ele>896.000000</ele>
			</trkpt>
			<trkpt lat="48.948692" lon="20.390212">
				<ele>896.000000</ele>
			</trkpt>
			<trkpt lat="48.948698" lon="20.390292">
				<ele>896.000000</ele>
			</trkpt>
			<trkpt lat="48.948704" lon="20.390418">
				<ele>895.000000</ele>
			</trkpt>
			<trkpt lat="48.948692" lon="20.390545">
				<ele>894.000000</ele>
			</trkpt>
			<trkpt lat="48.948674" lon="20.390751">
				<ele>893.000000</ele>
			</trkpt>
			<trkpt lat="48.948651" lon="20.391029">
				<ele>892.000000</ele>
			</trkpt>
			<trkpt lat="48.948645" lon="20.391271">
				<ele>890.000000</ele>
			</trkpt>
			<trkpt lat="48.948657" lon="20.391443">
				<ele>889.000000</ele>
			</trkpt>
			<trkpt lat="48.948704" lon="20.391739">
				<ele>886.000000</ele>
			</trkpt>
			<trkpt lat="48.948757" lon="20.392009">
				<ele>884.000000</ele>
			</trkpt>
			<trkpt lat="48.948804" lon="20.392179">
				<ele>884.000000</ele>
			</trkpt>
			<trkpt lat="48.948893" lon="20.392368">
				<ele>883.000000</ele>
			</trkpt>
			<trkpt lat="48.948975" lon="20.392512">
				<ele>882.000000</ele>
			</trkpt>
			<trkpt lat="48.949193" lon="20.392772">
				<ele>879.000000</ele>
			</trkpt>
			<trkpt lat="48.949441" lon="20.393051">
				<ele>877.000000</ele>
			</trkpt>
			<trkpt lat="48.949571" lon="20.393158">
				<ele>875.000000</ele>
			</trkpt>
			<trkpt lat="48.949654" lon="20.393212">
				<ele>874.000000</ele>
			</trkpt>
			<trkpt lat="48.949754" lon="20.393258">
				<ele>874.000000</ele>
			</trkpt>
			<trkpt lat="48.949831" lon="20.393275">
				<ele>873.000000</ele>
			</trkpt>
			<trkpt lat="48.950114" lon="20.393051">
				<ele>872.000000</ele>
			</trkpt>
			<trkpt lat="48.950197" lon="20.392996">
				<ele>872.000000</ele>
			</trkpt>
			<trkpt lat="48.950279" lon="20.392979">
				<ele>872.000000</ele>
			</trkpt>
			<trkpt lat="48.950338" lon="20.392969">
				<ele>872.000000</ele>
			</trkpt>
			<trkpt lat="48.950385" lon="20.392988">
				<ele>872.000000</ele>
			</trkpt>
			<trkpt lat="48.950427" lon="20.393015">
				<ele>872.000000</ele>
			</trkpt>
			<trkpt lat="48.950456" lon="20.393068">
				<ele>871.000000</ele>
			</trkpt>
			<trkpt lat="48.950473" lon="20.393132">
				<ele>870.000000</ele>
			</trkpt>
			<trkpt lat="48.950486" lon="20.393195">
				<ele>870.000000</ele>
			</trkpt>
			<trkpt lat="48.950486" lon="20.393292">
				<ele>869.000000</ele>
			</trkpt>
			<trkpt lat="48.950468" lon="20.393410">
				<ele>869.000000</ele>
			</trkpt>
			<trkpt lat="48.950444" lon="20.393491">
				<ele>868.000000</ele>
			</trkpt>
			<trkpt lat="48.950409" lon="20.393617">
				<ele>868.000000</ele>
			</trkpt>
			<trkpt lat="48.950574" lon="20.393877">
				<ele>862.000000</ele>
			</trkpt>
			<trkpt lat="48.950745" lon="20.394273">
				<ele>854.000000</ele>
			</trkpt>
			<trkpt lat="48.950975" lon="20.394497">
				<ele>845.000000</ele>
			</trkpt>
			<trkpt lat="48.951082" lon="20.394721">
				<ele>841.000000</ele>
			</trkpt>
			<trkpt lat="48.951264" lon="20.394650">
				<ele>840.000000</ele>
			</trkpt>
			<trkpt lat="48.951447" lon="20.394542">
				<ele>837.000000</ele>
			</trkpt>
			<trkpt lat="48.951654" lon="20.394398">
				<ele>835.000000</ele>
			</trkpt>
			<trkpt lat="48.951990" lon="20.394174">
				<ele>832.000000</ele>
			</trkpt>
			<trkpt lat="48.952120" lon="20.394057">
				<ele>830.000000</ele>
			</trkpt>
			<trkpt lat="48.952261" lon="20.393921">
				<ele>829.000000</ele>
			</trkpt>
			<trkpt lat="48.952391" lon="20.393832">
				<ele>828.000000</ele>
			</trkpt>
			<trkpt lat="48.952403" lon="20.393824">
				<ele>828.000000</ele>
			</trkpt>
			<trkpt lat="48.952403" lon="20.393824">
				<ele>828.000000</ele>
			</trkpt>
			<trkpt lat="48.952527" lon="20.393761">
				<ele>827.000000</ele>
			</trkpt>
			<trkpt lat="48.952627" lon="20.393707">
				<ele>826.000000</ele>
			</trkpt>
			<trkpt lat="48.952757" lon="20.393652">
				<ele>825.000000</ele>
			</trkpt>
			<trkpt lat="48.952875" lon="20.393608">
				<ele>823.000000</ele>
			</trkpt>
			<trkpt lat="48.952975" lon="20.393554">
				<ele>821.000000</ele>
			</trkpt>
			<trkpt lat="48.953058" lon="20.393472">
				<ele>821.000000</ele>
			</trkpt>
			<trkpt lat="48.953140" lon="20.393382">
				<ele>819.000000</ele>
			</trkpt>
			<trkpt lat="48.953258" lon="20.393248">
				<ele>817.000000</ele>
			</trkpt>
			<trkpt lat="48.953347" lon="20.393132">
				<ele>815.000000</ele>
			</trkpt>
			<trkpt lat="48.953388" lon="20.393059">
				<ele>814.000000</ele>
			</trkpt>
			<trkpt lat="48.953423" lon="20.392988">
				<ele>814.000000</ele>
			</trkpt>
			<trkpt lat="48.953447" lon="20.392898">
				<ele>813.000000</ele>
			</trkpt>
			<trkpt lat="48.953488" lon="20.392763">
				<ele>812.000000</ele>
			</trkpt>
			<trkpt lat="48.953500" lon="20.392673">
				<ele>812.000000</ele>
			</trkpt>
			<trkpt lat="48.953500" lon="20.392503">
				<ele>811.000000</ele>
			</trkpt>
			<trkpt lat="48.953471" lon="20.392305">
				<ele>810.000000</ele>
			</trkpt>
			<trkpt lat="48.953429" lon="20.392116">
				<ele>808.000000</ele>
			</trkpt>
			<trkpt lat="48.953323" lon="20.391820">
				<ele>806.000000</ele>
			</trkpt>
			<trkpt lat="48.953240" lon="20.391623">
				<ele>805.000000</ele>
			</trkpt>
			<trkpt lat="48.953187" lon="20.391533">
				<ele>804.000000</ele>
			</trkpt>
			<trkpt lat="48.953117" lon="20.391470">
				<ele>803.000000</ele>
			</trkpt>
			<trkpt lat="48.952981" lon="20.391424">
				<ele>802.000000</ele>
			</trkpt>
			<trkpt lat="48.952822" lon="20.391397">
				<ele>801.000000</ele>
			</trkpt>
			<trkpt lat="48.952657" lon="20.391380">
				<ele>799.000000</ele>
			</trkpt>
			<trkpt lat="48.952415" lon="20.391298">
				<ele>797.000000</ele>
			</trkpt>
			<trkpt lat="48.952332" lon="20.391281">
				<ele>796.000000</ele>
			</trkpt>
			<trkpt lat="48.952226" lon="20.391254">
				<ele>795.000000</ele>
			</trkpt>
			<trkpt lat="48.952167" lon="20.391200">
				<ele>794.000000</ele>
			</trkpt>
			<trkpt lat="48.952143" lon="20.391147">
				<ele>794.000000</ele>
			</trkpt>
			<trkpt lat="48.952137" lon="20.391110">
				<ele>794.000000</ele>
			</trkpt>
			<trkpt lat="48.952126" lon="20.391047">
				<ele>794.000000</ele>
			</trkpt>
			<trkpt lat="48.952149" lon="20.390958">
				<ele>794.000000</ele>
			</trkpt>
			<trkpt lat="48.952196" lon="20.390877">
				<ele>793.000000</ele>
			</trkpt>
			<trkpt lat="48.952320" lon="20.390697">
				<ele>792.000000</ele>
			</trkpt>
			<trkpt lat="48.952485" lon="20.390472">
				<ele>786.000000</ele>
			</trkpt>
			<trkpt lat="48.952662" lon="20.390248">
				<ele>783.000000</ele>
			</trkpt>
			<trkpt lat="48.952757" lon="20.390095">
				<ele>780.000000</ele>
			</trkpt>
			<trkpt lat="48.952839" lon="20.389862">
				<ele>780.000000</ele>
			</trkpt>
			<trkpt lat="48.952904" lon="20.389763">
				<ele>778.000000</ele>
			</trkpt>
			<trkpt lat="48.952993" lon="20.389690">
				<ele>777.000000</ele>
			</trkpt>
			<trkpt lat="48.953081" lon="20.389637">
				<ele>776.000000</ele>
			</trkpt>
			<trkpt lat="48.953282" lon="20.389566">
				<ele>772.000000</ele>
			</trkpt>
			<trkpt lat="48.953406" lon="20.389529">
				<ele>768.000000</ele>
			</trkpt>
			<trkpt lat="48.953518" lon="20.389511">
				<ele>768.000000</ele>
			</trkpt>
			<trkpt lat="48.953583" lon="20.389484">
				<ele>766.000000</ele>
			</trkpt>
			<trkpt lat="48.953647" lon="20.389449">
				<ele>763.000000</ele>
			</trkpt>
			<trkpt lat="48.953730" lon="20.389413">
				<ele>761.000000</ele>
			</trkpt>
			<trkpt lat="48.953854" lon="20.389394">
				<ele>759.000000</ele>
			</trkpt>
			<trkpt lat="48.954037" lon="20.389340">
				<ele>757.000000</ele>
			</trkpt>
			<trkpt lat="48.954279" lon="20.389277">
				<ele>755.000000</ele>
			</trkpt>
			<trkpt lat="48.954408" lon="20.389250">
				<ele>751.000000</ele>
			</trkpt>
			<trkpt lat="48.954509" lon="20.389242">
				<ele>749.000000</ele>
			</trkpt>
			<trkpt lat="48.954579" lon="20.389250">
				<ele>749.000000</ele>
			</trkpt>
			<trkpt lat="48.954739" lon="20.389296">
				<ele>747.000000</ele>
			</trkpt>
			<trkpt lat="48.954886" lon="20.389331">
				<ele>744.000000</ele>
			</trkpt>
			<trkpt lat="48.955057" lon="20.389350">
				<ele>743.000000</ele>
			</trkpt>
			<trkpt lat="48.955146" lon="20.389359">
				<ele>742.000000</ele>
			</trkpt>
			<trkpt lat="48.955205" lon="20.389350">
				<ele>741.000000</ele>
			</trkpt>
			<trkpt lat="48.955441" lon="20.389233">
				<ele>738.000000</ele>
			</trkpt>
			<trkpt lat="48.955511" lon="20.389206">
				<ele>737.000000</ele>
			</trkpt>
			<trkpt lat="48.955694" lon="20.389224">
				<ele>732.000000</ele>
			</trkpt>
			<trkpt lat="48.955871" lon="20.389187">
				<ele>727.000000</ele>
			</trkpt>
			<trkpt lat="48.955948" lon="20.389179">
				<ele>725.000000</ele>
			</trkpt>
			<trkpt lat="48.956013" lon="20.389187">
				<ele>724.000000</ele>
			</trkpt>
			<trkpt lat="48.956143" lon="20.389250">
				<ele>720.000000</ele>
			</trkpt>
			<trkpt lat="48.956272" lon="20.389304">
				<ele>717.000000</ele>
			</trkpt>
			<trkpt lat="48.956373" lon="20.389350">
				<ele>716.000000</ele>
			</trkpt>
			<trkpt lat="48.956467" lon="20.389421">
				<ele>714.000000</ele>
			</trkpt>
			<trkpt lat="48.956491" lon="20.389529">
				<ele>713.000000</ele>
			</trkpt>
			<trkpt lat="48.956514" lon="20.389592">
				<ele>713.000000</ele>
			</trkpt>
			<trkpt lat="48.956555" lon="20.389682">
				<ele>712.000000</ele>
			</trkpt>
			<trkpt lat="48.956591" lon="20.389745">
				<ele>710.000000</ele>
			</trkpt>
			<trkpt lat="48.956632" lon="20.389780">
				<ele>709.000000</ele>
			</trkpt>
			<trkpt lat="48.956750" lon="20.389879">
				<ele>707.000000</ele>
			</trkpt>
			<trkpt lat="48.956809" lon="20.389879">
				<ele>706.000000</ele>
			</trkpt>
			<trkpt lat="48.956915" lon="20.389879">
				<ele>705.000000</ele>
			</trkpt>
			<trkpt lat="48.957045" lon="20.389897">
				<ele>703.000000</ele>
			</trkpt>
			<trkpt lat="48.957122" lon="20.389897">
				<ele>702.000000</ele>
			</trkpt>
			<trkpt lat="48.957181" lon="20.389879">
				<ele>701.000000</ele>
			</trkpt>
			<trkpt lat="48.957281" lon="20.389843">
				<ele>700.000000</ele>
			</trkpt>
			<trkpt lat="48.957470" lon="20.389763">
				<ele>697.000000</ele>
			</trkpt>
			<trkpt lat="48.957647" lon="20.389629">
				<ele>693.000000</ele>
			</trkpt>
			<trkpt lat="48.957729" lon="20.389529">
				<ele>691.000000</ele>
			</trkpt>
			<trkpt lat="48.957829" lon="20.389386">
				<ele>687.000000</ele>
			</trkpt>
			<trkpt lat="48.958012" lon="20.389124">
				<ele>679.000000</ele>
			</trkpt>
			<trkpt lat="48.958213" lon="20.388883">
				<ele>671.000000</ele>
			</trkpt>
			<trkpt lat="48.958390" lon="20.388711">
				<ele>664.000000</ele>
			</trkpt>
			<trkpt lat="48.958491" lon="20.388667">
				<ele>660.000000</ele>
			</trkpt>
			<trkpt lat="48.958609" lon="20.388658">
				<ele>657.000000</ele>
			</trkpt>
			<trkpt lat="48.958785" lon="20.388676">
				<ele>650.000000</ele>
			</trkpt>
			<trkpt lat="48.959021" lon="20.388487">
				<ele>642.000000</ele>
			</trkpt>
			<trkpt lat="48.959240" lon="20.388407">
				<ele>634.000000</ele>
			</trkpt>
			<trkpt lat="48.959352" lon="20.388352">
				<ele>632.000000</ele>
			</trkpt>
			<trkpt lat="48.959588" lon="20.388325">
				<ele>625.000000</ele>
			</trkpt>
			<trkpt lat="48.959953" lon="20.388208">
				<ele>617.000000</ele>
			</trkpt>
			<trkpt lat="48.960101" lon="20.388128">
				<ele>613.000000</ele>
			</trkpt>
			<trkpt lat="48.960254" lon="20.388047">
				<ele>610.000000</ele>
			</trkpt>
			<trkpt lat="48.960413" lon="20.387992">
				<ele>606.000000</ele>
			</trkpt>
			<trkpt lat="48.960508" lon="20.387975">
				<ele>604.000000</ele>
			</trkpt>
			<trkpt lat="48.960685" lon="20.387992">
				<ele>600.000000</ele>
			</trkpt>
			<trkpt lat="48.960974" lon="20.387958">
				<ele>595.000000</ele>
			</trkpt>
			<trkpt lat="48.961092" lon="20.387931">
				<ele>594.000000</ele>
			</trkpt>
			<trkpt lat="48.961156" lon="20.387903">
				<ele>592.000000</ele>
			</trkpt>
			<trkpt lat="48.961215" lon="20.387858">
				<ele>590.000000</ele>
			</trkpt>
			<trkpt lat="48.961251" lon="20.387813">
				<ele>589.000000</ele>
			</trkpt>
			<trkpt lat="48.961286" lon="20.387732">
				<ele>588.000000</ele>
			</trkpt>
			<trkpt lat="48.961328" lon="20.387625">
				<ele>585.000000</ele>
			</trkpt>
			<trkpt lat="48.961398" lon="20.387418">
				<ele>582.000000</ele>
			</trkpt>
			<trkpt lat="48.961457" lon="20.387266">
				<ele>581.000000</ele>
			</trkpt>
			<trkpt lat="48.961534" lon="20.387149">
				<ele>580.000000</ele>
			</trkpt>
			<trkpt lat="48.961723" lon="20.386933">
				<ele>577.000000</ele>
			</trkpt>
			<trkpt lat="48.961876" lon="20.386717">
				<ele>575.000000</ele>
			</trkpt>
			<trkpt lat="48.961994" lon="20.386583">
				<ele>574.000000</ele>
			</trkpt>
			<trkpt lat="48.962171" lon="20.386439">
				<ele>572.000000</ele>
			</trkpt>
			<trkpt lat="48.962360" lon="20.386260">
				<ele>569.000000</ele>
			</trkpt>
			<trkpt lat="48.962460" lon="20.386187">
				<ele>569.000000</ele>
			</trkpt>
			<trkpt lat="48.962572" lon="20.386143">
				<ele>568.000000</ele>
			</trkpt>
			<trkpt lat="48.962802" lon="20.386088">
				<ele>563.000000</ele>
			</trkpt>
			<trkpt lat="48.962955" lon="20.386026">
				<ele>558.000000</ele>
			</trkpt>
			<trkpt lat="48.963209" lon="20.385873">
				<ele>552.000000</ele>
			</trkpt>
			<trkpt lat="48.963333" lon="20.385936">
				<ele>550.000000</ele>
			</trkpt>
			<trkpt lat="48.963533" lon="20.386026">
				<ele>548.000000</ele>
			</trkpt>
			<trkpt lat="48.963734" lon="20.386080">
				<ele>548.000000</ele>
			</trkpt>
			<trkpt lat="48.963810" lon="20.386088">
				<ele>547.000000</ele>
			</trkpt>
			<trkpt lat="48.963875" lon="20.386107">
				<ele>547.000000</ele>
			</trkpt>
			<trkpt lat="48.963999" lon="20.386107">
				<ele>547.000000</ele>
			</trkpt>
			<trkpt lat="48.964046" lon="20.386008">
				<ele>546.000000</ele>
			</trkpt>
			<trkpt lat="48.964076" lon="20.385936">
				<ele>546.000000</ele>
			</trkpt>
			<trkpt lat="48.964094" lon="20.385855">
				<ele>545.000000</ele>
			</trkpt>
			<trkpt lat="48.964105" lon="20.385810">
				<ele>545.000000</ele>
			</trkpt>
			<trkpt lat="48.964129" lon="20.385612">
				<ele>546.000000</ele>
			</trkpt>
			<trkpt lat="48.964141" lon="20.385514">
				<ele>546.000000</ele>
			</trkpt>
			<trkpt lat="48.964247" lon="20.385128">
				<ele>546.000000</ele>
			</trkpt>
			<trkpt lat="48.964442" lon="20.385244">
				<ele>545.000000</ele>
			</trkpt>
			<trkpt lat="48.964524" lon="20.385271">
				<ele>545.000000</ele>
			</trkpt>
			<trkpt lat="48.964778" lon="20.385514">
				<ele>544.000000</ele>
			</trkpt>
			<trkpt lat="48.964860" lon="20.385684">
				<ele>544.000000</ele>
			</trkpt>
			<trkpt lat="48.964913" lon="20.385765">
				<ele>543.000000</ele>
			</trkpt>
			<trkpt lat="48.964961" lon="20.385828">
				<ele>543.000000</ele>
			</trkpt>
			<trkpt lat="48.965014" lon="20.385873">
				<ele>543.000000</ele>
			</trkpt>
			<trkpt lat="48.965096" lon="20.385927">
				<ele>543.000000</ele>
			</trkpt>
			<trkpt lat="48.965196" lon="20.385900">
				<ele>543.000000</ele>
			</trkpt>
			<trkpt lat="48.965338" lon="20.385864">
				<ele>543.000000</ele>
			</trkpt>
			<trkpt lat="48.965444" lon="20.385837">
				<ele>543.000000</ele>
			</trkpt>
			<trkpt lat="48.965562" lon="20.385810">
				<ele>544.000000</ele>
			</trkpt>
			<trkpt lat="48.965751" lon="20.385765">
				<ele>544.000000</ele>
			</trkpt>
			<trkpt lat="48.965822" lon="20.385747">
				<ele>544.000000</ele>
			</trkpt>
			<trkpt lat="48.966323" lon="20.385648">
				<ele>545.000000</ele>
			</trkpt>
			<trkpt lat="48.966388" lon="20.385648">
				<ele>545.000000</ele>
			</trkpt>
			<trkpt lat="48.966506" lon="20.385684">
				<ele>546.000000</ele>
			</trkpt>
			<trkpt lat="48.966576" lon="20.385729">
				<ele>547.000000</ele>
			</trkpt>
			<trkpt lat="48.966659" lon="20.385784">
				<ele>547.000000</ele>
			</trkpt>
			<trkpt lat="48.966924" lon="20.385990">
				<ele>548.000000</ele>
			</trkpt>
			<trkpt lat="48.967090" lon="20.386143">
				<ele>549.000000</ele>
			</trkpt>
			<trkpt lat="48.967190" lon="20.386250">
				<ele>549.000000</ele>
			</trkpt>
			<trkpt lat="48.967284" lon="20.386367">
				<ele>549.000000</ele>
			</trkpt>
			<trkpt lat="48.967361" lon="20.386466">
				<ele>550.000000</ele>
			</trkpt>
		</trkseg>
	</trk>
</gpx>

