<?xml version="1.0" encoding="utf-8"?>
<gpx xmlns="http://www.topografix.com/GPX/1/1" version="1.1" creator="https://mapy.com/">
	<trk>
		<name>Nagy-Morgás – Zöld-tavi menedékház</name>
		<trkseg>
			<trkpt lat="49.167908" lon="20.270862">
				<ele>906.000000</ele>
			</trkpt>
			<trkpt lat="49.168360" lon="20.271167">
				<ele>905.000000</ele>
			</trkpt>
			<trkpt lat="49.168372" lon="20.271544">
				<ele>901.000000</ele>
			</trkpt>
			<trkpt lat="49.168166" lon="20.271778">
				<ele>904.000000</ele>
			</trkpt>
			<trkpt lat="49.168066" lon="20.271877">
				<ele>906.000000</ele>
			</trkpt>
			<trkpt lat="49.168060" lon="20.271940">
				<ele>903.000000</ele>
			</trkpt>
			<trkpt lat="49.168278" lon="20.272156">
				<ele>890.000000</ele>
			</trkpt>
			<trkpt lat="49.168313" lon="20.272227">
				<ele>890.000000</ele>
			</trkpt>
			<trkpt lat="49.168307" lon="20.272290">
				<ele>890.000000</ele>
			</trkpt>
			<trkpt lat="49.168296" lon="20.272389">
				<ele>890.000000</ele>
			</trkpt>
			<trkpt lat="49.168296" lon="20.272425">
				<ele>890.000000</ele>
			</trkpt>
			<trkpt lat="49.168337" lon="20.272470">
				<ele>890.000000</ele>
			</trkpt>
			<trkpt lat="49.168331" lon="20.272542">
				<ele>890.000000</ele>
			</trkpt>
			<trkpt lat="49.168331" lon="20.272596">
				<ele>890.000000</ele>
			</trkpt>
			<trkpt lat="49.168254" lon="20.272640">
				<ele>889.000000</ele>
			</trkpt>
			<trkpt lat="49.168143" lon="20.272802">
				<ele>887.000000</ele>
			</trkpt>
			<trkpt lat="49.168137" lon="20.272829">
				<ele>886.000000</ele>
			</trkpt>
			<trkpt lat="49.168078" lon="20.272990">
				<ele>884.000000</ele>
			</trkpt>
			<trkpt lat="49.168049" lon="20.273072">
				<ele>883.000000</ele>
			</trkpt>
			<trkpt lat="49.168043" lon="20.273116">
				<ele>882.000000</ele>
			</trkpt>
			<trkpt lat="49.168196" lon="20.273170">
				<ele>882.000000</ele>
			</trkpt>
			<trkpt lat="49.168272" lon="20.273198">
				<ele>882.000000</ele>
			</trkpt>
			<trkpt lat="49.168401" lon="20.273269">
				<ele>883.000000</ele>
			</trkpt>
			<trkpt lat="49.168507" lon="20.273349">
				<ele>884.000000</ele>
			</trkpt>
			<trkpt lat="49.168624" lon="20.273475">
				<ele>884.000000</ele>
			</trkpt>
			<trkpt lat="49.168730" lon="20.273602">
				<ele>885.000000</ele>
			</trkpt>
			<trkpt lat="49.168894" lon="20.273754">
				<ele>885.000000</ele>
			</trkpt>
			<trkpt lat="49.169024" lon="20.273871">
				<ele>886.000000</ele>
			</trkpt>
			<trkpt lat="49.169082" lon="20.273961">
				<ele>886.000000</ele>
			</trkpt>
			<trkpt lat="49.169165" lon="20.274087">
				<ele>886.000000</ele>
			</trkpt>
			<trkpt lat="49.169212" lon="20.274177">
				<ele>887.000000</ele>
			</trkpt>
			<trkpt lat="49.169247" lon="20.274275">
				<ele>887.000000</ele>
			</trkpt>
			<trkpt lat="49.169282" lon="20.274428">
				<ele>887.000000</ele>
			</trkpt>
			<trkpt lat="49.169371" lon="20.274967">
				<ele>888.000000</ele>
			</trkpt>
			<trkpt lat="49.169740" lon="20.277231">
				<ele>898.000000</ele>
			</trkpt>
			<trkpt lat="49.169740" lon="20.277231">
				<ele>898.000000</ele>
			</trkpt>
			<trkpt lat="49.169822" lon="20.277752">
				<ele>900.000000</ele>
			</trkpt>
			<trkpt lat="49.169905" lon="20.278210">
				<ele>901.000000</ele>
			</trkpt>
			<trkpt lat="49.169952" lon="20.278560">
				<ele>901.000000</ele>
			</trkpt>
			<trkpt lat="49.170022" lon="20.278919">
				<ele>906.000000</ele>
			</trkpt>
			<trkpt lat="49.170069" lon="20.279567">
				<ele>912.000000</ele>
			</trkpt>
			<trkpt lat="49.170093" lon="20.279988">
				<ele>914.000000</ele>
			</trkpt>
			<trkpt lat="49.170116" lon="20.280070">
				<ele>914.000000</ele>
			</trkpt>
			<trkpt lat="49.170140" lon="20.280141">
				<ele>915.000000</ele>
			</trkpt>
			<trkpt lat="49.170187" lon="20.280204">
				<ele>915.000000</ele>
			</trkpt>
			<trkpt lat="49.170216" lon="20.280223">
				<ele>916.000000</ele>
			</trkpt>
			<trkpt lat="49.170263" lon="20.280240">
				<ele>916.000000</ele>
			</trkpt>
			<trkpt lat="49.170322" lon="20.280249">
				<ele>917.000000</ele>
			</trkpt>
			<trkpt lat="49.170374" lon="20.280240">
				<ele>917.000000</ele>
			</trkpt>
			<trkpt lat="49.170404" lon="20.280213">
				<ele>917.000000</ele>
			</trkpt>
			<trkpt lat="49.170421" lon="20.280177">
				<ele>918.000000</ele>
			</trkpt>
			<trkpt lat="49.170433" lon="20.280133">
				<ele>918.000000</ele>
			</trkpt>
			<trkpt lat="49.170433" lon="20.280347">
				<ele>915.000000</ele>
			</trkpt>
			<trkpt lat="49.170357" lon="20.280573">
				<ele>912.000000</ele>
			</trkpt>
			<trkpt lat="49.170304" lon="20.280689">
				<ele>911.000000</ele>
			</trkpt>
			<trkpt lat="49.170234" lon="20.280815">
				<ele>909.000000</ele>
			</trkpt>
			<trkpt lat="49.170204" lon="20.280886">
				<ele>908.000000</ele>
			</trkpt>
			<trkpt lat="49.170175" lon="20.280995">
				<ele>907.000000</ele>
			</trkpt>
			<trkpt lat="49.170157" lon="20.281129">
				<ele>906.000000</ele>
			</trkpt>
			<trkpt lat="49.170146" lon="20.281165">
				<ele>906.000000</ele>
			</trkpt>
			<trkpt lat="49.170227" lon="20.281228">
				<ele>906.000000</ele>
			</trkpt>
			<trkpt lat="49.170280" lon="20.281265">
				<ele>906.000000</ele>
			</trkpt>
			<trkpt lat="49.170346" lon="20.281300">
				<ele>906.000000</ele>
			</trkpt>
			<trkpt lat="49.170386" lon="20.281318">
				<ele>906.000000</ele>
			</trkpt>
			<trkpt lat="49.170421" lon="20.281328">
				<ele>906.000000</ele>
			</trkpt>
			<trkpt lat="49.170480" lon="20.281328">
				<ele>906.000000</ele>
			</trkpt>
			<trkpt lat="49.170539" lon="20.281309">
				<ele>906.000000</ele>
			</trkpt>
			<trkpt lat="49.170592" lon="20.281265">
				<ele>906.000000</ele>
			</trkpt>
			<trkpt lat="49.170639" lon="20.281202">
				<ele>906.000000</ele>
			</trkpt>
			<trkpt lat="49.170680" lon="20.281120">
				<ele>906.000000</ele>
			</trkpt>
			<trkpt lat="49.170710" lon="20.281076">
				<ele>906.000000</ele>
			</trkpt>
			<trkpt lat="49.170751" lon="20.280995">
				<ele>906.000000</ele>
			</trkpt>
			<trkpt lat="49.170768" lon="20.280932">
				<ele>907.000000</ele>
			</trkpt>
			<trkpt lat="49.170804" lon="20.280896">
				<ele>907.000000</ele>
			</trkpt>
			<trkpt lat="49.170827" lon="20.280905">
				<ele>907.000000</ele>
			</trkpt>
			<trkpt lat="49.170868" lon="20.280968">
				<ele>907.000000</ele>
			</trkpt>
			<trkpt lat="49.170891" lon="20.281030">
				<ele>907.000000</ele>
			</trkpt>
			<trkpt lat="49.170909" lon="20.281076">
				<ele>907.000000</ele>
			</trkpt>
			<trkpt lat="49.170932" lon="20.281112">
				<ele>907.000000</ele>
			</trkpt>
			<trkpt lat="49.170968" lon="20.281156">
				<ele>907.000000</ele>
			</trkpt>
			<trkpt lat="49.171009" lon="20.281183">
				<ele>907.000000</ele>
			</trkpt>
			<trkpt lat="49.171044" lon="20.281192">
				<ele>907.000000</ele>
			</trkpt>
			<trkpt lat="49.171085" lon="20.281228">
				<ele>907.000000</ele>
			</trkpt>
			<trkpt lat="49.171156" lon="20.281265">
				<ele>907.000000</ele>
			</trkpt>
			<trkpt lat="49.171202" lon="20.281300">
				<ele>907.000000</ele>
			</trkpt>
			<trkpt lat="49.171255" lon="20.281345">
				<ele>907.000000</ele>
			</trkpt>
			<trkpt lat="49.171291" lon="20.281354">
				<ele>907.000000</ele>
			</trkpt>
			<trkpt lat="49.171320" lon="20.281345">
				<ele>907.000000</ele>
			</trkpt>
			<trkpt lat="49.171338" lon="20.281318">
				<ele>907.000000</ele>
			</trkpt>
			<trkpt lat="49.171379" lon="20.281282">
				<ele>907.000000</ele>
			</trkpt>
			<trkpt lat="49.171438" lon="20.281183">
				<ele>907.000000</ele>
			</trkpt>
			<trkpt lat="49.171473" lon="20.281156">
				<ele>907.000000</ele>
			</trkpt>
			<trkpt lat="49.171508" lon="20.281129">
				<ele>907.000000</ele>
			</trkpt>
			<trkpt lat="49.171549" lon="20.281148">
				<ele>907.000000</ele>
			</trkpt>
			<trkpt lat="49.171585" lon="20.281183">
				<ele>907.000000</ele>
			</trkpt>
			<trkpt lat="49.171614" lon="20.281210">
				<ele>907.000000</ele>
			</trkpt>
			<trkpt lat="49.171661" lon="20.281210">
				<ele>907.000000</ele>
			</trkpt>
			<trkpt lat="49.171732" lon="20.281210">
				<ele>907.000000</ele>
			</trkpt>
			<trkpt lat="49.171760" lon="20.281219">
				<ele>907.000000</ele>
			</trkpt>
			<trkpt lat="49.171784" lon="20.281238">
				<ele>907.000000</ele>
			</trkpt>
			<trkpt lat="49.171808" lon="20.281265">
				<ele>907.000000</ele>
			</trkpt>
			<trkpt lat="49.171813" lon="20.281300">
				<ele>907.000000</ele>
			</trkpt>
			<trkpt lat="49.171819" lon="20.281328">
				<ele>907.000000</ele>
			</trkpt>
			<trkpt lat="49.171813" lon="20.281372">
				<ele>907.000000</ele>
			</trkpt>
			<trkpt lat="49.171808" lon="20.281399">
				<ele>907.000000</ele>
			</trkpt>
			<trkpt lat="49.171772" lon="20.281471">
				<ele>907.000000</ele>
			</trkpt>
			<trkpt lat="49.171760" lon="20.281471">
				<ele>907.000000</ele>
			</trkpt>
			<trkpt lat="49.171732" lon="20.281462">
				<ele>907.000000</ele>
			</trkpt>
			<trkpt lat="49.171690" lon="20.281452">
				<ele>908.000000</ele>
			</trkpt>
			<trkpt lat="49.171667" lon="20.281462">
				<ele>908.000000</ele>
			</trkpt>
			<trkpt lat="49.171649" lon="20.281489">
				<ele>908.000000</ele>
			</trkpt>
			<trkpt lat="49.171626" lon="20.281578">
				<ele>908.000000</ele>
			</trkpt>
			<trkpt lat="49.171614" lon="20.281651">
				<ele>908.000000</ele>
			</trkpt>
			<trkpt lat="49.171608" lon="20.281758">
				<ele>908.000000</ele>
			</trkpt>
			<trkpt lat="49.171608" lon="20.281920">
				<ele>908.000000</ele>
			</trkpt>
			<trkpt lat="49.171632" lon="20.282037">
				<ele>908.000000</ele>
			</trkpt>
			<trkpt lat="49.171696" lon="20.282154">
				<ele>908.000000</ele>
			</trkpt>
			<trkpt lat="49.171743" lon="20.282234">
				<ele>908.000000</ele>
			</trkpt>
			<trkpt lat="49.171778" lon="20.282297">
				<ele>908.000000</ele>
			</trkpt>
			<trkpt lat="49.171819" lon="20.282431">
				<ele>908.000000</ele>
			</trkpt>
			<trkpt lat="49.171855" lon="20.282603">
				<ele>908.000000</ele>
			</trkpt>
			<trkpt lat="49.171872" lon="20.282701">
				<ele>908.000000</ele>
			</trkpt>
			<trkpt lat="49.171902" lon="20.282783">
				<ele>908.000000</ele>
			</trkpt>
			<trkpt lat="49.171937" lon="20.282863">
				<ele>908.000000</ele>
			</trkpt>
			<trkpt lat="49.171960" lon="20.282989">
				<ele>908.000000</ele>
			</trkpt>
			<trkpt lat="49.171984" lon="20.283106">
				<ele>908.000000</ele>
			</trkpt>
			<trkpt lat="49.172031" lon="20.283276">
				<ele>908.000000</ele>
			</trkpt>
			<trkpt lat="49.172066" lon="20.283357">
				<ele>908.000000</ele>
			</trkpt>
			<trkpt lat="49.172072" lon="20.283420">
				<ele>909.000000</ele>
			</trkpt>
			<trkpt lat="49.172090" lon="20.283483">
				<ele>909.000000</ele>
			</trkpt>
			<trkpt lat="49.172119" lon="20.283555">
				<ele>909.000000</ele>
			</trkpt>
			<trkpt lat="49.172124" lon="20.283626">
				<ele>909.000000</ele>
			</trkpt>
			<trkpt lat="49.172124" lon="20.283726">
				<ele>909.000000</ele>
			</trkpt>
			<trkpt lat="49.172124" lon="20.283815">
				<ele>909.000000</ele>
			</trkpt>
			<trkpt lat="49.172084" lon="20.283986">
				<ele>909.000000</ele>
			</trkpt>
			<trkpt lat="49.172072" lon="20.284076">
				<ele>909.000000</ele>
			</trkpt>
			<trkpt lat="49.172084" lon="20.284148">
				<ele>909.000000</ele>
			</trkpt>
			<trkpt lat="49.172107" lon="20.284211">
				<ele>909.000000</ele>
			</trkpt>
			<trkpt lat="49.172143" lon="20.284265">
				<ele>909.000000</ele>
			</trkpt>
			<trkpt lat="49.172196" lon="20.284318">
				<ele>909.000000</ele>
			</trkpt>
			<trkpt lat="49.172254" lon="20.284391">
				<ele>909.000000</ele>
			</trkpt>
			<trkpt lat="49.172313" lon="20.284481">
				<ele>909.000000</ele>
			</trkpt>
			<trkpt lat="49.172366" lon="20.284597">
				<ele>909.000000</ele>
			</trkpt>
			<trkpt lat="49.172395" lon="20.284678">
				<ele>909.000000</ele>
			</trkpt>
			<trkpt lat="49.172413" lon="20.284758">
				<ele>909.000000</ele>
			</trkpt>
			<trkpt lat="49.172418" lon="20.284831">
				<ele>909.000000</ele>
			</trkpt>
			<trkpt lat="49.172430" lon="20.285001">
				<ele>909.000000</ele>
			</trkpt>
			<trkpt lat="49.172442" lon="20.285073">
				<ele>909.000000</ele>
			</trkpt>
			<trkpt lat="49.172465" lon="20.285127">
				<ele>909.000000</ele>
			</trkpt>
			<trkpt lat="49.172501" lon="20.285190">
				<ele>909.000000</ele>
			</trkpt>
			<trkpt lat="49.172548" lon="20.285217">
				<ele>909.000000</ele>
			</trkpt>
			<trkpt lat="49.172589" lon="20.285226">
				<ele>910.000000</ele>
			</trkpt>
			<trkpt lat="49.172660" lon="20.285199">
				<ele>910.000000</ele>
			</trkpt>
			<trkpt lat="49.172712" lon="20.285163">
				<ele>910.000000</ele>
			</trkpt>
			<trkpt lat="49.172777" lon="20.285091">
				<ele>910.000000</ele>
			</trkpt>
			<trkpt lat="49.172830" lon="20.285037">
				<ele>910.000000</ele>
			</trkpt>
			<trkpt lat="49.172906" lon="20.284957">
				<ele>910.000000</ele>
			</trkpt>
			<trkpt lat="49.173041" lon="20.284794">
				<ele>910.000000</ele>
			</trkpt>
			<trkpt lat="49.173165" lon="20.284678">
				<ele>910.000000</ele>
			</trkpt>
			<trkpt lat="49.173217" lon="20.284642">
				<ele>910.000000</ele>
			</trkpt>
			<trkpt lat="49.173258" lon="20.284615">
				<ele>910.000000</ele>
			</trkpt>
			<trkpt lat="49.173317" lon="20.284588">
				<ele>911.000000</ele>
			</trkpt>
			<trkpt lat="49.173388" lon="20.284570">
				<ele>911.000000</ele>
			</trkpt>
			<trkpt lat="49.173440" lon="20.284570">
				<ele>911.000000</ele>
			</trkpt>
			<trkpt lat="49.173487" lon="20.284579">
				<ele>911.000000</ele>
			</trkpt>
			<trkpt lat="49.173523" lon="20.284579">
				<ele>912.000000</ele>
			</trkpt>
			<trkpt lat="49.173563" lon="20.284570">
				<ele>912.000000</ele>
			</trkpt>
			<trkpt lat="49.173640" lon="20.284605">
				<ele>912.000000</ele>
			</trkpt>
			<trkpt lat="49.173722" lon="20.284633">
				<ele>913.000000</ele>
			</trkpt>
			<trkpt lat="49.173775" lon="20.284678">
				<ele>913.000000</ele>
			</trkpt>
			<trkpt lat="49.173822" lon="20.284714">
				<ele>913.000000</ele>
			</trkpt>
			<trkpt lat="49.173910" lon="20.284840">
				<ele>914.000000</ele>
			</trkpt>
			<trkpt lat="49.174074" lon="20.285100">
				<ele>915.000000</ele>
			</trkpt>
			<trkpt lat="49.174210" lon="20.285360">
				<ele>916.000000</ele>
			</trkpt>
			<trkpt lat="49.174333" lon="20.285576">
				<ele>917.000000</ele>
			</trkpt>
			<trkpt lat="49.174404" lon="20.285676">
				<ele>918.000000</ele>
			</trkpt>
			<trkpt lat="49.174492" lon="20.285756">
				<ele>918.000000</ele>
			</trkpt>
			<trkpt lat="49.174644" lon="20.285890">
				<ele>919.000000</ele>
			</trkpt>
			<trkpt lat="49.174762" lon="20.285963">
				<ele>920.000000</ele>
			</trkpt>
			<trkpt lat="49.174850" lon="20.285999">
				<ele>920.000000</ele>
			</trkpt>
			<trkpt lat="49.174950" lon="20.286026">
				<ele>920.000000</ele>
			</trkpt>
			<trkpt lat="49.175043" lon="20.286062">
				<ele>920.000000</ele>
			</trkpt>
			<trkpt lat="49.175120" lon="20.286070">
				<ele>921.000000</ele>
			</trkpt>
			<trkpt lat="49.175214" lon="20.286079">
				<ele>921.000000</ele>
			</trkpt>
			<trkpt lat="49.175273" lon="20.286097">
				<ele>921.000000</ele>
			</trkpt>
			<trkpt lat="49.175343" lon="20.286142">
				<ele>921.000000</ele>
			</trkpt>
			<trkpt lat="49.175590" lon="20.286366">
				<ele>922.000000</ele>
			</trkpt>
			<trkpt lat="49.175778" lon="20.286475">
				<ele>922.000000</ele>
			</trkpt>
			<trkpt lat="49.176042" lon="20.286609">
				<ele>923.000000</ele>
			</trkpt>
			<trkpt lat="49.176236" lon="20.286726">
				<ele>923.000000</ele>
			</trkpt>
			<trkpt lat="49.176301" lon="20.286752">
				<ele>923.000000</ele>
			</trkpt>
			<trkpt lat="49.176348" lon="20.286771">
				<ele>923.000000</ele>
			</trkpt>
			<trkpt lat="49.176376" lon="20.286762">
				<ele>923.000000</ele>
			</trkpt>
			<trkpt lat="49.176400" lon="20.286752">
				<ele>923.000000</ele>
			</trkpt>
			<trkpt lat="49.176429" lon="20.286735">
				<ele>923.000000</ele>
			</trkpt>
			<trkpt lat="49.176700" lon="20.286861">
				<ele>924.000000</ele>
			</trkpt>
			<trkpt lat="49.177217" lon="20.287112">
				<ele>924.000000</ele>
			</trkpt>
			<trkpt lat="49.177264" lon="20.287131">
				<ele>925.000000</ele>
			</trkpt>
			<trkpt lat="49.177298" lon="20.287157">
				<ele>925.000000</ele>
			</trkpt>
			<trkpt lat="49.177334" lon="20.287005">
				<ele>925.000000</ele>
			</trkpt>
			<trkpt lat="49.177569" lon="20.287139">
				<ele>925.000000</ele>
			</trkpt>
			<trkpt lat="49.177669" lon="20.287229">
				<ele>925.000000</ele>
			</trkpt>
			<trkpt lat="49.178050" lon="20.287418">
				<ele>924.000000</ele>
			</trkpt>
			<trkpt lat="49.178092" lon="20.287471">
				<ele>924.000000</ele>
			</trkpt>
			<trkpt lat="49.178074" lon="20.287588">
				<ele>924.000000</ele>
			</trkpt>
			<trkpt lat="49.178039" lon="20.287697">
				<ele>924.000000</ele>
			</trkpt>
			<trkpt lat="49.177968" lon="20.287876">
				<ele>923.000000</ele>
			</trkpt>
			<trkpt lat="49.178092" lon="20.288028">
				<ele>922.000000</ele>
			</trkpt>
			<trkpt lat="49.178144" lon="20.288083">
				<ele>922.000000</ele>
			</trkpt>
			<trkpt lat="49.178192" lon="20.288100">
				<ele>921.000000</ele>
			</trkpt>
			<trkpt lat="49.178227" lon="20.288110">
				<ele>921.000000</ele>
			</trkpt>
			<trkpt lat="49.178250" lon="20.288110">
				<ele>921.000000</ele>
			</trkpt>
			<trkpt lat="49.178291" lon="20.288136">
				<ele>921.000000</ele>
			</trkpt>
			<trkpt lat="49.178350" lon="20.288173">
				<ele>920.000000</ele>
			</trkpt>
			<trkpt lat="49.178403" lon="20.288181">
				<ele>920.000000</ele>
			</trkpt>
			<trkpt lat="49.178438" lon="20.288199">
				<ele>920.000000</ele>
			</trkpt>
			<trkpt lat="49.178456" lon="20.288253">
				<ele>919.000000</ele>
			</trkpt>
			<trkpt lat="49.178479" lon="20.288334">
				<ele>918.000000</ele>
			</trkpt>
			<trkpt lat="49.178520" lon="20.288397">
				<ele>917.000000</ele>
			</trkpt>
			<trkpt lat="49.178567" lon="20.288450">
				<ele>917.000000</ele>
			</trkpt>
			<trkpt lat="49.178591" lon="20.288477">
				<ele>916.000000</ele>
			</trkpt>
			<trkpt lat="49.178614" lon="20.288486">
				<ele>916.000000</ele>
			</trkpt>
			<trkpt lat="49.178638" lon="20.288486">
				<ele>915.000000</ele>
			</trkpt>
			<trkpt lat="49.178661" lon="20.288513">
				<ele>915.000000</ele>
			</trkpt>
			<trkpt lat="49.178691" lon="20.288523">
				<ele>915.000000</ele>
			</trkpt>
			<trkpt lat="49.178714" lon="20.288540">
				<ele>914.000000</ele>
			</trkpt>
			<trkpt lat="49.178749" lon="20.288550">
				<ele>914.000000</ele>
			</trkpt>
			<trkpt lat="49.178767" lon="20.288550">
				<ele>913.000000</ele>
			</trkpt>
			<trkpt lat="49.178849" lon="20.288486">
				<ele>912.000000</ele>
			</trkpt>
			<trkpt lat="49.178896" lon="20.288442">
				<ele>911.000000</ele>
			</trkpt>
			<trkpt lat="49.179002" lon="20.288379">
				<ele>910.000000</ele>
			</trkpt>
			<trkpt lat="49.179072" lon="20.288360">
				<ele>910.000000</ele>
			</trkpt>
			<trkpt lat="49.179136" lon="20.288360">
				<ele>910.000000</ele>
			</trkpt>
			<trkpt lat="49.179236" lon="20.288360">
				<ele>910.000000</ele>
			</trkpt>
			<trkpt lat="49.179307" lon="20.288360">
				<ele>910.000000</ele>
			</trkpt>
			<trkpt lat="49.179360" lon="20.288370">
				<ele>910.000000</ele>
			</trkpt>
			<trkpt lat="49.179401" lon="20.288370">
				<ele>910.000000</ele>
			</trkpt>
			<trkpt lat="49.179425" lon="20.288360">
				<ele>910.000000</ele>
			</trkpt>
			<trkpt lat="49.179466" lon="20.288307">
				<ele>911.000000</ele>
			</trkpt>
			<trkpt lat="49.179524" lon="20.288263">
				<ele>911.000000</ele>
			</trkpt>
			<trkpt lat="49.179566" lon="20.288236">
				<ele>911.000000</ele>
			</trkpt>
			<trkpt lat="49.179694" lon="20.288136">
				<ele>912.000000</ele>
			</trkpt>
			<trkpt lat="49.179765" lon="20.288154">
				<ele>913.000000</ele>
			</trkpt>
			<trkpt lat="49.179871" lon="20.288146">
				<ele>914.000000</ele>
			</trkpt>
			<trkpt lat="49.179924" lon="20.288163">
				<ele>914.000000</ele>
			</trkpt>
			<trkpt lat="49.179971" lon="20.288190">
				<ele>914.000000</ele>
			</trkpt>
			<trkpt lat="49.180030" lon="20.288136">
				<ele>915.000000</ele>
			</trkpt>
			<trkpt lat="49.180094" lon="20.288056">
				<ele>915.000000</ele>
			</trkpt>
			<trkpt lat="49.180164" lon="20.287966">
				<ele>916.000000</ele>
			</trkpt>
			<trkpt lat="49.180223" lon="20.287821">
				<ele>917.000000</ele>
			</trkpt>
			<trkpt lat="49.180276" lon="20.287670">
				<ele>918.000000</ele>
			</trkpt>
			<trkpt lat="49.180317" lon="20.287571">
				<ele>918.000000</ele>
			</trkpt>
			<trkpt lat="49.180411" lon="20.287481">
				<ele>919.000000</ele>
			</trkpt>
			<trkpt lat="49.180470" lon="20.287381">
				<ele>920.000000</ele>
			</trkpt>
			<trkpt lat="49.180511" lon="20.287284">
				<ele>920.000000</ele>
			</trkpt>
			<trkpt lat="49.180546" lon="20.287194">
				<ele>921.000000</ele>
			</trkpt>
			<trkpt lat="49.180575" lon="20.286905">
				<ele>922.000000</ele>
			</trkpt>
			<trkpt lat="49.180611" lon="20.286789">
				<ele>923.000000</ele>
			</trkpt>
			<trkpt lat="49.180675" lon="20.286573">
				<ele>924.000000</ele>
			</trkpt>
			<trkpt lat="49.180722" lon="20.286420">
				<ele>925.000000</ele>
			</trkpt>
			<trkpt lat="49.180740" lon="20.286286">
				<ele>926.000000</ele>
			</trkpt>
			<trkpt lat="49.180775" lon="20.286213">
				<ele>926.000000</ele>
			</trkpt>
			<trkpt lat="49.180846" lon="20.286152">
				<ele>927.000000</ele>
			</trkpt>
			<trkpt lat="49.180980" lon="20.285873">
				<ele>928.000000</ele>
			</trkpt>
			<trkpt lat="49.181033" lon="20.285792">
				<ele>929.000000</ele>
			</trkpt>
			<trkpt lat="49.181116" lon="20.285710">
				<ele>930.000000</ele>
			</trkpt>
			<trkpt lat="49.181174" lon="20.285676">
				<ele>930.000000</ele>
			</trkpt>
			<trkpt lat="49.181298" lon="20.285567">
				<ele>931.000000</ele>
			</trkpt>
			<trkpt lat="49.181385" lon="20.285504">
				<ele>932.000000</ele>
			</trkpt>
			<trkpt lat="49.181497" lon="20.285378">
				<ele>933.000000</ele>
			</trkpt>
			<trkpt lat="49.181544" lon="20.285324">
				<ele>933.000000</ele>
			</trkpt>
			<trkpt lat="49.181615" lon="20.285234">
				<ele>934.000000</ele>
			</trkpt>
			<trkpt lat="49.181650" lon="20.285190">
				<ele>934.000000</ele>
			</trkpt>
			<trkpt lat="49.181691" lon="20.285163">
				<ele>934.000000</ele>
			</trkpt>
			<trkpt lat="49.181715" lon="20.285110">
				<ele>935.000000</ele>
			</trkpt>
			<trkpt lat="49.181726" lon="20.285010">
				<ele>935.000000</ele>
			</trkpt>
			<trkpt lat="49.181750" lon="20.284957">
				<ele>935.000000</ele>
			</trkpt>
			<trkpt lat="49.181820" lon="20.284812">
				<ele>936.000000</ele>
			</trkpt>
			<trkpt lat="49.181844" lon="20.284687">
				<ele>937.000000</ele>
			</trkpt>
			<trkpt lat="49.181909" lon="20.284498">
				<ele>938.000000</ele>
			</trkpt>
			<trkpt lat="49.181979" lon="20.284309">
				<ele>939.000000</ele>
			</trkpt>
			<trkpt lat="49.182032" lon="20.284246">
				<ele>939.000000</ele>
			</trkpt>
			<trkpt lat="49.182073" lon="20.284184">
				<ele>940.000000</ele>
			</trkpt>
			<trkpt lat="49.182202" lon="20.284068">
				<ele>941.000000</ele>
			</trkpt>
			<trkpt lat="49.182296" lon="20.283968">
				<ele>942.000000</ele>
			</trkpt>
			<trkpt lat="49.182367" lon="20.283905">
				<ele>942.000000</ele>
			</trkpt>
			<trkpt lat="49.182460" lon="20.283833">
				<ele>943.000000</ele>
			</trkpt>
			<trkpt lat="49.182619" lon="20.283456">
				<ele>946.000000</ele>
			</trkpt>
			<trkpt lat="49.182801" lon="20.282989">
				<ele>949.000000</ele>
			</trkpt>
			<trkpt lat="49.182918" lon="20.282756">
				<ele>950.000000</ele>
			</trkpt>
			<trkpt lat="49.183112" lon="20.282450">
				<ele>952.000000</ele>
			</trkpt>
			<trkpt lat="49.183317" lon="20.282135">
				<ele>955.000000</ele>
			</trkpt>
			<trkpt lat="49.183453" lon="20.281884">
				<ele>956.000000</ele>
			</trkpt>
			<trkpt lat="49.183506" lon="20.281794">
				<ele>957.000000</ele>
			</trkpt>
			<trkpt lat="49.183588" lon="20.281686">
				<ele>958.000000</ele>
			</trkpt>
			<trkpt lat="49.183734" lon="20.281462">
				<ele>960.000000</ele>
			</trkpt>
			<trkpt lat="49.183858" lon="20.281183">
				<ele>962.000000</ele>
			</trkpt>
			<trkpt lat="49.183987" lon="20.280878">
				<ele>964.000000</ele>
			</trkpt>
			<trkpt lat="49.184152" lon="20.280590">
				<ele>966.000000</ele>
			</trkpt>
			<trkpt lat="49.184251" lon="20.280366">
				<ele>968.000000</ele>
			</trkpt>
			<trkpt lat="49.184345" lon="20.280231">
				<ele>969.000000</ele>
			</trkpt>
			<trkpt lat="49.184427" lon="20.280168">
				<ele>970.000000</ele>
			</trkpt>
			<trkpt lat="49.184522" lon="20.280123">
				<ele>970.000000</ele>
			</trkpt>
			<trkpt lat="49.184603" lon="20.280114">
				<ele>970.000000</ele>
			</trkpt>
			<trkpt lat="49.184644" lon="20.280106">
				<ele>970.000000</ele>
			</trkpt>
			<trkpt lat="49.184809" lon="20.280087">
				<ele>971.000000</ele>
			</trkpt>
			<trkpt lat="49.184944" lon="20.280043">
				<ele>972.000000</ele>
			</trkpt>
			<trkpt lat="49.185208" lon="20.280060">
				<ele>974.000000</ele>
			</trkpt>
			<trkpt lat="49.185332" lon="20.280024">
				<ele>974.000000</ele>
			</trkpt>
			<trkpt lat="49.185549" lon="20.279926">
				<ele>976.000000</ele>
			</trkpt>
			<trkpt lat="49.185713" lon="20.279791">
				<ele>977.000000</ele>
			</trkpt>
			<trkpt lat="49.185848" lon="20.279720">
				<ele>978.000000</ele>
			</trkpt>
			<trkpt lat="49.185995" lon="20.279710">
				<ele>979.000000</ele>
			</trkpt>
			<trkpt lat="49.186065" lon="20.279683">
				<ele>979.000000</ele>
			</trkpt>
			<trkpt lat="49.186112" lon="20.279657">
				<ele>980.000000</ele>
			</trkpt>
			<trkpt lat="49.186336" lon="20.279468">
				<ele>981.000000</ele>
			</trkpt>
			<trkpt lat="49.186429" lon="20.279368">
				<ele>982.000000</ele>
			</trkpt>
			<trkpt lat="49.186512" lon="20.279324">
				<ele>983.000000</ele>
			</trkpt>
			<trkpt lat="49.186670" lon="20.279234">
				<ele>984.000000</ele>
			</trkpt>
			<trkpt lat="49.187222" lon="20.278938">
				<ele>988.000000</ele>
			</trkpt>
			<trkpt lat="49.187316" lon="20.278857">
				<ele>989.000000</ele>
			</trkpt>
			<trkpt lat="49.187381" lon="20.278739">
				<ele>989.000000</ele>
			</trkpt>
			<trkpt lat="49.187434" lon="20.278649">
				<ele>990.000000</ele>
			</trkpt>
			<trkpt lat="49.187610" lon="20.278569">
				<ele>991.000000</ele>
			</trkpt>
			<trkpt lat="49.187803" lon="20.278560">
				<ele>991.000000</ele>
			</trkpt>
			<trkpt lat="49.187874" lon="20.278552">
				<ele>991.000000</ele>
			</trkpt>
			<trkpt lat="49.188003" lon="20.278506">
				<ele>992.000000</ele>
			</trkpt>
			<trkpt lat="49.188133" lon="20.278569">
				<ele>992.000000</ele>
			</trkpt>
			<trkpt lat="49.188543" lon="20.278749">
				<ele>994.000000</ele>
			</trkpt>
			<trkpt lat="49.188725" lon="20.278802">
				<ele>994.000000</ele>
			</trkpt>
			<trkpt lat="49.188884" lon="20.278802">
				<ele>995.000000</ele>
			</trkpt>
			<trkpt lat="49.189019" lon="20.278767">
				<ele>995.000000</ele>
			</trkpt>
			<trkpt lat="49.189071" lon="20.278731">
				<ele>996.000000</ele>
			</trkpt>
			<trkpt lat="49.189160" lon="20.278641">
				<ele>996.000000</ele>
			</trkpt>
			<trkpt lat="49.189218" lon="20.278615">
				<ele>996.000000</ele>
			</trkpt>
			<trkpt lat="49.189271" lon="20.278596">
				<ele>996.000000</ele>
			</trkpt>
			<trkpt lat="49.189330" lon="20.278569">
				<ele>996.000000</ele>
			</trkpt>
			<trkpt lat="49.189359" lon="20.278552">
				<ele>997.000000</ele>
			</trkpt>
			<trkpt lat="49.189389" lon="20.278515">
				<ele>997.000000</ele>
			</trkpt>
			<trkpt lat="49.189412" lon="20.278470">
				<ele>997.000000</ele>
			</trkpt>
			<trkpt lat="49.189429" lon="20.278443">
				<ele>997.000000</ele>
			</trkpt>
			<trkpt lat="49.189459" lon="20.278435">
				<ele>997.000000</ele>
			</trkpt>
			<trkpt lat="49.189477" lon="20.278426">
				<ele>997.000000</ele>
			</trkpt>
			<trkpt lat="49.189512" lon="20.278435">
				<ele>997.000000</ele>
			</trkpt>
			<trkpt lat="49.189541" lon="20.278443">
				<ele>997.000000</ele>
			</trkpt>
			<trkpt lat="49.189623" lon="20.278416">
				<ele>998.000000</ele>
			</trkpt>
			<trkpt lat="49.189723" lon="20.278326">
				<ele>998.000000</ele>
			</trkpt>
			<trkpt lat="49.189812" lon="20.278228">
				<ele>998.000000</ele>
			</trkpt>
			<trkpt lat="49.189882" lon="20.278093">
				<ele>999.000000</ele>
			</trkpt>
			<trkpt lat="49.189940" lon="20.277959">
				<ele>999.000000</ele>
			</trkpt>
			<trkpt lat="49.189993" lon="20.277923">
				<ele>999.000000</ele>
			</trkpt>
			<trkpt lat="49.190046" lon="20.277869">
				<ele>999.000000</ele>
			</trkpt>
			<trkpt lat="49.190158" lon="20.277697">
				<ele>1000.000000</ele>
			</trkpt>
			<trkpt lat="49.190252" lon="20.277510">
				<ele>1000.000000</ele>
			</trkpt>
			<trkpt lat="49.190328" lon="20.277276">
				<ele>1000.000000</ele>
			</trkpt>
			<trkpt lat="49.190463" lon="20.277105">
				<ele>1000.000000</ele>
			</trkpt>
			<trkpt lat="49.190762" lon="20.276818">
				<ele>1000.000000</ele>
			</trkpt>
			<trkpt lat="49.190897" lon="20.276647">
				<ele>1000.000000</ele>
			</trkpt>
			<trkpt lat="49.191009" lon="20.276422">
				<ele>1000.000000</ele>
			</trkpt>
			<trkpt lat="49.191115" lon="20.276234">
				<ele>1000.000000</ele>
			</trkpt>
			<trkpt lat="49.191174" lon="20.275999">
				<ele>1000.000000</ele>
			</trkpt>
			<trkpt lat="49.191250" lon="20.275919">
				<ele>1000.000000</ele>
			</trkpt>
			<trkpt lat="49.191302" lon="20.275812">
				<ele>1000.000000</ele>
			</trkpt>
			<trkpt lat="49.191479" lon="20.275766">
				<ele>1000.000000</ele>
			</trkpt>
			<trkpt lat="49.191555" lon="20.275812">
				<ele>1000.000000</ele>
			</trkpt>
			<trkpt lat="49.191596" lon="20.275812">
				<ele>1000.000000</ele>
			</trkpt>
			<trkpt lat="49.191649" lon="20.275812">
				<ele>1000.000000</ele>
			</trkpt>
			<trkpt lat="49.191884" lon="20.275938">
				<ele>1002.000000</ele>
			</trkpt>
			<trkpt lat="49.191996" lon="20.275946">
				<ele>1003.000000</ele>
			</trkpt>
			<trkpt lat="49.192090" lon="20.275999">
				<ele>1005.000000</ele>
			</trkpt>
			<trkpt lat="49.192189" lon="20.276062">
				<ele>1006.000000</ele>
			</trkpt>
			<trkpt lat="49.192260" lon="20.276126">
				<ele>1008.000000</ele>
			</trkpt>
			<trkpt lat="49.192436" lon="20.276108">
				<ele>1010.000000</ele>
			</trkpt>
			<trkpt lat="49.192553" lon="20.276171">
				<ele>1013.000000</ele>
			</trkpt>
			<trkpt lat="49.192600" lon="20.276215">
				<ele>1014.000000</ele>
			</trkpt>
			<trkpt lat="49.192676" lon="20.276189">
				<ele>1015.000000</ele>
			</trkpt>
			<trkpt lat="49.192794" lon="20.276162">
				<ele>1017.000000</ele>
			</trkpt>
			<trkpt lat="49.193181" lon="20.276171">
				<ele>1024.000000</ele>
			</trkpt>
			<trkpt lat="49.193292" lon="20.276206">
				<ele>1025.000000</ele>
			</trkpt>
			<trkpt lat="49.193533" lon="20.276351">
				<ele>1029.000000</ele>
			</trkpt>
			<trkpt lat="49.193757" lon="20.276332">
				<ele>1034.000000</ele>
			</trkpt>
			<trkpt lat="49.193874" lon="20.276324">
				<ele>1037.000000</ele>
			</trkpt>
			<trkpt lat="49.194074" lon="20.276305">
				<ele>1041.000000</ele>
			</trkpt>
			<trkpt lat="49.194214" lon="20.276261">
				<ele>1044.000000</ele>
			</trkpt>
			<trkpt lat="49.194338" lon="20.276296">
				<ele>1046.000000</ele>
			</trkpt>
			<trkpt lat="49.194426" lon="20.276288">
				<ele>1048.000000</ele>
			</trkpt>
			<trkpt lat="49.194508" lon="20.276242">
				<ele>1049.000000</ele>
			</trkpt>
			<trkpt lat="49.194573" lon="20.276261">
				<ele>1050.000000</ele>
			</trkpt>
			<trkpt lat="49.194696" lon="20.276324">
				<ele>1052.000000</ele>
			</trkpt>
			<trkpt lat="49.194743" lon="20.276315">
				<ele>1052.000000</ele>
			</trkpt>
			<trkpt lat="49.194790" lon="20.276278">
				<ele>1053.000000</ele>
			</trkpt>
			<trkpt lat="49.194860" lon="20.276288">
				<ele>1053.000000</ele>
			</trkpt>
			<trkpt lat="49.194913" lon="20.276386">
				<ele>1054.000000</ele>
			</trkpt>
			<trkpt lat="49.195013" lon="20.276485">
				<ele>1055.000000</ele>
			</trkpt>
			<trkpt lat="49.195165" lon="20.276655">
				<ele>1057.000000</ele>
			</trkpt>
			<trkpt lat="49.195271" lon="20.276754">
				<ele>1058.000000</ele>
			</trkpt>
			<trkpt lat="49.195470" lon="20.276800">
				<ele>1060.000000</ele>
			</trkpt>
			<trkpt lat="49.195535" lon="20.276890">
				<ele>1061.000000</ele>
			</trkpt>
			<trkpt lat="49.195623" lon="20.276925">
				<ele>1062.000000</ele>
			</trkpt>
			<trkpt lat="49.195747" lon="20.276961">
				<ele>1063.000000</ele>
			</trkpt>
			<trkpt lat="49.195911" lon="20.276890">
				<ele>1065.000000</ele>
			</trkpt>
			<trkpt lat="49.196064" lon="20.276745">
				<ele>1066.000000</ele>
			</trkpt>
			<trkpt lat="49.196216" lon="20.276539">
				<ele>1068.000000</ele>
			</trkpt>
			<trkpt lat="49.196299" lon="20.276404">
				<ele>1069.000000</ele>
			</trkpt>
			<trkpt lat="49.196445" lon="20.276198">
				<ele>1071.000000</ele>
			</trkpt>
			<trkpt lat="49.196504" lon="20.276045">
				<ele>1072.000000</ele>
			</trkpt>
			<trkpt lat="49.196604" lon="20.275892">
				<ele>1073.000000</ele>
			</trkpt>
			<trkpt lat="49.196710" lon="20.275775">
				<ele>1074.000000</ele>
			</trkpt>
			<trkpt lat="49.196744" lon="20.275749">
				<ele>1074.000000</ele>
			</trkpt>
			<trkpt lat="49.196785" lon="20.275695">
				<ele>1075.000000</ele>
			</trkpt>
			<trkpt lat="49.196832" lon="20.275569">
				<ele>1075.000000</ele>
			</trkpt>
			<trkpt lat="49.196832" lon="20.275569">
				<ele>1075.000000</ele>
			</trkpt>
			<trkpt lat="49.196844" lon="20.275542">
				<ele>1076.000000</ele>
			</trkpt>
			<trkpt lat="49.196950" lon="20.275290">
				<ele>1077.000000</ele>
			</trkpt>
			<trkpt lat="49.197126" lon="20.274806">
				<ele>1080.000000</ele>
			</trkpt>
			<trkpt lat="49.197308" lon="20.274240">
				<ele>1085.000000</ele>
			</trkpt>
			<trkpt lat="49.197455" lon="20.273844">
				<ele>1088.000000</ele>
			</trkpt>
			<trkpt lat="49.197520" lon="20.273584">
				<ele>1091.000000</ele>
			</trkpt>
			<trkpt lat="49.197561" lon="20.273305">
				<ele>1093.000000</ele>
			</trkpt>
			<trkpt lat="49.197619" lon="20.273108">
				<ele>1095.000000</ele>
			</trkpt>
			<trkpt lat="49.197813" lon="20.272686">
				<ele>1100.000000</ele>
			</trkpt>
			<trkpt lat="49.197948" lon="20.272370">
				<ele>1103.000000</ele>
			</trkpt>
			<trkpt lat="49.198171" lon="20.272057">
				<ele>1106.000000</ele>
			</trkpt>
			<trkpt lat="49.198424" lon="20.271931">
				<ele>1109.000000</ele>
			</trkpt>
			<trkpt lat="49.198517" lon="20.271904">
				<ele>1111.000000</ele>
			</trkpt>
			<trkpt lat="49.198717" lon="20.271868">
				<ele>1114.000000</ele>
			</trkpt>
			<trkpt lat="49.198869" lon="20.271877">
				<ele>1116.000000</ele>
			</trkpt>
			<trkpt lat="49.198981" lon="20.271859">
				<ele>1118.000000</ele>
			</trkpt>
			<trkpt lat="49.199140" lon="20.271823">
				<ele>1120.000000</ele>
			</trkpt>
			<trkpt lat="49.199234" lon="20.271814">
				<ele>1121.000000</ele>
			</trkpt>
			<trkpt lat="49.199357" lon="20.271770">
				<ele>1123.000000</ele>
			</trkpt>
			<trkpt lat="49.199639" lon="20.271670">
				<ele>1127.000000</ele>
			</trkpt>
			<trkpt lat="49.199997" lon="20.271500">
				<ele>1131.000000</ele>
			</trkpt>
			<trkpt lat="49.200202" lon="20.271374">
				<ele>1134.000000</ele>
			</trkpt>
			<trkpt lat="49.200331" lon="20.271294">
				<ele>1135.000000</ele>
			</trkpt>
			<trkpt lat="49.200431" lon="20.271294">
				<ele>1136.000000</ele>
			</trkpt>
			<trkpt lat="49.200496" lon="20.271355">
				<ele>1137.000000</ele>
			</trkpt>
			<trkpt lat="49.200525" lon="20.271418">
				<ele>1138.000000</ele>
			</trkpt>
			<trkpt lat="49.200583" lon="20.271508">
				<ele>1139.000000</ele>
			</trkpt>
			<trkpt lat="49.200660" lon="20.271688">
				<ele>1140.000000</ele>
			</trkpt>
			<trkpt lat="49.200707" lon="20.271733">
				<ele>1141.000000</ele>
			</trkpt>
			<trkpt lat="49.200754" lon="20.271751">
				<ele>1141.000000</ele>
			</trkpt>
			<trkpt lat="49.200860" lon="20.271724">
				<ele>1142.000000</ele>
			</trkpt>
			<trkpt lat="49.200988" lon="20.271652">
				<ele>1144.000000</ele>
			</trkpt>
			<trkpt lat="49.201141" lon="20.271481">
				<ele>1146.000000</ele>
			</trkpt>
			<trkpt lat="49.201300" lon="20.271265">
				<ele>1148.000000</ele>
			</trkpt>
			<trkpt lat="49.201458" lon="20.271086">
				<ele>1150.000000</ele>
			</trkpt>
			<trkpt lat="49.201587" lon="20.270906">
				<ele>1153.000000</ele>
			</trkpt>
			<trkpt lat="49.201734" lon="20.270728">
				<ele>1155.000000</ele>
			</trkpt>
			<trkpt lat="49.201839" lon="20.270638">
				<ele>1156.000000</ele>
			</trkpt>
			<trkpt lat="49.201939" lon="20.270529">
				<ele>1158.000000</ele>
			</trkpt>
			<trkpt lat="49.202139" lon="20.270340">
				<ele>1160.000000</ele>
			</trkpt>
			<trkpt lat="49.202397" lon="20.270143">
				<ele>1163.000000</ele>
			</trkpt>
			<trkpt lat="49.202538" lon="20.269954">
				<ele>1165.000000</ele>
			</trkpt>
			<trkpt lat="49.202602" lon="20.269774">
				<ele>1166.000000</ele>
			</trkpt>
			<trkpt lat="49.202685" lon="20.269550">
				<ele>1167.000000</ele>
			</trkpt>
			<trkpt lat="49.202837" lon="20.269030">
				<ele>1171.000000</ele>
			</trkpt>
			<trkpt lat="49.202973" lon="20.268607">
				<ele>1175.000000</ele>
			</trkpt>
			<trkpt lat="49.203137" lon="20.268122">
				<ele>1180.000000</ele>
			</trkpt>
			<trkpt lat="49.203378" lon="20.267628">
				<ele>1184.000000</ele>
			</trkpt>
			<trkpt lat="49.203506" lon="20.267403">
				<ele>1186.000000</ele>
			</trkpt>
			<trkpt lat="49.203630" lon="20.267152">
				<ele>1188.000000</ele>
			</trkpt>
			<trkpt lat="49.203800" lon="20.266954">
				<ele>1190.000000</ele>
			</trkpt>
			<trkpt lat="49.204082" lon="20.266604">
				<ele>1192.000000</ele>
			</trkpt>
			<trkpt lat="49.204188" lon="20.266487">
				<ele>1193.000000</ele>
			</trkpt>
			<trkpt lat="49.204252" lon="20.266380">
				<ele>1194.000000</ele>
			</trkpt>
			<trkpt lat="49.204346" lon="20.266181">
				<ele>1195.000000</ele>
			</trkpt>
			<trkpt lat="49.204399" lon="20.266074">
				<ele>1195.000000</ele>
			</trkpt>
			<trkpt lat="49.204451" lon="20.265965">
				<ele>1196.000000</ele>
			</trkpt>
			<trkpt lat="49.204528" lon="20.265786">
				<ele>1197.000000</ele>
			</trkpt>
			<trkpt lat="49.204593" lon="20.265642">
				<ele>1198.000000</ele>
			</trkpt>
			<trkpt lat="49.204880" lon="20.264959">
				<ele>1201.000000</ele>
			</trkpt>
			<trkpt lat="49.204974" lon="20.264717">
				<ele>1202.000000</ele>
			</trkpt>
			<trkpt lat="49.205003" lon="20.264627">
				<ele>1203.000000</ele>
			</trkpt>
			<trkpt lat="49.205050" lon="20.264510">
				<ele>1204.000000</ele>
			</trkpt>
			<trkpt lat="49.205092" lon="20.264385">
				<ele>1204.000000</ele>
			</trkpt>
			<trkpt lat="49.205132" lon="20.264187">
				<ele>1205.000000</ele>
			</trkpt>
			<trkpt lat="49.205103" lon="20.264160">
				<ele>1205.000000</ele>
			</trkpt>
			<trkpt lat="49.205050" lon="20.264061">
				<ele>1206.000000</ele>
			</trkpt>
			<trkpt lat="49.204962" lon="20.263908">
				<ele>1207.000000</ele>
			</trkpt>
			<trkpt lat="49.204927" lon="20.263837">
				<ele>1207.000000</ele>
			</trkpt>
			<trkpt lat="49.204927" lon="20.263801">
				<ele>1207.000000</ele>
			</trkpt>
			<trkpt lat="49.204933" lon="20.263747">
				<ele>1208.000000</ele>
			</trkpt>
			<trkpt lat="49.204945" lon="20.263720">
				<ele>1208.000000</ele>
			</trkpt>
			<trkpt lat="49.204968" lon="20.263675">
				<ele>1208.000000</ele>
			</trkpt>
			<trkpt lat="49.205009" lon="20.263630">
				<ele>1208.000000</ele>
			</trkpt>
			<trkpt lat="49.205079" lon="20.263522">
				<ele>1209.000000</ele>
			</trkpt>
			<trkpt lat="49.205115" lon="20.263441">
				<ele>1210.000000</ele>
			</trkpt>
			<trkpt lat="49.205156" lon="20.263298">
				<ele>1210.000000</ele>
			</trkpt>
			<trkpt lat="49.205179" lon="20.263128">
				<ele>1212.000000</ele>
			</trkpt>
			<trkpt lat="49.205173" lon="20.263011">
				<ele>1213.000000</ele>
			</trkpt>
			<trkpt lat="49.205138" lon="20.262912">
				<ele>1215.000000</ele>
			</trkpt>
			<trkpt lat="49.205068" lon="20.262831">
				<ele>1216.000000</ele>
			</trkpt>
			<trkpt lat="49.204986" lon="20.262795">
				<ele>1217.000000</ele>
			</trkpt>
			<trkpt lat="49.204950" lon="20.262741">
				<ele>1218.000000</ele>
			</trkpt>
			<trkpt lat="49.204933" lon="20.262659">
				<ele>1219.000000</ele>
			</trkpt>
			<trkpt lat="49.204939" lon="20.262562">
				<ele>1220.000000</ele>
			</trkpt>
			<trkpt lat="49.204956" lon="20.262508">
				<ele>1220.000000</ele>
			</trkpt>
			<trkpt lat="49.205003" lon="20.262453">
				<ele>1221.000000</ele>
			</trkpt>
			<trkpt lat="49.205261" lon="20.262336">
				<ele>1223.000000</ele>
			</trkpt>
			<trkpt lat="49.205425" lon="20.262229">
				<ele>1224.000000</ele>
			</trkpt>
			<trkpt lat="49.205596" lon="20.262183">
				<ele>1226.000000</ele>
			</trkpt>
			<trkpt lat="49.205737" lon="20.262130">
				<ele>1227.000000</ele>
			</trkpt>
			<trkpt lat="49.205924" lon="20.262040">
				<ele>1228.000000</ele>
			</trkpt>
			<trkpt lat="49.206007" lon="20.261959">
				<ele>1229.000000</ele>
			</trkpt>
			<trkpt lat="49.206083" lon="20.261906">
				<ele>1230.000000</ele>
			</trkpt>
			<trkpt lat="49.206130" lon="20.261843">
				<ele>1230.000000</ele>
			</trkpt>
			<trkpt lat="49.206165" lon="20.261797">
				<ele>1231.000000</ele>
			</trkpt>
			<trkpt lat="49.206230" lon="20.261654">
				<ele>1233.000000</ele>
			</trkpt>
			<trkpt lat="49.206242" lon="20.261520">
				<ele>1234.000000</ele>
			</trkpt>
			<trkpt lat="49.206230" lon="20.261403">
				<ele>1235.000000</ele>
			</trkpt>
			<trkpt lat="49.206218" lon="20.261367">
				<ele>1235.000000</ele>
			</trkpt>
			<trkpt lat="49.206195" lon="20.261250">
				<ele>1236.000000</ele>
			</trkpt>
			<trkpt lat="49.206189" lon="20.261124">
				<ele>1237.000000</ele>
			</trkpt>
			<trkpt lat="49.206183" lon="20.261007">
				<ele>1238.000000</ele>
			</trkpt>
			<trkpt lat="49.206248" lon="20.260854">
				<ele>1240.000000</ele>
			</trkpt>
			<trkpt lat="49.206353" lon="20.260558">
				<ele>1241.000000</ele>
			</trkpt>
			<trkpt lat="49.206447" lon="20.260271">
				<ele>1243.000000</ele>
			</trkpt>
			<trkpt lat="49.206470" lon="20.260145">
				<ele>1244.000000</ele>
			</trkpt>
			<trkpt lat="49.206564" lon="20.259920">
				<ele>1245.000000</ele>
			</trkpt>
			<trkpt lat="49.206611" lon="20.259822">
				<ele>1245.000000</ele>
			</trkpt>
			<trkpt lat="49.206687" lon="20.259659">
				<ele>1246.000000</ele>
			</trkpt>
			<trkpt lat="49.206817" lon="20.259533">
				<ele>1247.000000</ele>
			</trkpt>
			<trkpt lat="49.206928" lon="20.259453">
				<ele>1248.000000</ele>
			</trkpt>
			<trkpt lat="49.207016" lon="20.259435">
				<ele>1249.000000</ele>
			</trkpt>
			<trkpt lat="49.207110" lon="20.259472">
				<ele>1250.000000</ele>
			</trkpt>
			<trkpt lat="49.207269" lon="20.259507">
				<ele>1251.000000</ele>
			</trkpt>
			<trkpt lat="49.207480" lon="20.259516">
				<ele>1252.000000</ele>
			</trkpt>
			<trkpt lat="49.207709" lon="20.259489">
				<ele>1254.000000</ele>
			</trkpt>
			<trkpt lat="49.207984" lon="20.259319">
				<ele>1256.000000</ele>
			</trkpt>
			<trkpt lat="49.208184" lon="20.259157">
				<ele>1258.000000</ele>
			</trkpt>
			<trkpt lat="49.208384" lon="20.259013">
				<ele>1260.000000</ele>
			</trkpt>
			<trkpt lat="49.208619" lon="20.258761">
				<ele>1260.000000</ele>
			</trkpt>
			<trkpt lat="49.208706" lon="20.258671">
				<ele>1260.000000</ele>
			</trkpt>
			<trkpt lat="49.208783" lon="20.258510">
				<ele>1260.000000</ele>
			</trkpt>
			<trkpt lat="49.209018" lon="20.258393">
				<ele>1260.000000</ele>
			</trkpt>
			<trkpt lat="49.209323" lon="20.258277">
				<ele>1260.000000</ele>
			</trkpt>
			<trkpt lat="49.209651" lon="20.258105">
				<ele>1260.000000</ele>
			</trkpt>
			<trkpt lat="49.209739" lon="20.258007">
				<ele>1260.000000</ele>
			</trkpt>
			<trkpt lat="49.209792" lon="20.257899">
				<ele>1260.000000</ele>
			</trkpt>
			<trkpt lat="49.209915" lon="20.257459">
				<ele>1262.000000</ele>
			</trkpt>
			<trkpt lat="49.209980" lon="20.257288">
				<ele>1263.000000</ele>
			</trkpt>
			<trkpt lat="49.210056" lon="20.257162">
				<ele>1264.000000</ele>
			</trkpt>
			<trkpt lat="49.210162" lon="20.257046">
				<ele>1265.000000</ele>
			</trkpt>
			<trkpt lat="49.210373" lon="20.256938">
				<ele>1267.000000</ele>
			</trkpt>
			<trkpt lat="49.210590" lon="20.256857">
				<ele>1268.000000</ele>
			</trkpt>
			<trkpt lat="49.210707" lon="20.256839">
				<ele>1269.000000</ele>
			</trkpt>
			<trkpt lat="49.210972" lon="20.256785">
				<ele>1271.000000</ele>
			</trkpt>
			<trkpt lat="49.211236" lon="20.256696">
				<ele>1273.000000</ele>
			</trkpt>
			<trkpt lat="49.211506" lon="20.256516">
				<ele>1275.000000</ele>
			</trkpt>
			<trkpt lat="49.211723" lon="20.256264">
				<ele>1276.000000</ele>
			</trkpt>
			<trkpt lat="49.211975" lon="20.256076">
				<ele>1278.000000</ele>
			</trkpt>
			<trkpt lat="49.212063" lon="20.255950">
				<ele>1279.000000</ele>
			</trkpt>
			<trkpt lat="49.212193" lon="20.255814">
				<ele>1280.000000</ele>
			</trkpt>
			<trkpt lat="49.212240" lon="20.255743">
				<ele>1281.000000</ele>
			</trkpt>
			<trkpt lat="49.212333" lon="20.255690">
				<ele>1282.000000</ele>
			</trkpt>
			<trkpt lat="49.212427" lon="20.255698">
				<ele>1283.000000</ele>
			</trkpt>
			<trkpt lat="49.212556" lon="20.255690">
				<ele>1284.000000</ele>
			</trkpt>
			<trkpt lat="49.212620" lon="20.255600">
				<ele>1285.000000</ele>
			</trkpt>
			<trkpt lat="49.212703" lon="20.255518">
				<ele>1286.000000</ele>
			</trkpt>
			<trkpt lat="49.212838" lon="20.255447">
				<ele>1288.000000</ele>
			</trkpt>
			<trkpt lat="49.212926" lon="20.255348">
				<ele>1289.000000</ele>
			</trkpt>
			<trkpt lat="49.212997" lon="20.255231">
				<ele>1290.000000</ele>
			</trkpt>
			<trkpt lat="49.213096" lon="20.255141">
				<ele>1291.000000</ele>
			</trkpt>
			<trkpt lat="49.213219" lon="20.255096">
				<ele>1293.000000</ele>
			</trkpt>
			<trkpt lat="49.213401" lon="20.255034">
				<ele>1295.000000</ele>
			</trkpt>
			<trkpt lat="49.213677" lon="20.255015">
				<ele>1298.000000</ele>
			</trkpt>
			<trkpt lat="49.213795" lon="20.255034">
				<ele>1299.000000</ele>
			</trkpt>
			<trkpt lat="49.213888" lon="20.255025">
				<ele>1300.000000</ele>
			</trkpt>
			<trkpt lat="49.214017" lon="20.254952">
				<ele>1302.000000</ele>
			</trkpt>
			<trkpt lat="49.214135" lon="20.254854">
				<ele>1303.000000</ele>
			</trkpt>
			<trkpt lat="49.214211" lon="20.254764">
				<ele>1304.000000</ele>
			</trkpt>
			<trkpt lat="49.214305" lon="20.254593">
				<ele>1306.000000</ele>
			</trkpt>
			<trkpt lat="49.214381" lon="20.254440">
				<ele>1308.000000</ele>
			</trkpt>
			<trkpt lat="49.214463" lon="20.254359">
				<ele>1309.000000</ele>
			</trkpt>
			<trkpt lat="49.214569" lon="20.254315">
				<ele>1310.000000</ele>
			</trkpt>
			<trkpt lat="49.214616" lon="20.254252">
				<ele>1311.000000</ele>
			</trkpt>
			<trkpt lat="49.214669" lon="20.254153">
				<ele>1312.000000</ele>
			</trkpt>
			<trkpt lat="49.214716" lon="20.253973">
				<ele>1313.000000</ele>
			</trkpt>
			<trkpt lat="49.214716" lon="20.253902">
				<ele>1314.000000</ele>
			</trkpt>
			<trkpt lat="49.214669" lon="20.253856">
				<ele>1314.000000</ele>
			</trkpt>
			<trkpt lat="49.214581" lon="20.253874">
				<ele>1315.000000</ele>
			</trkpt>
			<trkpt lat="49.214452" lon="20.253956">
				<ele>1317.000000</ele>
			</trkpt>
			<trkpt lat="49.214364" lon="20.253973">
				<ele>1318.000000</ele>
			</trkpt>
			<trkpt lat="49.214311" lon="20.253946">
				<ele>1318.000000</ele>
			</trkpt>
			<trkpt lat="49.214241" lon="20.253902">
				<ele>1319.000000</ele>
			</trkpt>
			<trkpt lat="49.214188" lon="20.253793">
				<ele>1320.000000</ele>
			</trkpt>
			<trkpt lat="49.214147" lon="20.253677">
				<ele>1321.000000</ele>
			</trkpt>
			<trkpt lat="49.214088" lon="20.253578">
				<ele>1322.000000</ele>
			</trkpt>
			<trkpt lat="49.214011" lon="20.253516">
				<ele>1323.000000</ele>
			</trkpt>
			<trkpt lat="49.213900" lon="20.253480">
				<ele>1325.000000</ele>
			</trkpt>
			<trkpt lat="49.213836" lon="20.253426">
				<ele>1325.000000</ele>
			</trkpt>
			<trkpt lat="49.213829" lon="20.253390">
				<ele>1326.000000</ele>
			</trkpt>
			<trkpt lat="49.213847" lon="20.253344">
				<ele>1326.000000</ele>
			</trkpt>
			<trkpt lat="49.213923" lon="20.253254">
				<ele>1327.000000</ele>
			</trkpt>
			<trkpt lat="49.214088" lon="20.253111">
				<ele>1329.000000</ele>
			</trkpt>
			<trkpt lat="49.214258" lon="20.253030">
				<ele>1331.000000</ele>
			</trkpt>
			<trkpt lat="49.214422" lon="20.252895">
				<ele>1333.000000</ele>
			</trkpt>
			<trkpt lat="49.214569" lon="20.252761">
				<ele>1335.000000</ele>
			</trkpt>
			<trkpt lat="49.214704" lon="20.252608">
				<ele>1337.000000</ele>
			</trkpt>
			<trkpt lat="49.214792" lon="20.252509">
				<ele>1339.000000</ele>
			</trkpt>
			<trkpt lat="49.214892" lon="20.252302">
				<ele>1341.000000</ele>
			</trkpt>
			<trkpt lat="49.215026" lon="20.252059">
				<ele>1343.000000</ele>
			</trkpt>
			<trkpt lat="49.215338" lon="20.251790">
				<ele>1347.000000</ele>
			</trkpt>
			<trkpt lat="49.215449" lon="20.251700">
				<ele>1349.000000</ele>
			</trkpt>
			<trkpt lat="49.215502" lon="20.251638">
				<ele>1349.000000</ele>
			</trkpt>
			<trkpt lat="49.215561" lon="20.251548">
				<ele>1350.000000</ele>
			</trkpt>
			<trkpt lat="49.215684" lon="20.251449">
				<ele>1352.000000</ele>
			</trkpt>
			<trkpt lat="49.215772" lon="20.251413">
				<ele>1353.000000</ele>
			</trkpt>
			<trkpt lat="49.215860" lon="20.251440">
				<ele>1354.000000</ele>
			</trkpt>
			<trkpt lat="49.215954" lon="20.251476">
				<ele>1355.000000</ele>
			</trkpt>
			<trkpt lat="49.216065" lon="20.251413">
				<ele>1356.000000</ele>
			</trkpt>
			<trkpt lat="49.216288" lon="20.251260">
				<ele>1359.000000</ele>
			</trkpt>
			<trkpt lat="49.216341" lon="20.251216">
				<ele>1360.000000</ele>
			</trkpt>
			<trkpt lat="49.216388" lon="20.251063">
				<ele>1361.000000</ele>
			</trkpt>
			<trkpt lat="49.216417" lon="20.250874">
				<ele>1362.000000</ele>
			</trkpt>
			<trkpt lat="49.216476" lon="20.250650">
				<ele>1364.000000</ele>
			</trkpt>
			<trkpt lat="49.216623" lon="20.250308">
				<ele>1367.000000</ele>
			</trkpt>
			<trkpt lat="49.216681" lon="20.250120">
				<ele>1368.000000</ele>
			</trkpt>
			<trkpt lat="49.216717" lon="20.249958">
				<ele>1370.000000</ele>
			</trkpt>
			<trkpt lat="49.216722" lon="20.249851">
				<ele>1370.000000</ele>
			</trkpt>
			<trkpt lat="49.216693" lon="20.249725">
				<ele>1371.000000</ele>
			</trkpt>
			<trkpt lat="49.216652" lon="20.249652">
				<ele>1372.000000</ele>
			</trkpt>
			<trkpt lat="49.216634" lon="20.249572">
				<ele>1373.000000</ele>
			</trkpt>
			<trkpt lat="49.216628" lon="20.249446">
				<ele>1374.000000</ele>
			</trkpt>
			<trkpt lat="49.216570" lon="20.249383">
				<ele>1375.000000</ele>
			</trkpt>
			<trkpt lat="49.216459" lon="20.249338">
				<ele>1376.000000</ele>
			</trkpt>
			<trkpt lat="49.216429" lon="20.249293">
				<ele>1376.000000</ele>
			</trkpt>
			<trkpt lat="49.216459" lon="20.249195">
				<ele>1377.000000</ele>
			</trkpt>
			<trkpt lat="49.216506" lon="20.249105">
				<ele>1378.000000</ele>
			</trkpt>
			<trkpt lat="49.216517" lon="20.249006">
				<ele>1379.000000</ele>
			</trkpt>
			<trkpt lat="49.216511" lon="20.248933">
				<ele>1380.000000</ele>
			</trkpt>
			<trkpt lat="49.216494" lon="20.248700">
				<ele>1381.000000</ele>
			</trkpt>
			<trkpt lat="49.216494" lon="20.248619">
				<ele>1382.000000</ele>
			</trkpt>
			<trkpt lat="49.216482" lon="20.248476">
				<ele>1383.000000</ele>
			</trkpt>
			<trkpt lat="49.216470" lon="20.248277">
				<ele>1384.000000</ele>
			</trkpt>
			<trkpt lat="49.216429" lon="20.248134">
				<ele>1385.000000</ele>
			</trkpt>
			<trkpt lat="49.216353" lon="20.248008">
				<ele>1387.000000</ele>
			</trkpt>
			<trkpt lat="49.216300" lon="20.247730">
				<ele>1389.000000</ele>
			</trkpt>
			<trkpt lat="49.216271" lon="20.247388">
				<ele>1391.000000</ele>
			</trkpt>
			<trkpt lat="49.216229" lon="20.247174">
				<ele>1393.000000</ele>
			</trkpt>
			<trkpt lat="49.216077" lon="20.246455">
				<ele>1398.000000</ele>
			</trkpt>
			<trkpt lat="49.215983" lon="20.246113">
				<ele>1401.000000</ele>
			</trkpt>
			<trkpt lat="49.215913" lon="20.245960">
				<ele>1403.000000</ele>
			</trkpt>
			<trkpt lat="49.215854" lon="20.245807">
				<ele>1404.000000</ele>
			</trkpt>
			<trkpt lat="49.215755" lon="20.245574">
				<ele>1406.000000</ele>
			</trkpt>
			<trkpt lat="49.215661" lon="20.245323">
				<ele>1409.000000</ele>
			</trkpt>
			<trkpt lat="49.215525" lon="20.245080">
				<ele>1411.000000</ele>
			</trkpt>
			<trkpt lat="49.215391" lon="20.244874">
				<ele>1413.000000</ele>
			</trkpt>
			<trkpt lat="49.215279" lon="20.244640">
				<ele>1415.000000</ele>
			</trkpt>
			<trkpt lat="49.215097" lon="20.244406">
				<ele>1417.000000</ele>
			</trkpt>
			<trkpt lat="49.214986" lon="20.244245">
				<ele>1419.000000</ele>
			</trkpt>
			<trkpt lat="49.214862" lon="20.243876">
				<ele>1421.000000</ele>
			</trkpt>
			<trkpt lat="49.214774" lon="20.243652">
				<ele>1423.000000</ele>
			</trkpt>
			<trkpt lat="49.214581" lon="20.243319">
				<ele>1426.000000</ele>
			</trkpt>
			<trkpt lat="49.214452" lon="20.242987">
				<ele>1429.000000</ele>
			</trkpt>
			<trkpt lat="49.214393" lon="20.242736">
				<ele>1431.000000</ele>
			</trkpt>
			<trkpt lat="49.214381" lon="20.242260">
				<ele>1434.000000</ele>
			</trkpt>
			<trkpt lat="49.214387" lon="20.241711">
				<ele>1437.000000</ele>
			</trkpt>
			<trkpt lat="49.214534" lon="20.241289">
				<ele>1440.000000</ele>
			</trkpt>
			<trkpt lat="49.214552" lon="20.241100">
				<ele>1441.000000</ele>
			</trkpt>
			<trkpt lat="49.214493" lon="20.240714">
				<ele>1443.000000</ele>
			</trkpt>
			<trkpt lat="49.214475" lon="20.240589">
				<ele>1444.000000</ele>
			</trkpt>
			<trkpt lat="49.214452" lon="20.240490">
				<ele>1444.000000</ele>
			</trkpt>
			<trkpt lat="49.214399" lon="20.240023">
				<ele>1447.000000</ele>
			</trkpt>
			<trkpt lat="49.214364" lon="20.239798">
				<ele>1448.000000</ele>
			</trkpt>
			<trkpt lat="49.214322" lon="20.239618">
				<ele>1449.000000</ele>
			</trkpt>
			<trkpt lat="49.214264" lon="20.239492">
				<ele>1450.000000</ele>
			</trkpt>
			<trkpt lat="49.214106" lon="20.239251">
				<ele>1451.000000</ele>
			</trkpt>
			<trkpt lat="49.214029" lon="20.239169">
				<ele>1452.000000</ele>
			</trkpt>
			<trkpt lat="49.213953" lon="20.239134">
				<ele>1453.000000</ele>
			</trkpt>
			<trkpt lat="49.213900" lon="20.239079">
				<ele>1453.000000</ele>
			</trkpt>
			<trkpt lat="49.213859" lon="20.238981">
				<ele>1454.000000</ele>
			</trkpt>
			<trkpt lat="49.213800" lon="20.238685">
				<ele>1455.000000</ele>
			</trkpt>
			<trkpt lat="49.213742" lon="20.238532">
				<ele>1456.000000</ele>
			</trkpt>
			<trkpt lat="49.213701" lon="20.238388">
				<ele>1457.000000</ele>
			</trkpt>
			<trkpt lat="49.213636" lon="20.238262">
				<ele>1457.000000</ele>
			</trkpt>
			<trkpt lat="49.213583" lon="20.238119">
				<ele>1458.000000</ele>
			</trkpt>
			<trkpt lat="49.213589" lon="20.237947">
				<ele>1459.000000</ele>
			</trkpt>
			<trkpt lat="49.213565" lon="20.237803">
				<ele>1460.000000</ele>
			</trkpt>
			<trkpt lat="49.213507" lon="20.237624">
				<ele>1461.000000</ele>
			</trkpt>
			<trkpt lat="49.213490" lon="20.237471">
				<ele>1462.000000</ele>
			</trkpt>
			<trkpt lat="49.213366" lon="20.237211">
				<ele>1463.000000</ele>
			</trkpt>
			<trkpt lat="49.213325" lon="20.236924">
				<ele>1465.000000</ele>
			</trkpt>
			<trkpt lat="49.213237" lon="20.236564">
				<ele>1467.000000</ele>
			</trkpt>
			<trkpt lat="49.213237" lon="20.236411">
				<ele>1468.000000</ele>
			</trkpt>
			<trkpt lat="49.213255" lon="20.236312">
				<ele>1469.000000</ele>
			</trkpt>
			<trkpt lat="49.213266" lon="20.236195">
				<ele>1469.000000</ele>
			</trkpt>
			<trkpt lat="49.213255" lon="20.236079">
				<ele>1470.000000</ele>
			</trkpt>
			<trkpt lat="49.213219" lon="20.235918">
				<ele>1471.000000</ele>
			</trkpt>
			<trkpt lat="49.213172" lon="20.235782">
				<ele>1472.000000</ele>
			</trkpt>
			<trkpt lat="49.213184" lon="20.235558">
				<ele>1473.000000</ele>
			</trkpt>
			<trkpt lat="49.213196" lon="20.235423">
				<ele>1474.000000</ele>
			</trkpt>
			<trkpt lat="49.213237" lon="20.235100">
				<ele>1476.000000</ele>
			</trkpt>
			<trkpt lat="49.213243" lon="20.234983">
				<ele>1476.000000</ele>
			</trkpt>
			<trkpt lat="49.213237" lon="20.234803">
				<ele>1477.000000</ele>
			</trkpt>
			<trkpt lat="49.213255" lon="20.234551">
				<ele>1479.000000</ele>
			</trkpt>
			<trkpt lat="49.213243" lon="20.234381">
				<ele>1480.000000</ele>
			</trkpt>
			<trkpt lat="49.213190" lon="20.234282">
				<ele>1481.000000</ele>
			</trkpt>
			<trkpt lat="49.213032" lon="20.234157">
				<ele>1482.000000</ele>
			</trkpt>
			<trkpt lat="49.212955" lon="20.233977">
				<ele>1483.000000</ele>
			</trkpt>
			<trkpt lat="49.212885" lon="20.233716">
				<ele>1485.000000</ele>
			</trkpt>
			<trkpt lat="49.212855" lon="20.233608">
				<ele>1486.000000</ele>
			</trkpt>
			<trkpt lat="49.212855" lon="20.233492">
				<ele>1486.000000</ele>
			</trkpt>
			<trkpt lat="49.212867" lon="20.233402">
				<ele>1487.000000</ele>
			</trkpt>
			<trkpt lat="49.212897" lon="20.233268">
				<ele>1488.000000</ele>
			</trkpt>
			<trkpt lat="49.212944" lon="20.233142">
				<ele>1489.000000</ele>
			</trkpt>
			<trkpt lat="49.213025" lon="20.233006">
				<ele>1490.000000</ele>
			</trkpt>
			<trkpt lat="49.213061" lon="20.232899">
				<ele>1490.000000</ele>
			</trkpt>
			<trkpt lat="49.213078" lon="20.232702">
				<ele>1492.000000</ele>
			</trkpt>
			<trkpt lat="49.213072" lon="20.232540">
				<ele>1493.000000</ele>
			</trkpt>
			<trkpt lat="49.213038" lon="20.232387">
				<ele>1494.000000</ele>
			</trkpt>
			<trkpt lat="49.212950" lon="20.232226">
				<ele>1495.000000</ele>
			</trkpt>
			<trkpt lat="49.212803" lon="20.231974">
				<ele>1497.000000</ele>
			</trkpt>
			<trkpt lat="49.212545" lon="20.231740">
				<ele>1500.000000</ele>
			</trkpt>
			<trkpt lat="49.212451" lon="20.231632">
				<ele>1500.000000</ele>
			</trkpt>
			<trkpt lat="49.212368" lon="20.231498">
				<ele>1501.000000</ele>
			</trkpt>
			<trkpt lat="49.212292" lon="20.231390">
				<ele>1502.000000</ele>
			</trkpt>
			<trkpt lat="49.212022" lon="20.231182">
				<ele>1503.000000</ele>
			</trkpt>
			<trkpt lat="49.211975" lon="20.231121">
				<ele>1504.000000</ele>
			</trkpt>
			<trkpt lat="49.211940" lon="20.231031">
				<ele>1504.000000</ele>
			</trkpt>
			<trkpt lat="49.211893" lon="20.230905">
				<ele>1504.000000</ele>
			</trkpt>
			<trkpt lat="49.211846" lon="20.230716">
				<ele>1505.000000</ele>
			</trkpt>
			<trkpt lat="49.211811" lon="20.230563">
				<ele>1506.000000</ele>
			</trkpt>
			<trkpt lat="49.211811" lon="20.230500">
				<ele>1506.000000</ele>
			</trkpt>
			<trkpt lat="49.211823" lon="20.230446">
				<ele>1506.000000</ele>
			</trkpt>
			<trkpt lat="49.211840" lon="20.230402">
				<ele>1506.000000</ele>
			</trkpt>
			<trkpt lat="49.211882" lon="20.230339">
				<ele>1507.000000</ele>
			</trkpt>
			<trkpt lat="49.211911" lon="20.230249">
				<ele>1507.000000</ele>
			</trkpt>
			<trkpt lat="49.211958" lon="20.230024">
				<ele>1508.000000</ele>
			</trkpt>
			<trkpt lat="49.212005" lon="20.229872">
				<ele>1508.000000</ele>
			</trkpt>
			<trkpt lat="49.212052" lon="20.229764">
				<ele>1509.000000</ele>
			</trkpt>
			<trkpt lat="49.212099" lon="20.229656">
				<ele>1509.000000</ele>
			</trkpt>
			<trkpt lat="49.212122" lon="20.229530">
				<ele>1510.000000</ele>
			</trkpt>
			<trkpt lat="49.212146" lon="20.229431">
				<ele>1510.000000</ele>
			</trkpt>
			<trkpt lat="49.212163" lon="20.229333">
				<ele>1511.000000</ele>
			</trkpt>
			<trkpt lat="49.212146" lon="20.229251">
				<ele>1511.000000</ele>
			</trkpt>
			<trkpt lat="49.212104" lon="20.229216">
				<ele>1511.000000</ele>
			</trkpt>
			<trkpt lat="49.211993" lon="20.229135">
				<ele>1512.000000</ele>
			</trkpt>
			<trkpt lat="49.211840" lon="20.229000">
				<ele>1513.000000</ele>
			</trkpt>
			<trkpt lat="49.211694" lon="20.228865">
				<ele>1514.000000</ele>
			</trkpt>
			<trkpt lat="49.211635" lon="20.228830">
				<ele>1514.000000</ele>
			</trkpt>
			<trkpt lat="49.211558" lon="20.228848">
				<ele>1515.000000</ele>
			</trkpt>
			<trkpt lat="49.211453" lon="20.228857">
				<ele>1515.000000</ele>
			</trkpt>
			<trkpt lat="49.211394" lon="20.228838">
				<ele>1516.000000</ele>
			</trkpt>
			<trkpt lat="49.211365" lon="20.228811">
				<ele>1516.000000</ele>
			</trkpt>
			<trkpt lat="49.211295" lon="20.228677">
				<ele>1516.000000</ele>
			</trkpt>
			<trkpt lat="49.211253" lon="20.228622">
				<ele>1517.000000</ele>
			</trkpt>
			<trkpt lat="49.211195" lon="20.228561">
				<ele>1517.000000</ele>
			</trkpt>
			<trkpt lat="49.211142" lon="20.228515">
				<ele>1518.000000</ele>
			</trkpt>
			<trkpt lat="49.211037" lon="20.228471">
				<ele>1518.000000</ele>
			</trkpt>
			<trkpt lat="49.210995" lon="20.228444">
				<ele>1518.000000</ele>
			</trkpt>
			<trkpt lat="49.210972" lon="20.228371">
				<ele>1519.000000</ele>
			</trkpt>
			<trkpt lat="49.210954" lon="20.228192">
				<ele>1519.000000</ele>
			</trkpt>
			<trkpt lat="49.210966" lon="20.228048">
				<ele>1520.000000</ele>
			</trkpt>
			<trkpt lat="49.210978" lon="20.227958">
				<ele>1520.000000</ele>
			</trkpt>
			<trkpt lat="49.211001" lon="20.227886">
				<ele>1520.000000</ele>
			</trkpt>
			<trkpt lat="49.211042" lon="20.227823">
				<ele>1521.000000</ele>
			</trkpt>
			<trkpt lat="49.211112" lon="20.227706">
				<ele>1522.000000</ele>
			</trkpt>
			<trkpt lat="49.211259" lon="20.227527">
				<ele>1523.000000</ele>
			</trkpt>
			<trkpt lat="49.211295" lon="20.227464">
				<ele>1523.000000</ele>
			</trkpt>
			<trkpt lat="49.211312" lon="20.227392">
				<ele>1523.000000</ele>
			</trkpt>
			<trkpt lat="49.211306" lon="20.227257">
				<ele>1524.000000</ele>
			</trkpt>
			<trkpt lat="49.211171" lon="20.226790">
				<ele>1526.000000</ele>
			</trkpt>
			<trkpt lat="49.211065" lon="20.226611">
				<ele>1527.000000</ele>
			</trkpt>
			<trkpt lat="49.210866" lon="20.226135">
				<ele>1530.000000</ele>
			</trkpt>
			<trkpt lat="49.210702" lon="20.225794">
				<ele>1531.000000</ele>
			</trkpt>
			<trkpt lat="49.210626" lon="20.225641">
				<ele>1532.000000</ele>
			</trkpt>
			<trkpt lat="49.210579" lon="20.225506">
				<ele>1533.000000</ele>
			</trkpt>
			<trkpt lat="49.210549" lon="20.225308">
				<ele>1534.000000</ele>
			</trkpt>
			<trkpt lat="49.210508" lon="20.225173">
				<ele>1534.000000</ele>
			</trkpt>
			<trkpt lat="49.210485" lon="20.225029">
				<ele>1535.000000</ele>
			</trkpt>
			<trkpt lat="49.210473" lon="20.224840">
				<ele>1536.000000</ele>
			</trkpt>
			<trkpt lat="49.210479" lon="20.224599">
				<ele>1537.000000</ele>
			</trkpt>
			<trkpt lat="49.210467" lon="20.224364">
				<ele>1538.000000</ele>
			</trkpt>
			<trkpt lat="49.210449" lon="20.224266">
				<ele>1538.000000</ele>
			</trkpt>
			<trkpt lat="49.210408" lon="20.224213">
				<ele>1539.000000</ele>
			</trkpt>
			<trkpt lat="49.210327" lon="20.224096">
				<ele>1539.000000</ele>
			</trkpt>
			<trkpt lat="49.210274" lon="20.224014">
				<ele>1540.000000</ele>
			</trkpt>
			<trkpt lat="49.210233" lon="20.223916">
				<ele>1540.000000</ele>
			</trkpt>
			<trkpt lat="49.210209" lon="20.223853">
				<ele>1541.000000</ele>
			</trkpt>
			<trkpt lat="49.210168" lon="20.223708">
				<ele>1541.000000</ele>
			</trkpt>
			<trkpt lat="49.210150" lon="20.223611">
				<ele>1542.000000</ele>
			</trkpt>
			<trkpt lat="49.210156" lon="20.223502">
				<ele>1542.000000</ele>
			</trkpt>
			<trkpt lat="49.210168" lon="20.223404">
				<ele>1542.000000</ele>
			</trkpt>
			<trkpt lat="49.210174" lon="20.223179">
				<ele>1543.000000</ele>
			</trkpt>
			<trkpt lat="49.210180" lon="20.223089">
				<ele>1544.000000</ele>
			</trkpt>
			<trkpt lat="49.210180" lon="20.222982">
				<ele>1544.000000</ele>
			</trkpt>
			<trkpt lat="49.210162" lon="20.222909">
				<ele>1544.000000</ele>
			</trkpt>
			<trkpt lat="49.210127" lon="20.222846">
				<ele>1545.000000</ele>
			</trkpt>
			<trkpt lat="49.210074" lon="20.222766">
				<ele>1545.000000</ele>
			</trkpt>
			<trkpt lat="49.210033" lon="20.222695">
				<ele>1545.000000</ele>
			</trkpt>
			<trkpt lat="49.210003" lon="20.222658">
				<ele>1546.000000</ele>
			</trkpt>
			<trkpt lat="49.209980" lon="20.222613">
				<ele>1546.000000</ele>
			</trkpt>
			<trkpt lat="49.209980" lon="20.222542">
				<ele>1546.000000</ele>
			</trkpt>
			<trkpt lat="49.209968" lon="20.222425">
				<ele>1547.000000</ele>
			</trkpt>
			<trkpt lat="49.209956" lon="20.222326">
				<ele>1547.000000</ele>
			</trkpt>
			<trkpt lat="49.209933" lon="20.222253">
				<ele>1547.000000</ele>
			</trkpt>
			<trkpt lat="49.209922" lon="20.222163">
				<ele>1548.000000</ele>
			</trkpt>
			<trkpt lat="49.209909" lon="20.222083">
				<ele>1548.000000</ele>
			</trkpt>
			<trkpt lat="49.209892" lon="20.221903">
				<ele>1549.000000</ele>
			</trkpt>
			<trkpt lat="49.209880" lon="20.221840">
				<ele>1549.000000</ele>
			</trkpt>
			<trkpt lat="49.209845" lon="20.221742">
				<ele>1549.000000</ele>
			</trkpt>
			<trkpt lat="49.209816" lon="20.221687">
				<ele>1550.000000</ele>
			</trkpt>
			<trkpt lat="49.209786" lon="20.221624">
				<ele>1550.000000</ele>
			</trkpt>
			<trkpt lat="49.209798" lon="20.221598">
				<ele>1550.000000</ele>
			</trkpt>
			<trkpt lat="49.209822" lon="20.221553">
				<ele>1550.000000</ele>
			</trkpt>
			<trkpt lat="49.209880" lon="20.221454">
				<ele>1550.000000</ele>
			</trkpt>
			<trkpt lat="49.209892" lon="20.221400">
				<ele>1550.000000</ele>
			</trkpt>
			<trkpt lat="49.209892" lon="20.221356">
				<ele>1550.000000</ele>
			</trkpt>
			<trkpt lat="49.209875" lon="20.221284">
				<ele>1550.000000</ele>
			</trkpt>
			<trkpt lat="49.209863" lon="20.221238">
				<ele>1550.000000</ele>
			</trkpt>
			<trkpt lat="49.209863" lon="20.221184">
				<ele>1550.000000</ele>
			</trkpt>
			<trkpt lat="49.209875" lon="20.221140">
				<ele>1550.000000</ele>
			</trkpt>
			<trkpt lat="49.209886" lon="20.221121">
				<ele>1550.000000</ele>
			</trkpt>
			<trkpt lat="49.209903" lon="20.221158">
				<ele>1550.000000</ele>
			</trkpt>
			<trkpt lat="49.209927" lon="20.221238">
				<ele>1550.000000</ele>
			</trkpt>
			<trkpt lat="49.209974" lon="20.221293">
				<ele>1550.000000</ele>
			</trkpt>
			<trkpt lat="49.210021" lon="20.221328">
				<ele>1550.000000</ele>
			</trkpt>
			<trkpt lat="49.210044" lon="20.221311">
				<ele>1550.000000</ele>
			</trkpt>
			<trkpt lat="49.210091" lon="20.221311">
				<ele>1550.000000</ele>
			</trkpt>
			<trkpt lat="49.210138" lon="20.221356">
				<ele>1550.000000</ele>
			</trkpt>
			<trkpt lat="49.210168" lon="20.221337">
				<ele>1550.000000</ele>
			</trkpt>
			<trkpt lat="49.210209" lon="20.221311">
				<ele>1550.000000</ele>
			</trkpt>
			<trkpt lat="49.210303" lon="20.221203">
				<ele>1550.000000</ele>
			</trkpt>
			<trkpt lat="49.210314" lon="20.221140">
				<ele>1550.000000</ele>
			</trkpt>
			<trkpt lat="49.210297" lon="20.221050">
				<ele>1550.000000</ele>
			</trkpt>
			<trkpt lat="49.210174" lon="20.220942">
				<ele>1550.000000</ele>
			</trkpt>
			<trkpt lat="49.210174" lon="20.220942">
				<ele>1550.000000</ele>
			</trkpt>
			<trkpt lat="49.210297" lon="20.221050">
				<ele>1550.000000</ele>
			</trkpt>
			<trkpt lat="49.210314" lon="20.221140">
				<ele>1550.000000</ele>
			</trkpt>
			<trkpt lat="49.210303" lon="20.221203">
				<ele>1550.000000</ele>
			</trkpt>
			<trkpt lat="49.210209" lon="20.221311">
				<ele>1550.000000</ele>
			</trkpt>
			<trkpt lat="49.210168" lon="20.221337">
				<ele>1550.000000</ele>
			</trkpt>
			<trkpt lat="49.210138" lon="20.221356">
				<ele>1550.000000</ele>
			</trkpt>
			<trkpt lat="49.210091" lon="20.221311">
				<ele>1550.000000</ele>
			</trkpt>
			<trkpt lat="49.210044" lon="20.221311">
				<ele>1550.000000</ele>
			</trkpt>
			<trkpt lat="49.210021" lon="20.221328">
				<ele>1550.000000</ele>
			</trkpt>
			<trkpt lat="49.209974" lon="20.221293">
				<ele>1550.000000</ele>
			</trkpt>
			<trkpt lat="49.209927" lon="20.221238">
				<ele>1550.000000</ele>
			</trkpt>
			<trkpt lat="49.209903" lon="20.221158">
				<ele>1550.000000</ele>
			</trkpt>
			<trkpt lat="49.209886" lon="20.221121">
				<ele>1550.000000</ele>
			</trkpt>
			<trkpt lat="49.209875" lon="20.221140">
				<ele>1550.000000</ele>
			</trkpt>
			<trkpt lat="49.209863" lon="20.221184">
				<ele>1550.000000</ele>
			</trkpt>
			<trkpt lat="49.209863" lon="20.221238">
				<ele>1550.000000</ele>
			</trkpt>
			<trkpt lat="49.209875" lon="20.221284">
				<ele>1550.000000</ele>
			</trkpt>
			<trkpt lat="49.209892" lon="20.221356">
				<ele>1550.000000</ele>
			</trkpt>
			<trkpt lat="49.209892" lon="20.221400">
				<ele>1550.000000</ele>
			</trkpt>
			<trkpt lat="49.209880" lon="20.221454">
				<ele>1550.000000</ele>
			</trkpt>
			<trkpt lat="49.209822" lon="20.221553">
				<ele>1550.000000</ele>
			</trkpt>
			<trkpt lat="49.209798" lon="20.221598">
				<ele>1550.000000</ele>
			</trkpt>
			<trkpt lat="49.209786" lon="20.221624">
				<ele>1550.000000</ele>
			</trkpt>
			<trkpt lat="49.209739" lon="20.221598">
				<ele>1550.000000</ele>
			</trkpt>
			<trkpt lat="49.209704" lon="20.221571">
				<ele>1550.000000</ele>
			</trkpt>
			<trkpt lat="49.209645" lon="20.221571">
				<ele>1550.000000</ele>
			</trkpt>
			<trkpt lat="49.209557" lon="20.221590">
				<ele>1550.000000</ele>
			</trkpt>
			<trkpt lat="49.209523" lon="20.221616">
				<ele>1550.000000</ele>
			</trkpt>
			<trkpt lat="49.209499" lon="20.221634">
				<ele>1550.000000</ele>
			</trkpt>
			<trkpt lat="49.209464" lon="20.221706">
				<ele>1550.000000</ele>
			</trkpt>
			<trkpt lat="49.209399" lon="20.221813">
				<ele>1550.000000</ele>
			</trkpt>
			<trkpt lat="49.209346" lon="20.221813">
				<ele>1550.000000</ele>
			</trkpt>
			<trkpt lat="49.209270" lon="20.221813">
				<ele>1551.000000</ele>
			</trkpt>
			<trkpt lat="49.209235" lon="20.221804">
				<ele>1551.000000</ele>
			</trkpt>
			<trkpt lat="49.209135" lon="20.221697">
				<ele>1552.000000</ele>
			</trkpt>
			<trkpt lat="49.208935" lon="20.221490">
				<ele>1555.000000</ele>
			</trkpt>
			<trkpt lat="49.208847" lon="20.221418">
				<ele>1556.000000</ele>
			</trkpt>
			<trkpt lat="49.208794" lon="20.221383">
				<ele>1557.000000</ele>
			</trkpt>
			<trkpt lat="49.208719" lon="20.221347">
				<ele>1557.000000</ele>
			</trkpt>
			<trkpt lat="49.208666" lon="20.221311">
				<ele>1558.000000</ele>
			</trkpt>
			<trkpt lat="49.208636" lon="20.221320">
				<ele>1558.000000</ele>
			</trkpt>
			<trkpt lat="49.208613" lon="20.221337">
				<ele>1559.000000</ele>
			</trkpt>
			<trkpt lat="49.208519" lon="20.221418">
				<ele>1560.000000</ele>
			</trkpt>
			<trkpt lat="49.208442" lon="20.221508">
				<ele>1561.000000</ele>
			</trkpt>
			<trkpt lat="49.208425" lon="20.221563">
				<ele>1561.000000</ele>
			</trkpt>
			<trkpt lat="49.208413" lon="20.221624">
				<ele>1562.000000</ele>
			</trkpt>
			<trkpt lat="49.208407" lon="20.221724">
				<ele>1563.000000</ele>
			</trkpt>
			<trkpt lat="49.208401" lon="20.221777">
				<ele>1563.000000</ele>
			</trkpt>
			<trkpt lat="49.208337" lon="20.221877">
				<ele>1564.000000</ele>
			</trkpt>
			<trkpt lat="49.208295" lon="20.221922">
				<ele>1565.000000</ele>
			</trkpt>
			<trkpt lat="49.208255" lon="20.221930">
				<ele>1565.000000</ele>
			</trkpt>
			<trkpt lat="49.208214" lon="20.221957">
				<ele>1566.000000</ele>
			</trkpt>
			<trkpt lat="49.208202" lon="20.222012">
				<ele>1566.000000</ele>
			</trkpt>
			<trkpt lat="49.208214" lon="20.222056">
				<ele>1567.000000</ele>
			</trkpt>
			<trkpt lat="49.208237" lon="20.222163">
				<ele>1568.000000</ele>
			</trkpt>
			<trkpt lat="49.208272" lon="20.222326">
				<ele>1569.000000</ele>
			</trkpt>
			<trkpt lat="49.208314" lon="20.222452">
				<ele>1570.000000</ele>
			</trkpt>
			<trkpt lat="49.208366" lon="20.222649">
				<ele>1572.000000</ele>
			</trkpt>
			<trkpt lat="49.208360" lon="20.222721">
				<ele>1572.000000</ele>
			</trkpt>
			<trkpt lat="49.208301" lon="20.222811">
				<ele>1573.000000</ele>
			</trkpt>
			<trkpt lat="49.208267" lon="20.222856">
				<ele>1574.000000</ele>
			</trkpt>
			<trkpt lat="49.208225" lon="20.222846">
				<ele>1575.000000</ele>
			</trkpt>
			<trkpt lat="49.208184" lon="20.222802">
				<ele>1575.000000</ele>
			</trkpt>
			<trkpt lat="49.208126" lon="20.222729">
				<ele>1576.000000</ele>
			</trkpt>
			<trkpt lat="49.208079" lon="20.222703">
				<ele>1577.000000</ele>
			</trkpt>
			<trkpt lat="49.208032" lon="20.222703">
				<ele>1577.000000</ele>
			</trkpt>
			<trkpt lat="49.208008" lon="20.222712">
				<ele>1577.000000</ele>
			</trkpt>
			<trkpt lat="49.207961" lon="20.222712">
				<ele>1578.000000</ele>
			</trkpt>
			<trkpt lat="49.207826" lon="20.222685">
				<ele>1580.000000</ele>
			</trkpt>
			<trkpt lat="49.207715" lon="20.222658">
				<ele>1580.000000</ele>
			</trkpt>
			<trkpt lat="49.207679" lon="20.222666">
				<ele>1580.000000</ele>
			</trkpt>
			<trkpt lat="49.207662" lon="20.222721">
				<ele>1579.000000</ele>
			</trkpt>
			<trkpt lat="49.207632" lon="20.222819">
				<ele>1579.000000</ele>
			</trkpt>
			<trkpt lat="49.207609" lon="20.222999">
				<ele>1579.000000</ele>
			</trkpt>
			<trkpt lat="49.207556" lon="20.223098">
				<ele>1579.000000</ele>
			</trkpt>
			<trkpt lat="49.207480" lon="20.223161">
				<ele>1578.000000</ele>
			</trkpt>
			<trkpt lat="49.207451" lon="20.223224">
				<ele>1578.000000</ele>
			</trkpt>
			<trkpt lat="49.207416" lon="20.223358">
				<ele>1578.000000</ele>
			</trkpt>
			<trkpt lat="49.207404" lon="20.223431">
				<ele>1578.000000</ele>
			</trkpt>
			<trkpt lat="49.207410" lon="20.223494">
				<ele>1577.000000</ele>
			</trkpt>
			<trkpt lat="49.207451" lon="20.223584">
				<ele>1577.000000</ele>
			</trkpt>
			<trkpt lat="49.207480" lon="20.223655">
				<ele>1577.000000</ele>
			</trkpt>
			<trkpt lat="49.207497" lon="20.223826">
				<ele>1577.000000</ele>
			</trkpt>
			<trkpt lat="49.207497" lon="20.223934">
				<ele>1576.000000</ele>
			</trkpt>
			<trkpt lat="49.207521" lon="20.224014">
				<ele>1576.000000</ele>
			</trkpt>
			<trkpt lat="49.207562" lon="20.224077">
				<ele>1576.000000</ele>
			</trkpt>
			<trkpt lat="49.207621" lon="20.224113">
				<ele>1576.000000</ele>
			</trkpt>
			<trkpt lat="49.207674" lon="20.224167">
				<ele>1576.000000</ele>
			</trkpt>
			<trkpt lat="49.207750" lon="20.224213">
				<ele>1575.000000</ele>
			</trkpt>
			<trkpt lat="49.207773" lon="20.224257">
				<ele>1575.000000</ele>
			</trkpt>
			<trkpt lat="49.207820" lon="20.224383">
				<ele>1575.000000</ele>
			</trkpt>
			<trkpt lat="49.207843" lon="20.224446">
				<ele>1575.000000</ele>
			</trkpt>
			<trkpt lat="49.207909" lon="20.224580">
				<ele>1574.000000</ele>
			</trkpt>
			<trkpt lat="49.207932" lon="20.224599">
				<ele>1574.000000</ele>
			</trkpt>
			<trkpt lat="49.207949" lon="20.224607">
				<ele>1574.000000</ele>
			</trkpt>
			<trkpt lat="49.207973" lon="20.224616">
				<ele>1574.000000</ele>
			</trkpt>
			<trkpt lat="49.207990" lon="20.224626">
				<ele>1574.000000</ele>
			</trkpt>
			<trkpt lat="49.208008" lon="20.224662">
				<ele>1574.000000</ele>
			</trkpt>
			<trkpt lat="49.208020" lon="20.224689">
				<ele>1574.000000</ele>
			</trkpt>
			<trkpt lat="49.208079" lon="20.224814">
				<ele>1574.000000</ele>
			</trkpt>
			<trkpt lat="49.208090" lon="20.224886">
				<ele>1573.000000</ele>
			</trkpt>
			<trkpt lat="49.208149" lon="20.225003">
				<ele>1573.000000</ele>
			</trkpt>
			<trkpt lat="49.208214" lon="20.225129">
				<ele>1573.000000</ele>
			</trkpt>
			<trkpt lat="49.208243" lon="20.225299">
				<ele>1572.000000</ele>
			</trkpt>
			<trkpt lat="49.208272" lon="20.225416">
				<ele>1572.000000</ele>
			</trkpt>
			<trkpt lat="49.208325" lon="20.225569">
				<ele>1572.000000</ele>
			</trkpt>
			<trkpt lat="49.208366" lon="20.225632">
				<ele>1572.000000</ele>
			</trkpt>
			<trkpt lat="49.208384" lon="20.225676">
				<ele>1571.000000</ele>
			</trkpt>
			<trkpt lat="49.208413" lon="20.225802">
				<ele>1571.000000</ele>
			</trkpt>
			<trkpt lat="49.208425" lon="20.225892">
				<ele>1571.000000</ele>
			</trkpt>
			<trkpt lat="49.208466" lon="20.226000">
				<ele>1571.000000</ele>
			</trkpt>
			<trkpt lat="49.208501" lon="20.226062">
				<ele>1571.000000</ele>
			</trkpt>
			<trkpt lat="49.208507" lon="20.226098">
				<ele>1570.000000</ele>
			</trkpt>
			<trkpt lat="49.208501" lon="20.226135">
				<ele>1570.000000</ele>
			</trkpt>
			<trkpt lat="49.208466" lon="20.226171">
				<ele>1570.000000</ele>
			</trkpt>
			<trkpt lat="49.208378" lon="20.226287">
				<ele>1570.000000</ele>
			</trkpt>
			<trkpt lat="49.208354" lon="20.226332">
				<ele>1570.000000</ele>
			</trkpt>
			<trkpt lat="49.208342" lon="20.226413">
				<ele>1570.000000</ele>
			</trkpt>
			<trkpt lat="49.208354" lon="20.226476">
				<ele>1570.000000</ele>
			</trkpt>
			<trkpt lat="49.208354" lon="20.226538">
				<ele>1570.000000</ele>
			</trkpt>
			<trkpt lat="49.208337" lon="20.226601">
				<ele>1570.000000</ele>
			</trkpt>
			<trkpt lat="49.208319" lon="20.226664">
				<ele>1570.000000</ele>
			</trkpt>
			<trkpt lat="49.208325" lon="20.226754">
				<ele>1571.000000</ele>
			</trkpt>
			<trkpt lat="49.208325" lon="20.226817">
				<ele>1572.000000</ele>
			</trkpt>
			<trkpt lat="49.208267" lon="20.226916">
				<ele>1573.000000</ele>
			</trkpt>
			<trkpt lat="49.208237" lon="20.227014">
				<ele>1574.000000</ele>
			</trkpt>
			<trkpt lat="49.208220" lon="20.227257">
				<ele>1576.000000</ele>
			</trkpt>
			<trkpt lat="49.208237" lon="20.227339">
				<ele>1577.000000</ele>
			</trkpt>
			<trkpt lat="49.208272" lon="20.227429">
				<ele>1578.000000</ele>
			</trkpt>
			<trkpt lat="49.208290" lon="20.227536">
				<ele>1579.000000</ele>
			</trkpt>
			<trkpt lat="49.208272" lon="20.227976">
				<ele>1585.000000</ele>
			</trkpt>
			<trkpt lat="49.208272" lon="20.228084">
				<ele>1586.000000</ele>
			</trkpt>
			<trkpt lat="49.208278" lon="20.228192">
				<ele>1588.000000</ele>
			</trkpt>
			<trkpt lat="49.208295" lon="20.228282">
				<ele>1589.000000</ele>
			</trkpt>
			<trkpt lat="49.208307" lon="20.228335">
				<ele>1590.000000</ele>
			</trkpt>
			<trkpt lat="49.208290" lon="20.228524">
				<ele>1593.000000</ele>
			</trkpt>
			<trkpt lat="49.208278" lon="20.228587">
				<ele>1594.000000</ele>
			</trkpt>
			<trkpt lat="49.208231" lon="20.228677">
				<ele>1595.000000</ele>
			</trkpt>
			<trkpt lat="49.208167" lon="20.228740">
				<ele>1597.000000</ele>
			</trkpt>
			<trkpt lat="49.208137" lon="20.228802">
				<ele>1598.000000</ele>
			</trkpt>
			<trkpt lat="49.208073" lon="20.228848">
				<ele>1600.000000</ele>
			</trkpt>
			<trkpt lat="49.208014" lon="20.228920">
				<ele>1602.000000</ele>
			</trkpt>
			<trkpt lat="49.207920" lon="20.228974">
				<ele>1604.000000</ele>
			</trkpt>
			<trkpt lat="49.207920" lon="20.229018">
				<ele>1605.000000</ele>
			</trkpt>
			<trkpt lat="49.207926" lon="20.229054">
				<ele>1605.000000</ele>
			</trkpt>
			<trkpt lat="49.207984" lon="20.229243">
				<ele>1609.000000</ele>
			</trkpt>
			<trkpt lat="49.208032" lon="20.229477">
				<ele>1612.000000</ele>
			</trkpt>
			<trkpt lat="49.208020" lon="20.229566">
				<ele>1612.000000</ele>
			</trkpt>
			<trkpt lat="49.208090" lon="20.229863">
				<ele>1616.000000</ele>
			</trkpt>
			<trkpt lat="49.208161" lon="20.230222">
				<ele>1619.000000</ele>
			</trkpt>
			<trkpt lat="49.208161" lon="20.230402">
				<ele>1621.000000</ele>
			</trkpt>
			<trkpt lat="49.208178" lon="20.230545">
				<ele>1622.000000</ele>
			</trkpt>
			<trkpt lat="49.208225" lon="20.230645">
				<ele>1623.000000</ele>
			</trkpt>
			<trkpt lat="49.208225" lon="20.230698">
				<ele>1623.000000</ele>
			</trkpt>
			<trkpt lat="49.208178" lon="20.230824">
				<ele>1624.000000</ele>
			</trkpt>
			<trkpt lat="49.208178" lon="20.230905">
				<ele>1624.000000</ele>
			</trkpt>
			<trkpt lat="49.208231" lon="20.231031">
				<ele>1625.000000</ele>
			</trkpt>
			<trkpt lat="49.208261" lon="20.231219">
				<ele>1627.000000</ele>
			</trkpt>
			<trkpt lat="49.208248" lon="20.231417">
				<ele>1628.000000</ele>
			</trkpt>
			<trkpt lat="49.208237" lon="20.231624">
				<ele>1630.000000</ele>
			</trkpt>
			<trkpt lat="49.208237" lon="20.231704">
				<ele>1630.000000</ele>
			</trkpt>
			<trkpt lat="49.208248" lon="20.231767">
				<ele>1630.000000</ele>
			</trkpt>
			<trkpt lat="49.208307" lon="20.231884">
				<ele>1631.000000</ele>
			</trkpt>
			<trkpt lat="49.208401" lon="20.232010">
				<ele>1632.000000</ele>
			</trkpt>
			<trkpt lat="49.208466" lon="20.232153">
				<ele>1633.000000</ele>
			</trkpt>
			<trkpt lat="49.208478" lon="20.232207">
				<ele>1633.000000</ele>
			</trkpt>
			<trkpt lat="49.208478" lon="20.232333">
				<ele>1634.000000</ele>
			</trkpt>
			<trkpt lat="49.208489" lon="20.232477">
				<ele>1634.000000</ele>
			</trkpt>
			<trkpt lat="49.208554" lon="20.232620">
				<ele>1635.000000</ele>
			</trkpt>
			<trkpt lat="49.208595" lon="20.232764">
				<ele>1636.000000</ele>
			</trkpt>
			<trkpt lat="49.208613" lon="20.232827">
				<ele>1636.000000</ele>
			</trkpt>
			<trkpt lat="49.208607" lon="20.232970">
				<ele>1637.000000</ele>
			</trkpt>
			<trkpt lat="49.208619" lon="20.233142">
				<ele>1638.000000</ele>
			</trkpt>
			<trkpt lat="49.208666" lon="20.233348">
				<ele>1639.000000</ele>
			</trkpt>
			<trkpt lat="49.208719" lon="20.233385">
				<ele>1639.000000</ele>
			</trkpt>
			<trkpt lat="49.208747" lon="20.233438">
				<ele>1640.000000</ele>
			</trkpt>
			<trkpt lat="49.208753" lon="20.233591">
				<ele>1642.000000</ele>
			</trkpt>
			<trkpt lat="49.208724" lon="20.233689">
				<ele>1646.000000</ele>
			</trkpt>
			<trkpt lat="49.208683" lon="20.233689">
				<ele>1648.000000</ele>
			</trkpt>
			<trkpt lat="49.208636" lon="20.233635">
				<ele>1651.000000</ele>
			</trkpt>
			<trkpt lat="49.208572" lon="20.233599">
				<ele>1654.000000</ele>
			</trkpt>
			<trkpt lat="49.208525" lon="20.233618">
				<ele>1656.000000</ele>
			</trkpt>
			<trkpt lat="49.208513" lon="20.233672">
				<ele>1658.000000</ele>
			</trkpt>
			<trkpt lat="49.208483" lon="20.233716">
				<ele>1659.000000</ele>
			</trkpt>
			<trkpt lat="49.208348" lon="20.233744">
				<ele>1664.000000</ele>
			</trkpt>
			<trkpt lat="49.208184" lon="20.233725">
				<ele>1671.000000</ele>
			</trkpt>
			<trkpt lat="49.207902" lon="20.233528">
				<ele>1688.000000</ele>
			</trkpt>
			<trkpt lat="49.207750" lon="20.233375">
				<ele>1701.000000</ele>
			</trkpt>
			<trkpt lat="49.207697" lon="20.233321">
				<ele>1704.000000</ele>
			</trkpt>
			<trkpt lat="49.207721" lon="20.233258">
				<ele>1706.000000</ele>
			</trkpt>
			<trkpt lat="49.207744" lon="20.233195">
				<ele>1709.000000</ele>
			</trkpt>
			<trkpt lat="49.207762" lon="20.233142">
				<ele>1710.000000</ele>
			</trkpt>
			<trkpt lat="49.207779" lon="20.233123">
				<ele>1711.000000</ele>
			</trkpt>
			<trkpt lat="49.207815" lon="20.233106">
				<ele>1712.000000</ele>
			</trkpt>
			<trkpt lat="49.207843" lon="20.233096">
				<ele>1713.000000</ele>
			</trkpt>
			<trkpt lat="49.207879" lon="20.233096">
				<ele>1714.000000</ele>
			</trkpt>
			<trkpt lat="49.207932" lon="20.233069">
				<ele>1715.000000</ele>
			</trkpt>
			<trkpt lat="49.207949" lon="20.233033">
				<ele>1716.000000</ele>
			</trkpt>
			<trkpt lat="49.207961" lon="20.232980">
				<ele>1717.000000</ele>
			</trkpt>
			<trkpt lat="49.207955" lon="20.232943">
				<ele>1718.000000</ele>
			</trkpt>
			<trkpt lat="49.207937" lon="20.232908">
				<ele>1719.000000</ele>
			</trkpt>
			<trkpt lat="49.207902" lon="20.232836">
				<ele>1720.000000</ele>
			</trkpt>
			<trkpt lat="49.207850" lon="20.232773">
				<ele>1724.000000</ele>
			</trkpt>
			<trkpt lat="49.207832" lon="20.232756">
				<ele>1725.000000</ele>
			</trkpt>
			<trkpt lat="49.207815" lon="20.232746">
				<ele>1726.000000</ele>
			</trkpt>
			<trkpt lat="49.207803" lon="20.232756">
				<ele>1726.000000</ele>
			</trkpt>
			<trkpt lat="49.207803" lon="20.232809">
				<ele>1728.000000</ele>
			</trkpt>
			<trkpt lat="49.207791" lon="20.232827">
				<ele>1729.000000</ele>
			</trkpt>
			<trkpt lat="49.207773" lon="20.232819">
				<ele>1730.000000</ele>
			</trkpt>
			<trkpt lat="49.207738" lon="20.232746">
				<ele>1732.000000</ele>
			</trkpt>
			<trkpt lat="49.207715" lon="20.232710">
				<ele>1733.000000</ele>
			</trkpt>
			<trkpt lat="49.207585" lon="20.232459">
				<ele>1740.000000</ele>
			</trkpt>
			<trkpt lat="49.207538" lon="20.232414">
				<ele>1742.000000</ele>
			</trkpt>
			<trkpt lat="49.207480" lon="20.232287">
				<ele>1745.000000</ele>
			</trkpt>
			<trkpt lat="49.207427" lon="20.232190">
				<ele>1747.000000</ele>
			</trkpt>
			<trkpt lat="49.207410" lon="20.232163">
				<ele>1748.000000</ele>
			</trkpt>
			<trkpt lat="49.207392" lon="20.232163">
				<ele>1748.000000</ele>
			</trkpt>
			<trkpt lat="49.207380" lon="20.232180">
				<ele>1749.000000</ele>
			</trkpt>
			<trkpt lat="49.207386" lon="20.232253">
				<ele>1750.000000</ele>
			</trkpt>
			<trkpt lat="49.207386" lon="20.232369">
				<ele>1753.000000</ele>
			</trkpt>
			<trkpt lat="49.207374" lon="20.232522">
				<ele>1756.000000</ele>
			</trkpt>
			<trkpt lat="49.207380" lon="20.232603">
				<ele>1758.000000</ele>
			</trkpt>
			<trkpt lat="49.207357" lon="20.232620">
				<ele>1759.000000</ele>
			</trkpt>
			<trkpt lat="49.207321" lon="20.232620">
				<ele>1760.000000</ele>
			</trkpt>
			<trkpt lat="49.207286" lon="20.232576">
				<ele>1762.000000</ele>
			</trkpt>
			<trkpt lat="49.207227" lon="20.232494">
				<ele>1765.000000</ele>
			</trkpt>
			<trkpt lat="49.207122" lon="20.232414">
				<ele>1769.000000</ele>
			</trkpt>
			<trkpt lat="49.207075" lon="20.232404">
				<ele>1772.000000</ele>
			</trkpt>
			<trkpt lat="49.207034" lon="20.232414">
				<ele>1775.000000</ele>
			</trkpt>
			<trkpt lat="49.207011" lon="20.232440">
				<ele>1777.000000</ele>
			</trkpt>
			<trkpt lat="49.207005" lon="20.232486">
				<ele>1779.000000</ele>
			</trkpt>
			<trkpt lat="49.207005" lon="20.232530">
				<ele>1780.000000</ele>
			</trkpt>
			<trkpt lat="49.207046" lon="20.232612">
				<ele>1783.000000</ele>
			</trkpt>
			<trkpt lat="49.207058" lon="20.232683">
				<ele>1784.000000</ele>
			</trkpt>
			<trkpt lat="49.207046" lon="20.232746">
				<ele>1785.000000</ele>
			</trkpt>
			<trkpt lat="49.207034" lon="20.232782">
				<ele>1786.000000</ele>
			</trkpt>
			<trkpt lat="49.207016" lon="20.232773">
				<ele>1787.000000</ele>
			</trkpt>
			<trkpt lat="49.206993" lon="20.232756">
				<ele>1788.000000</ele>
			</trkpt>
			<trkpt lat="49.206946" lon="20.232693">
				<ele>1790.000000</ele>
			</trkpt>
			<trkpt lat="49.206846" lon="20.232629">
				<ele>1794.000000</ele>
			</trkpt>
			<trkpt lat="49.206705" lon="20.232557">
				<ele>1799.000000</ele>
			</trkpt>
			<trkpt lat="49.206582" lon="20.232513">
				<ele>1805.000000</ele>
			</trkpt>
			<trkpt lat="49.206500" lon="20.232477">
				<ele>1808.000000</ele>
			</trkpt>
			<trkpt lat="49.206459" lon="20.232477">
				<ele>1810.000000</ele>
			</trkpt>
			<trkpt lat="49.206459" lon="20.232503">
				<ele>1811.000000</ele>
			</trkpt>
			<trkpt lat="49.206470" lon="20.232549">
				<ele>1812.000000</ele>
			</trkpt>
			<trkpt lat="49.206488" lon="20.232603">
				<ele>1814.000000</ele>
			</trkpt>
			<trkpt lat="49.206482" lon="20.232719">
				<ele>1817.000000</ele>
			</trkpt>
			<trkpt lat="49.206500" lon="20.232890">
				<ele>1821.000000</ele>
			</trkpt>
			<trkpt lat="49.206500" lon="20.232962">
				<ele>1823.000000</ele>
			</trkpt>
			<trkpt lat="49.206488" lon="20.233033">
				<ele>1824.000000</ele>
			</trkpt>
			<trkpt lat="49.206453" lon="20.233106">
				<ele>1826.000000</ele>
			</trkpt>
			<trkpt lat="49.206429" lon="20.233195">
				<ele>1828.000000</ele>
			</trkpt>
			<trkpt lat="49.206423" lon="20.233240">
				<ele>1829.000000</ele>
			</trkpt>
			<trkpt lat="49.206412" lon="20.233258">
				<ele>1830.000000</ele>
			</trkpt>
			<trkpt lat="49.206400" lon="20.233268">
				<ele>1830.000000</ele>
			</trkpt>
			<trkpt lat="49.206394" lon="20.233258">
				<ele>1831.000000</ele>
			</trkpt>
			<trkpt lat="49.206382" lon="20.233205">
				<ele>1832.000000</ele>
			</trkpt>
			<trkpt lat="49.206312" lon="20.233043">
				<ele>1836.000000</ele>
			</trkpt>
			<trkpt lat="49.206248" lon="20.232970">
				<ele>1838.000000</ele>
			</trkpt>
			<trkpt lat="49.206224" lon="20.232953">
				<ele>1839.000000</ele>
			</trkpt>
			<trkpt lat="49.206195" lon="20.232943">
				<ele>1840.000000</ele>
			</trkpt>
			<trkpt lat="49.206189" lon="20.232962">
				<ele>1840.000000</ele>
			</trkpt>
			<trkpt lat="49.206195" lon="20.232989">
				<ele>1841.000000</ele>
			</trkpt>
			<trkpt lat="49.206207" lon="20.233025">
				<ele>1841.000000</ele>
			</trkpt>
			<trkpt lat="49.206212" lon="20.233232">
				<ele>1845.000000</ele>
			</trkpt>
			<trkpt lat="49.206207" lon="20.233356">
				<ele>1847.000000</ele>
			</trkpt>
			<trkpt lat="49.206165" lon="20.233545">
				<ele>1850.000000</ele>
			</trkpt>
			<trkpt lat="49.206124" lon="20.233626">
				<ele>1851.000000</ele>
			</trkpt>
			<trkpt lat="49.206112" lon="20.233708">
				<ele>1853.000000</ele>
			</trkpt>
			<trkpt lat="49.206095" lon="20.233735">
				<ele>1853.000000</ele>
			</trkpt>
			<trkpt lat="49.206083" lon="20.233698">
				<ele>1854.000000</ele>
			</trkpt>
			<trkpt lat="49.206071" lon="20.233626">
				<ele>1855.000000</ele>
			</trkpt>
			<trkpt lat="49.206089" lon="20.233555">
				<ele>1857.000000</ele>
			</trkpt>
			<trkpt lat="49.206065" lon="20.233474">
				<ele>1858.000000</ele>
			</trkpt>
			<trkpt lat="49.206030" lon="20.233375">
				<ele>1860.000000</ele>
			</trkpt>
			<trkpt lat="49.205983" lon="20.233321">
				<ele>1861.000000</ele>
			</trkpt>
			<trkpt lat="49.205948" lon="20.233258">
				<ele>1863.000000</ele>
			</trkpt>
			<trkpt lat="49.205889" lon="20.233195">
				<ele>1865.000000</ele>
			</trkpt>
			<trkpt lat="49.205854" lon="20.233159">
				<ele>1866.000000</ele>
			</trkpt>
			<trkpt lat="49.205819" lon="20.233142">
				<ele>1867.000000</ele>
			</trkpt>
			<trkpt lat="49.205813" lon="20.233169">
				<ele>1867.000000</ele>
			</trkpt>
			<trkpt lat="49.205813" lon="20.233195">
				<ele>1868.000000</ele>
			</trkpt>
			<trkpt lat="49.205825" lon="20.233232">
				<ele>1868.000000</ele>
			</trkpt>
			<trkpt lat="49.205849" lon="20.233303">
				<ele>1870.000000</ele>
			</trkpt>
			<trkpt lat="49.205854" lon="20.233429">
				<ele>1872.000000</ele>
			</trkpt>
			<trkpt lat="49.205854" lon="20.233492">
				<ele>1873.000000</ele>
			</trkpt>
			<trkpt lat="49.205854" lon="20.233608">
				<ele>1874.000000</ele>
			</trkpt>
			<trkpt lat="49.205830" lon="20.233689">
				<ele>1876.000000</ele>
			</trkpt>
			<trkpt lat="49.205837" lon="20.233806">
				<ele>1877.000000</ele>
			</trkpt>
			<trkpt lat="49.205796" lon="20.233914">
				<ele>1879.000000</ele>
			</trkpt>
			<trkpt lat="49.205755" lon="20.234058">
				<ele>1882.000000</ele>
			</trkpt>
			<trkpt lat="49.205749" lon="20.234130">
				<ele>1883.000000</ele>
			</trkpt>
			<trkpt lat="49.205737" lon="20.234148">
				<ele>1883.000000</ele>
			</trkpt>
			<trkpt lat="49.205719" lon="20.234130">
				<ele>1884.000000</ele>
			</trkpt>
			<trkpt lat="49.205702" lon="20.234004">
				<ele>1886.000000</ele>
			</trkpt>
			<trkpt lat="49.205672" lon="20.233905">
				<ele>1887.000000</ele>
			</trkpt>
			<trkpt lat="49.205666" lon="20.233771">
				<ele>1890.000000</ele>
			</trkpt>
			<trkpt lat="49.205649" lon="20.233681">
				<ele>1891.000000</ele>
			</trkpt>
			<trkpt lat="49.205625" lon="20.233564">
				<ele>1893.000000</ele>
			</trkpt>
			<trkpt lat="49.205566" lon="20.233446">
				<ele>1895.000000</ele>
			</trkpt>
			<trkpt lat="49.205514" lon="20.233375">
				<ele>1896.000000</ele>
			</trkpt>
			<trkpt lat="49.205467" lon="20.233348">
				<ele>1897.000000</ele>
			</trkpt>
			<trkpt lat="49.205397" lon="20.233276">
				<ele>1899.000000</ele>
			</trkpt>
			<trkpt lat="49.205361" lon="20.233232">
				<ele>1900.000000</ele>
			</trkpt>
			<trkpt lat="49.205308" lon="20.233150">
				<ele>1902.000000</ele>
			</trkpt>
			<trkpt lat="49.205291" lon="20.233159">
				<ele>1902.000000</ele>
			</trkpt>
			<trkpt lat="49.205314" lon="20.233295">
				<ele>1904.000000</ele>
			</trkpt>
			<trkpt lat="49.205338" lon="20.233375">
				<ele>1905.000000</ele>
			</trkpt>
			<trkpt lat="49.205385" lon="20.233555">
				<ele>1908.000000</ele>
			</trkpt>
			<trkpt lat="49.205408" lon="20.233725">
				<ele>1910.000000</ele>
			</trkpt>
			<trkpt lat="49.205408" lon="20.233798">
				<ele>1911.000000</ele>
			</trkpt>
			<trkpt lat="49.205397" lon="20.233914">
				<ele>1913.000000</ele>
			</trkpt>
			<trkpt lat="49.205397" lon="20.234012">
				<ele>1915.000000</ele>
			</trkpt>
			<trkpt lat="49.205391" lon="20.234148">
				<ele>1917.000000</ele>
			</trkpt>
			<trkpt lat="49.205373" lon="20.234220">
				<ele>1918.000000</ele>
			</trkpt>
			<trkpt lat="49.205355" lon="20.234247">
				<ele>1919.000000</ele>
			</trkpt>
			<trkpt lat="49.205344" lon="20.234247">
				<ele>1919.000000</ele>
			</trkpt>
			<trkpt lat="49.205326" lon="20.234228">
				<ele>1920.000000</ele>
			</trkpt>
			<trkpt lat="49.205256" lon="20.233905">
				<ele>1930.000000</ele>
			</trkpt>
			<trkpt lat="49.205226" lon="20.233851">
				<ele>1932.000000</ele>
			</trkpt>
			<trkpt lat="49.205197" lon="20.233824">
				<ele>1933.000000</ele>
			</trkpt>
			<trkpt lat="49.205144" lon="20.233824">
				<ele>1936.000000</ele>
			</trkpt>
			<trkpt lat="49.205103" lon="20.233815">
				<ele>1937.000000</ele>
			</trkpt>
			<trkpt lat="49.205073" lon="20.233824">
				<ele>1939.000000</ele>
			</trkpt>
			<trkpt lat="49.205044" lon="20.233895">
				<ele>1942.000000</ele>
			</trkpt>
			<trkpt lat="49.205020" lon="20.234004">
				<ele>1947.000000</ele>
			</trkpt>
			<trkpt lat="49.204986" lon="20.234012">
				<ele>1950.000000</ele>
			</trkpt>
			<trkpt lat="49.204945" lon="20.234012">
				<ele>1952.000000</ele>
			</trkpt>
			<trkpt lat="49.204892" lon="20.233985">
				<ele>1954.000000</ele>
			</trkpt>
			<trkpt lat="49.204827" lon="20.233824">
				<ele>1960.000000</ele>
			</trkpt>
			<trkpt lat="49.204809" lon="20.233815">
				<ele>1961.000000</ele>
			</trkpt>
			<trkpt lat="49.204798" lon="20.233824">
				<ele>1962.000000</ele>
			</trkpt>
			<trkpt lat="49.204798" lon="20.233869">
				<ele>1963.000000</ele>
			</trkpt>
			<trkpt lat="49.204757" lon="20.233869">
				<ele>1966.000000</ele>
			</trkpt>
			<trkpt lat="49.204727" lon="20.233887">
				<ele>1968.000000</ele>
			</trkpt>
			<trkpt lat="49.204710" lon="20.233914">
				<ele>1969.000000</ele>
			</trkpt>
			<trkpt lat="49.204710" lon="20.233985">
				<ele>1970.000000</ele>
			</trkpt>
			<trkpt lat="49.204715" lon="20.234094">
				<ele>1971.000000</ele>
			</trkpt>
			<trkpt lat="49.204727" lon="20.234211">
				<ele>1972.000000</ele>
			</trkpt>
			<trkpt lat="49.204757" lon="20.234327">
				<ele>1973.000000</ele>
			</trkpt>
			<trkpt lat="49.204762" lon="20.234444">
				<ele>1974.000000</ele>
			</trkpt>
			<trkpt lat="49.204762" lon="20.234570">
				<ele>1974.000000</ele>
			</trkpt>
			<trkpt lat="49.204757" lon="20.234677">
				<ele>1975.000000</ele>
			</trkpt>
			<trkpt lat="49.204727" lon="20.234740">
				<ele>1976.000000</ele>
			</trkpt>
			<trkpt lat="49.204715" lon="20.234794">
				<ele>1976.000000</ele>
			</trkpt>
			<trkpt lat="49.204698" lon="20.234848">
				<ele>1976.000000</ele>
			</trkpt>
			<trkpt lat="49.204692" lon="20.234903">
				<ele>1977.000000</ele>
			</trkpt>
			<trkpt lat="49.204687" lon="20.234974">
				<ele>1977.000000</ele>
			</trkpt>
			<trkpt lat="49.204668" lon="20.235037">
				<ele>1978.000000</ele>
			</trkpt>
			<trkpt lat="49.204668" lon="20.235073">
				<ele>1978.000000</ele>
			</trkpt>
			<trkpt lat="49.204657" lon="20.235109">
				<ele>1978.000000</ele>
			</trkpt>
			<trkpt lat="49.204651" lon="20.235163">
				<ele>1979.000000</ele>
			</trkpt>
			<trkpt lat="49.204640" lon="20.235324">
				<ele>1980.000000</ele>
			</trkpt>
			<trkpt lat="49.204640" lon="20.235620">
				<ele>1984.000000</ele>
			</trkpt>
			<trkpt lat="49.204640" lon="20.235773">
				<ele>1987.000000</ele>
			</trkpt>
			<trkpt lat="49.204674" lon="20.235935">
				<ele>1990.000000</ele>
			</trkpt>
			<trkpt lat="49.204698" lon="20.235998">
				<ele>1991.000000</ele>
			</trkpt>
			<trkpt lat="49.204745" lon="20.236096">
				<ele>1993.000000</ele>
			</trkpt>
			<trkpt lat="49.204792" lon="20.236195">
				<ele>1995.000000</ele>
			</trkpt>
			<trkpt lat="49.204862" lon="20.236295">
				<ele>1998.000000</ele>
			</trkpt>
			<trkpt lat="49.204845" lon="20.236322">
				<ele>1998.000000</ele>
			</trkpt>
			<trkpt lat="49.204815" lon="20.236331">
				<ele>1999.000000</ele>
			</trkpt>
			<trkpt lat="49.204745" lon="20.236312">
				<ele>2001.000000</ele>
			</trkpt>
			<trkpt lat="49.204698" lon="20.236259">
				<ele>2002.000000</ele>
			</trkpt>
			<trkpt lat="49.204616" lon="20.236222">
				<ele>2004.000000</ele>
			</trkpt>
			<trkpt lat="49.204540" lon="20.236169">
				<ele>2006.000000</ele>
			</trkpt>
			<trkpt lat="49.204451" lon="20.236016">
				<ele>2008.000000</ele>
			</trkpt>
			<trkpt lat="49.204416" lon="20.235899">
				<ele>2010.000000</ele>
			</trkpt>
			<trkpt lat="49.204404" lon="20.235845">
				<ele>2010.000000</ele>
			</trkpt>
			<trkpt lat="49.204363" lon="20.235800">
				<ele>2010.000000</ele>
			</trkpt>
			<trkpt lat="49.204334" lon="20.235792">
				<ele>2010.000000</ele>
			</trkpt>
			<trkpt lat="49.204310" lon="20.235828">
				<ele>2010.000000</ele>
			</trkpt>
			<trkpt lat="49.204275" lon="20.235989">
				<ele>2010.000000</ele>
			</trkpt>
			<trkpt lat="49.204252" lon="20.236132">
				<ele>2008.000000</ele>
			</trkpt>
			<trkpt lat="49.204235" lon="20.236276">
				<ele>2006.000000</ele>
			</trkpt>
			<trkpt lat="49.204246" lon="20.236456">
				<ele>2004.000000</ele>
			</trkpt>
			<trkpt lat="49.204235" lon="20.236501">
				<ele>2003.000000</ele>
			</trkpt>
			<trkpt lat="49.204205" lon="20.236492">
				<ele>2002.000000</ele>
			</trkpt>
			<trkpt lat="49.204164" lon="20.236411">
				<ele>2001.000000</ele>
			</trkpt>
			<trkpt lat="49.204141" lon="20.236358">
				<ele>2000.000000</ele>
			</trkpt>
			<trkpt lat="49.204123" lon="20.236375">
				<ele>2000.000000</ele>
			</trkpt>
			<trkpt lat="49.204111" lon="20.236411">
				<ele>1999.000000</ele>
			</trkpt>
			<trkpt lat="49.204070" lon="20.236905">
				<ele>1992.000000</ele>
			</trkpt>
			<trkpt lat="49.204041" lon="20.237094">
				<ele>1990.000000</ele>
			</trkpt>
			<trkpt lat="49.204029" lon="20.237193">
				<ele>1988.000000</ele>
			</trkpt>
			<trkpt lat="49.204011" lon="20.237193">
				<ele>1988.000000</ele>
			</trkpt>
			<trkpt lat="49.203964" lon="20.237103">
				<ele>1986.000000</ele>
			</trkpt>
			<trkpt lat="49.203806" lon="20.236662">
				<ele>1980.000000</ele>
			</trkpt>
			<trkpt lat="49.203753" lon="20.236501">
				<ele>1978.000000</ele>
			</trkpt>
			<trkpt lat="49.203712" lon="20.236285">
				<ele>1977.000000</ele>
			</trkpt>
			<trkpt lat="49.203595" lon="20.235972">
				<ele>1974.000000</ele>
			</trkpt>
			<trkpt lat="49.203577" lon="20.235828">
				<ele>1973.000000</ele>
			</trkpt>
			<trkpt lat="49.203553" lon="20.235710">
				<ele>1972.000000</ele>
			</trkpt>
			<trkpt lat="49.203459" lon="20.235513">
				<ele>1970.000000</ele>
			</trkpt>
			<trkpt lat="49.203436" lon="20.235503">
				<ele>1970.000000</ele>
			</trkpt>
			<trkpt lat="49.203425" lon="20.235540">
				<ele>1969.000000</ele>
			</trkpt>
			<trkpt lat="49.203425" lon="20.235756">
				<ele>1967.000000</ele>
			</trkpt>
			<trkpt lat="49.203395" lon="20.235935">
				<ele>1964.000000</ele>
			</trkpt>
			<trkpt lat="49.203359" lon="20.236591">
				<ele>1956.000000</ele>
			</trkpt>
			<trkpt lat="49.203366" lon="20.236924">
				<ele>1953.000000</ele>
			</trkpt>
			<trkpt lat="49.203354" lon="20.237040">
				<ele>1951.000000</ele>
			</trkpt>
			<trkpt lat="49.203366" lon="20.237077">
				<ele>1951.000000</ele>
			</trkpt>
			<trkpt lat="49.203366" lon="20.237121">
				<ele>1950.000000</ele>
			</trkpt>
			<trkpt lat="49.203354" lon="20.237337">
				<ele>1948.000000</ele>
			</trkpt>
			<trkpt lat="49.203325" lon="20.237337">
				<ele>1947.000000</ele>
			</trkpt>
			<trkpt lat="49.203272" lon="20.237283">
				<ele>1946.000000</ele>
			</trkpt>
			<trkpt lat="49.203195" lon="20.237138">
				<ele>1944.000000</ele>
			</trkpt>
			<trkpt lat="49.203154" lon="20.237050">
				<ele>1943.000000</ele>
			</trkpt>
			<trkpt lat="49.203154" lon="20.236960">
				<ele>1942.000000</ele>
			</trkpt>
			<trkpt lat="49.203113" lon="20.236815">
				<ele>1940.000000</ele>
			</trkpt>
			<trkpt lat="49.203043" lon="20.236735">
				<ele>1938.000000</ele>
			</trkpt>
			<trkpt lat="49.202996" lon="20.236645">
				<ele>1937.000000</ele>
			</trkpt>
			<trkpt lat="49.202884" lon="20.236537">
				<ele>1935.000000</ele>
			</trkpt>
			<trkpt lat="49.202790" lon="20.236511">
				<ele>1934.000000</ele>
			</trkpt>
			<trkpt lat="49.202649" lon="20.236402">
				<ele>1931.000000</ele>
			</trkpt>
			<trkpt lat="49.202579" lon="20.236304">
				<ele>1929.000000</ele>
			</trkpt>
			<trkpt lat="49.202497" lon="20.236195">
				<ele>1927.000000</ele>
			</trkpt>
			<trkpt lat="49.202474" lon="20.236178">
				<ele>1926.000000</ele>
			</trkpt>
			<trkpt lat="49.202456" lon="20.236232">
				<ele>1925.000000</ele>
			</trkpt>
			<trkpt lat="49.202391" lon="20.236519">
				<ele>1920.000000</ele>
			</trkpt>
			<trkpt lat="49.202380" lon="20.236546">
				<ele>1919.000000</ele>
			</trkpt>
			<trkpt lat="49.202362" lon="20.236511">
				<ele>1918.000000</ele>
			</trkpt>
			<trkpt lat="49.202333" lon="20.236511">
				<ele>1918.000000</ele>
			</trkpt>
			<trkpt lat="49.202321" lon="20.236537">
				<ele>1917.000000</ele>
			</trkpt>
			<trkpt lat="49.202303" lon="20.236681">
				<ele>1915.000000</ele>
			</trkpt>
			<trkpt lat="49.202280" lon="20.236834">
				<ele>1912.000000</ele>
			</trkpt>
			<trkpt lat="49.202256" lon="20.236924">
				<ele>1910.000000</ele>
			</trkpt>
			<trkpt lat="49.202209" lon="20.237014">
				<ele>1908.000000</ele>
			</trkpt>
			<trkpt lat="49.202169" lon="20.237014">
				<ele>1907.000000</ele>
			</trkpt>
			<trkpt lat="49.202150" lon="20.237050">
				<ele>1906.000000</ele>
			</trkpt>
			<trkpt lat="49.202121" lon="20.237077">
				<ele>1905.000000</ele>
			</trkpt>
			<trkpt lat="49.202057" lon="20.237050">
				<ele>1904.000000</ele>
			</trkpt>
			<trkpt lat="49.202022" lon="20.237040">
				<ele>1903.000000</ele>
			</trkpt>
			<trkpt lat="49.201992" lon="20.237085">
				<ele>1902.000000</ele>
			</trkpt>
			<trkpt lat="49.201904" lon="20.237174">
				<ele>1900.000000</ele>
			</trkpt>
			<trkpt lat="49.201828" lon="20.237201">
				<ele>1900.000000</ele>
			</trkpt>
			<trkpt lat="49.201722" lon="20.237130">
				<ele>1900.000000</ele>
			</trkpt>
			<trkpt lat="49.201681" lon="20.237094">
				<ele>1900.000000</ele>
			</trkpt>
			<trkpt lat="49.201622" lon="20.237121">
				<ele>1900.000000</ele>
			</trkpt>
			<trkpt lat="49.201575" lon="20.237193">
				<ele>1900.000000</ele>
			</trkpt>
			<trkpt lat="49.201517" lon="20.237228">
				<ele>1900.000000</ele>
			</trkpt>
			<trkpt lat="49.201464" lon="20.237201">
				<ele>1900.000000</ele>
			</trkpt>
			<trkpt lat="49.201382" lon="20.237103">
				<ele>1900.000000</ele>
			</trkpt>
			<trkpt lat="49.201265" lon="20.236878">
				<ele>1900.000000</ele>
			</trkpt>
			<trkpt lat="49.201217" lon="20.236725">
				<ele>1900.000000</ele>
			</trkpt>
			<trkpt lat="49.201165" lon="20.236591">
				<ele>1900.000000</ele>
			</trkpt>
			<trkpt lat="49.201094" lon="20.236492">
				<ele>1900.000000</ele>
			</trkpt>
			<trkpt lat="49.200959" lon="20.236339">
				<ele>1900.000000</ele>
			</trkpt>
			<trkpt lat="49.200807" lon="20.236276">
				<ele>1900.000000</ele>
			</trkpt>
			<trkpt lat="49.200730" lon="20.236205">
				<ele>1900.000000</ele>
			</trkpt>
			<trkpt lat="49.200666" lon="20.236088">
				<ele>1900.000000</ele>
			</trkpt>
			<trkpt lat="49.200607" lon="20.235899">
				<ele>1900.000000</ele>
			</trkpt>
			<trkpt lat="49.200507" lon="20.235603">
				<ele>1900.000000</ele>
			</trkpt>
			<trkpt lat="49.200443" lon="20.235503">
				<ele>1900.000000</ele>
			</trkpt>
			<trkpt lat="49.200402" lon="20.235423">
				<ele>1900.000000</ele>
			</trkpt>
			<trkpt lat="49.200396" lon="20.235343">
				<ele>1900.000000</ele>
			</trkpt>
			<trkpt lat="49.200402" lon="20.235297">
				<ele>1900.000000</ele>
			</trkpt>
			<trkpt lat="49.200413" lon="20.235262">
				<ele>1900.000000</ele>
			</trkpt>
			<trkpt lat="49.200431" lon="20.235216">
				<ele>1900.000000</ele>
			</trkpt>
			<trkpt lat="49.200437" lon="20.235180">
				<ele>1900.000000</ele>
			</trkpt>
			<trkpt lat="49.200419" lon="20.235153">
				<ele>1900.000000</ele>
			</trkpt>
			<trkpt lat="49.200384" lon="20.235153">
				<ele>1900.000000</ele>
			</trkpt>
			<trkpt lat="49.200337" lon="20.235172">
				<ele>1900.000000</ele>
			</trkpt>
			<trkpt lat="49.200255" lon="20.235190">
				<ele>1900.000000</ele>
			</trkpt>
			<trkpt lat="49.200219" lon="20.235226">
				<ele>1900.000000</ele>
			</trkpt>
			<trkpt lat="49.200190" lon="20.235253">
				<ele>1900.000000</ele>
			</trkpt>
			<trkpt lat="49.200102" lon="20.235190">
				<ele>1900.000000</ele>
			</trkpt>
			<trkpt lat="49.199973" lon="20.235144">
				<ele>1900.000000</ele>
			</trkpt>
			<trkpt lat="49.199809" lon="20.235136">
				<ele>1900.000000</ele>
			</trkpt>
			<trkpt lat="49.199732" lon="20.235199">
				<ele>1900.000000</ele>
			</trkpt>
			<trkpt lat="49.199673" lon="20.235199">
				<ele>1900.000000</ele>
			</trkpt>
			<trkpt lat="49.199498" lon="20.235207">
				<ele>1900.000000</ele>
			</trkpt>
			<trkpt lat="49.199462" lon="20.235226">
				<ele>1900.000000</ele>
			</trkpt>
			<trkpt lat="49.199398" lon="20.235234">
				<ele>1900.000000</ele>
			</trkpt>
			<trkpt lat="49.199339" lon="20.235262">
				<ele>1900.000000</ele>
			</trkpt>
			<trkpt lat="49.199263" lon="20.235280">
				<ele>1900.000000</ele>
			</trkpt>
			<trkpt lat="49.199081" lon="20.235289">
				<ele>1900.000000</ele>
			</trkpt>
			<trkpt lat="49.199046" lon="20.235270">
				<ele>1900.000000</ele>
			</trkpt>
			<trkpt lat="49.198969" lon="20.235297">
				<ele>1900.000000</ele>
			</trkpt>
			<trkpt lat="49.198922" lon="20.235316">
				<ele>1900.000000</ele>
			</trkpt>
			<trkpt lat="49.198893" lon="20.235306">
				<ele>1900.000000</ele>
			</trkpt>
			<trkpt lat="49.198858" lon="20.235280">
				<ele>1900.000000</ele>
			</trkpt>
			<trkpt lat="49.198793" lon="20.235234">
				<ele>1900.000000</ele>
			</trkpt>
			<trkpt lat="49.198752" lon="20.235172">
				<ele>1900.000000</ele>
			</trkpt>
			<trkpt lat="49.198752" lon="20.235136">
				<ele>1900.000000</ele>
			</trkpt>
			<trkpt lat="49.198740" lon="20.235109">
				<ele>1900.000000</ele>
			</trkpt>
			<trkpt lat="49.198693" lon="20.235090">
				<ele>1900.000000</ele>
			</trkpt>
			<trkpt lat="49.198658" lon="20.235037">
				<ele>1900.000000</ele>
			</trkpt>
			<trkpt lat="49.198646" lon="20.234974">
				<ele>1900.000000</ele>
			</trkpt>
			<trkpt lat="49.198617" lon="20.234938">
				<ele>1900.000000</ele>
			</trkpt>
			<trkpt lat="49.198605" lon="20.234911">
				<ele>1900.000000</ele>
			</trkpt>
			<trkpt lat="49.198582" lon="20.234893">
				<ele>1900.000000</ele>
			</trkpt>
			<trkpt lat="49.198570" lon="20.234903">
				<ele>1900.000000</ele>
			</trkpt>
			<trkpt lat="49.198558" lon="20.234920">
				<ele>1900.000000</ele>
			</trkpt>
			<trkpt lat="49.198535" lon="20.234929">
				<ele>1900.000000</ele>
			</trkpt>
			<trkpt lat="49.198505" lon="20.234956">
				<ele>1900.000000</ele>
			</trkpt>
			<trkpt lat="49.198477" lon="20.235037">
				<ele>1900.000000</ele>
			</trkpt>
			<trkpt lat="49.198441" lon="20.235082">
				<ele>1900.000000</ele>
			</trkpt>
			<trkpt lat="49.198371" lon="20.235117">
				<ele>1900.000000</ele>
			</trkpt>
			<trkpt lat="49.198335" lon="20.235163">
				<ele>1900.000000</ele>
			</trkpt>
			<trkpt lat="49.198300" lon="20.235180">
				<ele>1900.000000</ele>
			</trkpt>
			<trkpt lat="49.198236" lon="20.235190">
				<ele>1900.000000</ele>
			</trkpt>
			<trkpt lat="49.198183" lon="20.235180">
				<ele>1900.000000</ele>
			</trkpt>
			<trkpt lat="49.198118" lon="20.235207">
				<ele>1900.000000</ele>
			</trkpt>
			<trkpt lat="49.198071" lon="20.235262">
				<ele>1900.000000</ele>
			</trkpt>
			<trkpt lat="49.197977" lon="20.235316">
				<ele>1900.000000</ele>
			</trkpt>
			<trkpt lat="49.197883" lon="20.235343">
				<ele>1900.000000</ele>
			</trkpt>
			<trkpt lat="49.197831" lon="20.235324">
				<ele>1900.000000</ele>
			</trkpt>
			<trkpt lat="49.197778" lon="20.235316">
				<ele>1900.000000</ele>
			</trkpt>
			<trkpt lat="49.197707" lon="20.235333">
				<ele>1900.000000</ele>
			</trkpt>
			<trkpt lat="49.197619" lon="20.235414">
				<ele>1900.000000</ele>
			</trkpt>
			<trkpt lat="49.197548" lon="20.235423">
				<ele>1900.000000</ele>
			</trkpt>
			<trkpt lat="49.197331" lon="20.235414">
				<ele>1900.000000</ele>
			</trkpt>
			<trkpt lat="49.197290" lon="20.235414">
				<ele>1900.000000</ele>
			</trkpt>
			<trkpt lat="49.197261" lon="20.235450">
				<ele>1900.000000</ele>
			</trkpt>
			<trkpt lat="49.197209" lon="20.235513">
				<ele>1900.000000</ele>
			</trkpt>
			<trkpt lat="49.197115" lon="20.235558">
				<ele>1900.000000</ele>
			</trkpt>
			<trkpt lat="49.197068" lon="20.235585">
				<ele>1900.000000</ele>
			</trkpt>
			<trkpt lat="49.197038" lon="20.235593">
				<ele>1900.000000</ele>
			</trkpt>
			<trkpt lat="49.196973" lon="20.235576">
				<ele>1900.000000</ele>
			</trkpt>
			<trkpt lat="49.196909" lon="20.235540">
				<ele>1900.000000</ele>
			</trkpt>
			<trkpt lat="49.196827" lon="20.235469">
				<ele>1900.000000</ele>
			</trkpt>
			<trkpt lat="49.196803" lon="20.235450">
				<ele>1900.000000</ele>
			</trkpt>
			<trkpt lat="49.196780" lon="20.235450">
				<ele>1900.000000</ele>
			</trkpt>
			<trkpt lat="49.196751" lon="20.235477">
				<ele>1900.000000</ele>
			</trkpt>
			<trkpt lat="49.196710" lon="20.235477">
				<ele>1900.000000</ele>
			</trkpt>
			<trkpt lat="49.196592" lon="20.235423">
				<ele>1900.000000</ele>
			</trkpt>
			<trkpt lat="49.196422" lon="20.235316">
				<ele>1900.000000</ele>
			</trkpt>
			<trkpt lat="49.196257" lon="20.235234">
				<ele>1900.000000</ele>
			</trkpt>
			<trkpt lat="49.196099" lon="20.235127">
				<ele>1900.000000</ele>
			</trkpt>
			<trkpt lat="49.195993" lon="20.235082">
				<ele>1900.000000</ele>
			</trkpt>
			<trkpt lat="49.195894" lon="20.234983">
				<ele>1900.000000</ele>
			</trkpt>
			<trkpt lat="49.195875" lon="20.234929">
				<ele>1900.000000</ele>
			</trkpt>
			<trkpt lat="49.195794" lon="20.234840">
				<ele>1900.000000</ele>
			</trkpt>
			<trkpt lat="49.195735" lon="20.234803">
				<ele>1900.000000</ele>
			</trkpt>
			<trkpt lat="49.195670" lon="20.234794">
				<ele>1900.000000</ele>
			</trkpt>
			<trkpt lat="49.195623" lon="20.234803">
				<ele>1900.000000</ele>
			</trkpt>
			<trkpt lat="49.195553" lon="20.234767">
				<ele>1900.000000</ele>
			</trkpt>
			<trkpt lat="49.195395" lon="20.234624">
				<ele>1900.000000</ele>
			</trkpt>
			<trkpt lat="49.195130" lon="20.234444">
				<ele>1900.000000</ele>
			</trkpt>
			<trkpt lat="49.195013" lon="20.234345">
				<ele>1900.000000</ele>
			</trkpt>
			<trkpt lat="49.194948" lon="20.234264">
				<ele>1900.000000</ele>
			</trkpt>
			<trkpt lat="49.194890" lon="20.234165">
				<ele>1900.000000</ele>
			</trkpt>
			<trkpt lat="49.194866" lon="20.234094">
				<ele>1900.000000</ele>
			</trkpt>
			<trkpt lat="49.194837" lon="20.234048">
				<ele>1900.000000</ele>
			</trkpt>
			<trkpt lat="49.194778" lon="20.234031">
				<ele>1900.000000</ele>
			</trkpt>
			<trkpt lat="49.194690" lon="20.234022">
				<ele>1900.000000</ele>
			</trkpt>
			<trkpt lat="49.194666" lon="20.234004">
				<ele>1900.000000</ele>
			</trkpt>
			<trkpt lat="49.194626" lon="20.233932">
				<ele>1900.000000</ele>
			</trkpt>
			<trkpt lat="49.194584" lon="20.233815">
				<ele>1900.000000</ele>
			</trkpt>
			<trkpt lat="49.194560" lon="20.233779">
				<ele>1900.000000</ele>
			</trkpt>
			<trkpt lat="49.194526" lon="20.233744">
				<ele>1900.000000</ele>
			</trkpt>
			<trkpt lat="49.194467" lon="20.233662">
				<ele>1900.000000</ele>
			</trkpt>
			<trkpt lat="49.194438" lon="20.233635">
				<ele>1900.000000</ele>
			</trkpt>
			<trkpt lat="49.194396" lon="20.233618">
				<ele>1900.000000</ele>
			</trkpt>
			<trkpt lat="49.194349" lon="20.233591">
				<ele>1900.000000</ele>
			</trkpt>
			<trkpt lat="49.194314" lon="20.233564">
				<ele>1900.000000</ele>
			</trkpt>
			<trkpt lat="49.194279" lon="20.233536">
				<ele>1900.000000</ele>
			</trkpt>
			<trkpt lat="49.194226" lon="20.233536">
				<ele>1900.000000</ele>
			</trkpt>
			<trkpt lat="49.194197" lon="20.233519">
				<ele>1900.000000</ele>
			</trkpt>
			<trkpt lat="49.194168" lon="20.233465">
				<ele>1900.000000</ele>
			</trkpt>
			<trkpt lat="49.194121" lon="20.233419">
				<ele>1900.000000</ele>
			</trkpt>
			<trkpt lat="49.194027" lon="20.233312">
				<ele>1900.000000</ele>
			</trkpt>
			<trkpt lat="49.193944" lon="20.233258">
				<ele>1900.000000</ele>
			</trkpt>
			<trkpt lat="49.193880" lon="20.233159">
				<ele>1900.000000</ele>
			</trkpt>
			<trkpt lat="49.193839" lon="20.233132">
				<ele>1900.000000</ele>
			</trkpt>
			<trkpt lat="49.193821" lon="20.233115">
				<ele>1900.000000</ele>
			</trkpt>
			<trkpt lat="49.193797" lon="20.233079">
				<ele>1900.000000</ele>
			</trkpt>
			<trkpt lat="49.193710" lon="20.232989">
				<ele>1900.000000</ele>
			</trkpt>
			<trkpt lat="49.193686" lon="20.232953">
				<ele>1900.000000</ele>
			</trkpt>
			<trkpt lat="49.193669" lon="20.232916">
				<ele>1900.000000</ele>
			</trkpt>
			<trkpt lat="49.193657" lon="20.232853">
				<ele>1900.000000</ele>
			</trkpt>
			<trkpt lat="49.193651" lon="20.232836">
				<ele>1900.000000</ele>
			</trkpt>
			<trkpt lat="49.193633" lon="20.232827">
				<ele>1900.000000</ele>
			</trkpt>
			<trkpt lat="49.193616" lon="20.232827">
				<ele>1900.000000</ele>
			</trkpt>
			<trkpt lat="49.193604" lon="20.232800">
				<ele>1900.000000</ele>
			</trkpt>
			<trkpt lat="49.193598" lon="20.232782">
				<ele>1900.000000</ele>
			</trkpt>
			<trkpt lat="49.193575" lon="20.232729">
				<ele>1900.000000</ele>
			</trkpt>
			<trkpt lat="49.193381" lon="20.232404">
				<ele>1900.000000</ele>
			</trkpt>
			<trkpt lat="49.193240" lon="20.232108">
				<ele>1900.000000</ele>
			</trkpt>
			<trkpt lat="49.193205" lon="20.232046">
				<ele>1900.000000</ele>
			</trkpt>
			<trkpt lat="49.193175" lon="20.232018">
				<ele>1900.000000</ele>
			</trkpt>
			<trkpt lat="49.193105" lon="20.231893">
				<ele>1900.000000</ele>
			</trkpt>
			<trkpt lat="49.193081" lon="20.231866">
				<ele>1900.000000</ele>
			</trkpt>
			<trkpt lat="49.193075" lon="20.231848">
				<ele>1900.000000</ele>
			</trkpt>
			<trkpt lat="49.193040" lon="20.231758">
				<ele>1900.000000</ele>
			</trkpt>
			<trkpt lat="49.193017" lon="20.231714">
				<ele>1900.000000</ele>
			</trkpt>
			<trkpt lat="49.192981" lon="20.231632">
				<ele>1900.000000</ele>
			</trkpt>
			<trkpt lat="49.192953" lon="20.231570">
				<ele>1900.000000</ele>
			</trkpt>
			<trkpt lat="49.192929" lon="20.231488">
				<ele>1900.000000</ele>
			</trkpt>
			<trkpt lat="49.192917" lon="20.231452">
				<ele>1900.000000</ele>
			</trkpt>
			<trkpt lat="49.192911" lon="20.231444">
				<ele>1900.000000</ele>
			</trkpt>
			<trkpt lat="49.192900" lon="20.231444">
				<ele>1900.000000</ele>
			</trkpt>
			<trkpt lat="49.192894" lon="20.231435">
				<ele>1900.000000</ele>
			</trkpt>
			<trkpt lat="49.192887" lon="20.231417">
				<ele>1900.000000</ele>
			</trkpt>
			<trkpt lat="49.192887" lon="20.231354">
				<ele>1900.000000</ele>
			</trkpt>
			<trkpt lat="49.192882" lon="20.231282">
				<ele>1900.000000</ele>
			</trkpt>
			<trkpt lat="49.192876" lon="20.231255">
				<ele>1900.000000</ele>
			</trkpt>
			<trkpt lat="49.192859" lon="20.231245">
				<ele>1900.000000</ele>
			</trkpt>
			<trkpt lat="49.192835" lon="20.231237">
				<ele>1900.000000</ele>
			</trkpt>
			<trkpt lat="49.192812" lon="20.231237">
				<ele>1900.000000</ele>
			</trkpt>
			<trkpt lat="49.192788" lon="20.231219">
				<ele>1900.000000</ele>
			</trkpt>
			<trkpt lat="49.192759" lon="20.231165">
				<ele>1900.000000</ele>
			</trkpt>
			<trkpt lat="49.192741" lon="20.231138">
				<ele>1899.000000</ele>
			</trkpt>
			<trkpt lat="49.192729" lon="20.231121">
				<ele>1899.000000</ele>
			</trkpt>
			<trkpt lat="49.192717" lon="20.231102">
				<ele>1899.000000</ele>
			</trkpt>
			<trkpt lat="49.192694" lon="20.231094">
				<ele>1898.000000</ele>
			</trkpt>
			<trkpt lat="49.192688" lon="20.231102">
				<ele>1898.000000</ele>
			</trkpt>
			<trkpt lat="49.192676" lon="20.231121">
				<ele>1898.000000</ele>
			</trkpt>
			<trkpt lat="49.192676" lon="20.231138">
				<ele>1898.000000</ele>
			</trkpt>
			<trkpt lat="49.192688" lon="20.231174">
				<ele>1898.000000</ele>
			</trkpt>
			<trkpt lat="49.192700" lon="20.231201">
				<ele>1897.000000</ele>
			</trkpt>
			<trkpt lat="49.192706" lon="20.231237">
				<ele>1897.000000</ele>
			</trkpt>
			<trkpt lat="49.192700" lon="20.231255">
				<ele>1897.000000</ele>
			</trkpt>
			<trkpt lat="49.192688" lon="20.231245">
				<ele>1896.000000</ele>
			</trkpt>
			<trkpt lat="49.192670" lon="20.231237">
				<ele>1896.000000</ele>
			</trkpt>
			<trkpt lat="49.192635" lon="20.231219">
				<ele>1896.000000</ele>
			</trkpt>
			<trkpt lat="49.192612" lon="20.231174">
				<ele>1895.000000</ele>
			</trkpt>
			<trkpt lat="49.192600" lon="20.231138">
				<ele>1895.000000</ele>
			</trkpt>
			<trkpt lat="49.192600" lon="20.231102">
				<ele>1894.000000</ele>
			</trkpt>
			<trkpt lat="49.192588" lon="20.231094">
				<ele>1894.000000</ele>
			</trkpt>
			<trkpt lat="49.192582" lon="20.231121">
				<ele>1894.000000</ele>
			</trkpt>
			<trkpt lat="49.192576" lon="20.231165">
				<ele>1893.000000</ele>
			</trkpt>
			<trkpt lat="49.192576" lon="20.231219">
				<ele>1893.000000</ele>
			</trkpt>
			<trkpt lat="49.192594" lon="20.231291">
				<ele>1892.000000</ele>
			</trkpt>
			<trkpt lat="49.192588" lon="20.231308">
				<ele>1892.000000</ele>
			</trkpt>
			<trkpt lat="49.192582" lon="20.231318">
				<ele>1892.000000</ele>
			</trkpt>
			<trkpt lat="49.192565" lon="20.231308">
				<ele>1891.000000</ele>
			</trkpt>
			<trkpt lat="49.192553" lon="20.231291">
				<ele>1891.000000</ele>
			</trkpt>
			<trkpt lat="49.192535" lon="20.231264">
				<ele>1891.000000</ele>
			</trkpt>
			<trkpt lat="49.192500" lon="20.231165">
				<ele>1890.000000</ele>
			</trkpt>
			<trkpt lat="49.192471" lon="20.231129">
				<ele>1889.000000</ele>
			</trkpt>
			<trkpt lat="49.192365" lon="20.230995">
				<ele>1887.000000</ele>
			</trkpt>
			<trkpt lat="49.192336" lon="20.230958">
				<ele>1886.000000</ele>
			</trkpt>
			<trkpt lat="49.192289" lon="20.230922">
				<ele>1886.000000</ele>
			</trkpt>
			<trkpt lat="49.192271" lon="20.230914">
				<ele>1885.000000</ele>
			</trkpt>
			<trkpt lat="49.192254" lon="20.230878">
				<ele>1885.000000</ele>
			</trkpt>
			<trkpt lat="49.192242" lon="20.230851">
				<ele>1885.000000</ele>
			</trkpt>
			<trkpt lat="49.192236" lon="20.230824">
				<ele>1884.000000</ele>
			</trkpt>
			<trkpt lat="49.192212" lon="20.230806">
				<ele>1884.000000</ele>
			</trkpt>
			<trkpt lat="49.192189" lon="20.230788">
				<ele>1884.000000</ele>
			</trkpt>
			<trkpt lat="49.192165" lon="20.230769">
				<ele>1883.000000</ele>
			</trkpt>
			<trkpt lat="49.192148" lon="20.230761">
				<ele>1883.000000</ele>
			</trkpt>
			<trkpt lat="49.192124" lon="20.230698">
				<ele>1882.000000</ele>
			</trkpt>
			<trkpt lat="49.192101" lon="20.230680">
				<ele>1882.000000</ele>
			</trkpt>
			<trkpt lat="49.192071" lon="20.230662">
				<ele>1881.000000</ele>
			</trkpt>
			<trkpt lat="49.192019" lon="20.230599">
				<ele>1880.000000</ele>
			</trkpt>
			<trkpt lat="49.191972" lon="20.230545">
				<ele>1879.000000</ele>
			</trkpt>
			<trkpt lat="49.191884" lon="20.230473">
				<ele>1878.000000</ele>
			</trkpt>
			<trkpt lat="49.191819" lon="20.230410">
				<ele>1877.000000</ele>
			</trkpt>
			<trkpt lat="49.191796" lon="20.230402">
				<ele>1876.000000</ele>
			</trkpt>
			<trkpt lat="49.191772" lon="20.230393">
				<ele>1876.000000</ele>
			</trkpt>
			<trkpt lat="49.191684" lon="20.230383">
				<ele>1875.000000</ele>
			</trkpt>
			<trkpt lat="49.191632" lon="20.230393">
				<ele>1874.000000</ele>
			</trkpt>
			<trkpt lat="49.191543" lon="20.230456">
				<ele>1872.000000</ele>
			</trkpt>
			<trkpt lat="49.191291" lon="20.230716">
				<ele>1866.000000</ele>
			</trkpt>
			<trkpt lat="49.191244" lon="20.230779">
				<ele>1865.000000</ele>
			</trkpt>
			<trkpt lat="49.191138" lon="20.231058">
				<ele>1860.000000</ele>
			</trkpt>
			<trkpt lat="49.191062" lon="20.231264">
				<ele>1855.000000</ele>
			</trkpt>
			<trkpt lat="49.190786" lon="20.231748">
				<ele>1841.000000</ele>
			</trkpt>
			<trkpt lat="49.190610" lon="20.232000">
				<ele>1834.000000</ele>
			</trkpt>
			<trkpt lat="49.190516" lon="20.232153">
				<ele>1829.000000</ele>
			</trkpt>
			<trkpt lat="49.190364" lon="20.232432">
				<ele>1822.000000</ele>
			</trkpt>
			<trkpt lat="49.190264" lon="20.232530">
				<ele>1819.000000</ele>
			</trkpt>
			<trkpt lat="49.190152" lon="20.232584">
				<ele>1815.000000</ele>
			</trkpt>
			<trkpt lat="49.189982" lon="20.232656">
				<ele>1809.000000</ele>
			</trkpt>
			<trkpt lat="49.189747" lon="20.232970">
				<ele>1798.000000</ele>
			</trkpt>
			<trkpt lat="49.189688" lon="20.233016">
				<ele>1796.000000</ele>
			</trkpt>
			<trkpt lat="49.189641" lon="20.232970">
				<ele>1794.000000</ele>
			</trkpt>
			<trkpt lat="49.189612" lon="20.232970">
				<ele>1793.000000</ele>
			</trkpt>
			<trkpt lat="49.189582" lon="20.232980">
				<ele>1792.000000</ele>
			</trkpt>
			<trkpt lat="49.189535" lon="20.233079">
				<ele>1789.000000</ele>
			</trkpt>
			<trkpt lat="49.189482" lon="20.233132">
				<ele>1788.000000</ele>
			</trkpt>
			<trkpt lat="49.189382" lon="20.233195">
				<ele>1785.000000</ele>
			</trkpt>
			<trkpt lat="49.189301" lon="20.233276">
				<ele>1782.000000</ele>
			</trkpt>
			<trkpt lat="49.189236" lon="20.233356">
				<ele>1780.000000</ele>
			</trkpt>
			<trkpt lat="49.189183" lon="20.233393">
				<ele>1778.000000</ele>
			</trkpt>
			<trkpt lat="49.189142" lon="20.233411">
				<ele>1777.000000</ele>
			</trkpt>
			<trkpt lat="49.189107" lon="20.233411">
				<ele>1776.000000</ele>
			</trkpt>
			<trkpt lat="49.189036" lon="20.233474">
				<ele>1774.000000</ele>
			</trkpt>
			<trkpt lat="49.188990" lon="20.233501">
				<ele>1772.000000</ele>
			</trkpt>
			<trkpt lat="49.188919" lon="20.233635">
				<ele>1769.000000</ele>
			</trkpt>
			<trkpt lat="49.188884" lon="20.233654">
				<ele>1768.000000</ele>
			</trkpt>
			<trkpt lat="49.188866" lon="20.233672">
				<ele>1768.000000</ele>
			</trkpt>
			<trkpt lat="49.188778" lon="20.233645">
				<ele>1766.000000</ele>
			</trkpt>
			<trkpt lat="49.188608" lon="20.233591">
				<ele>1761.000000</ele>
			</trkpt>
			<trkpt lat="49.188432" lon="20.233536">
				<ele>1760.000000</ele>
			</trkpt>
			<trkpt lat="49.188267" lon="20.233438">
				<ele>1760.000000</ele>
			</trkpt>
			<trkpt lat="49.188255" lon="20.233385">
				<ele>1760.000000</ele>
			</trkpt>
			<trkpt lat="49.188033" lon="20.233205">
				<ele>1760.000000</ele>
			</trkpt>
			<trkpt lat="49.187856" lon="20.233079">
				<ele>1760.000000</ele>
			</trkpt>
			<trkpt lat="49.187739" lon="20.232962">
				<ele>1760.000000</ele>
			</trkpt>
			<trkpt lat="49.187703" lon="20.232926">
				<ele>1760.000000</ele>
			</trkpt>
			<trkpt lat="49.187669" lon="20.232980">
				<ele>1760.000000</ele>
			</trkpt>
			<trkpt lat="49.187663" lon="20.232998">
				<ele>1760.000000</ele>
			</trkpt>
			<trkpt lat="49.187633" lon="20.233088">
				<ele>1760.000000</ele>
			</trkpt>
			<trkpt lat="49.187610" lon="20.233150">
				<ele>1760.000000</ele>
			</trkpt>
		</trkseg>
	</trk>
</gpx>

