<?xml version="1.0" encoding="utf-8"?>
<gpx xmlns="http://www.topografix.com/GPX/1/1" version="1.1" creator="https://mapy.com/">
	<trk>
		<name>Solymos-völgy (Sokolia dolina)</name>
		<trkseg>
			<trkpt lat="48.965998" lon="20.386088">
				<ele>550.000000</ele>
			</trkpt>
			<trkpt lat="48.966040" lon="20.386350">
				<ele>550.000000</ele>
			</trkpt>
			<trkpt lat="48.965993" lon="20.386323">
				<ele>550.000000</ele>
			</trkpt>
			<trkpt lat="48.965945" lon="20.386287">
				<ele>550.000000</ele>
			</trkpt>
			<trkpt lat="48.965886" lon="20.386214">
				<ele>550.000000</ele>
			</trkpt>
			<trkpt lat="48.965863" lon="20.386026">
				<ele>550.000000</ele>
			</trkpt>
			<trkpt lat="48.965822" lon="20.385747">
				<ele>550.000000</ele>
			</trkpt>
			<trkpt lat="48.965751" lon="20.385765">
				<ele>550.000000</ele>
			</trkpt>
			<trkpt lat="48.965562" lon="20.385810">
				<ele>550.000000</ele>
			</trkpt>
			<trkpt lat="48.965403" lon="20.385847">
				<ele>550.000000</ele>
			</trkpt>
			<trkpt lat="48.965314" lon="20.385864">
				<ele>550.000000</ele>
			</trkpt>
			<trkpt lat="48.965196" lon="20.385900">
				<ele>550.000000</ele>
			</trkpt>
			<trkpt lat="48.965096" lon="20.385927">
				<ele>550.000000</ele>
			</trkpt>
			<trkpt lat="48.965014" lon="20.385873">
				<ele>550.000000</ele>
			</trkpt>
			<trkpt lat="48.964961" lon="20.385828">
				<ele>550.000000</ele>
			</trkpt>
			<trkpt lat="48.964913" lon="20.385765">
				<ele>550.000000</ele>
			</trkpt>
			<trkpt lat="48.964860" lon="20.385684">
				<ele>550.000000</ele>
			</trkpt>
			<trkpt lat="48.964778" lon="20.385514">
				<ele>550.000000</ele>
			</trkpt>
			<trkpt lat="48.964524" lon="20.385271">
				<ele>550.000000</ele>
			</trkpt>
			<trkpt lat="48.964442" lon="20.385244">
				<ele>550.000000</ele>
			</trkpt>
			<trkpt lat="48.964247" lon="20.385128">
				<ele>550.000000</ele>
			</trkpt>
			<trkpt lat="48.964141" lon="20.385514">
				<ele>550.000000</ele>
			</trkpt>
			<trkpt lat="48.964129" lon="20.385612">
				<ele>550.000000</ele>
			</trkpt>
			<trkpt lat="48.964105" lon="20.385810">
				<ele>550.000000</ele>
			</trkpt>
			<trkpt lat="48.964094" lon="20.385855">
				<ele>550.000000</ele>
			</trkpt>
			<trkpt lat="48.964076" lon="20.385936">
				<ele>550.000000</ele>
			</trkpt>
			<trkpt lat="48.964046" lon="20.386008">
				<ele>550.000000</ele>
			</trkpt>
			<trkpt lat="48.963999" lon="20.386107">
				<ele>550.000000</ele>
			</trkpt>
			<trkpt lat="48.963840" lon="20.386556">
				<ele>550.000000</ele>
			</trkpt>
			<trkpt lat="48.963734" lon="20.386889">
				<ele>550.000000</ele>
			</trkpt>
			<trkpt lat="48.963970" lon="20.387013">
				<ele>550.000000</ele>
			</trkpt>
			<trkpt lat="48.963516" lon="20.388191">
				<ele>550.000000</ele>
			</trkpt>
			<trkpt lat="48.963303" lon="20.388774">
				<ele>550.000000</ele>
			</trkpt>
			<trkpt lat="48.963132" lon="20.389350">
				<ele>550.000000</ele>
			</trkpt>
			<trkpt lat="48.963032" lon="20.389808">
				<ele>550.000000</ele>
			</trkpt>
			<trkpt lat="48.963002" lon="20.390059">
				<ele>550.000000</ele>
			</trkpt>
			<trkpt lat="48.962985" lon="20.390256">
				<ele>550.000000</ele>
			</trkpt>
			<trkpt lat="48.962991" lon="20.390553">
				<ele>550.000000</ele>
			</trkpt>
			<trkpt lat="48.963103" lon="20.392161">
				<ele>550.000000</ele>
			</trkpt>
			<trkpt lat="48.963115" lon="20.392296">
				<ele>550.000000</ele>
			</trkpt>
			<trkpt lat="48.963197" lon="20.392988">
				<ele>550.000000</ele>
			</trkpt>
			<trkpt lat="48.963221" lon="20.393203">
				<ele>550.000000</ele>
			</trkpt>
			<trkpt lat="48.963280" lon="20.393545">
				<ele>550.000000</ele>
			</trkpt>
			<trkpt lat="48.963362" lon="20.393877">
				<ele>550.000000</ele>
			</trkpt>
			<trkpt lat="48.963374" lon="20.393948">
				<ele>550.000000</ele>
			</trkpt>
			<trkpt lat="48.963380" lon="20.394021">
				<ele>550.000000</ele>
			</trkpt>
			<trkpt lat="48.963374" lon="20.394093">
				<ele>550.000000</ele>
			</trkpt>
			<trkpt lat="48.963350" lon="20.394263">
				<ele>550.000000</ele>
			</trkpt>
			<trkpt lat="48.963339" lon="20.394317">
				<ele>550.000000</ele>
			</trkpt>
			<trkpt lat="48.963321" lon="20.394407">
				<ele>550.000000</ele>
			</trkpt>
			<trkpt lat="48.963286" lon="20.394533">
				<ele>550.000000</ele>
			</trkpt>
			<trkpt lat="48.963126" lon="20.394919">
				<ele>550.000000</ele>
			</trkpt>
			<trkpt lat="48.962967" lon="20.395332">
				<ele>550.000000</ele>
			</trkpt>
			<trkpt lat="48.962896" lon="20.395503">
				<ele>550.000000</ele>
			</trkpt>
			<trkpt lat="48.962855" lon="20.395584">
				<ele>551.000000</ele>
			</trkpt>
			<trkpt lat="48.962808" lon="20.395665">
				<ele>552.000000</ele>
			</trkpt>
			<trkpt lat="48.962719" lon="20.395772">
				<ele>553.000000</ele>
			</trkpt>
			<trkpt lat="48.962572" lon="20.395934">
				<ele>555.000000</ele>
			</trkpt>
			<trkpt lat="48.962312" lon="20.396204">
				<ele>558.000000</ele>
			</trkpt>
			<trkpt lat="48.962077" lon="20.396491">
				<ele>560.000000</ele>
			</trkpt>
			<trkpt lat="48.961906" lon="20.396688">
				<ele>560.000000</ele>
			</trkpt>
			<trkpt lat="48.961752" lon="20.396778">
				<ele>560.000000</ele>
			</trkpt>
			<trkpt lat="48.961664" lon="20.396877">
				<ele>560.000000</ele>
			</trkpt>
			<trkpt lat="48.961622" lon="20.396967">
				<ele>560.000000</ele>
			</trkpt>
			<trkpt lat="48.961516" lon="20.397254">
				<ele>560.000000</ele>
			</trkpt>
			<trkpt lat="48.961398" lon="20.397613">
				<ele>560.000000</ele>
			</trkpt>
			<trkpt lat="48.961245" lon="20.398296">
				<ele>560.000000</ele>
			</trkpt>
			<trkpt lat="48.961221" lon="20.398369">
				<ele>560.000000</ele>
			</trkpt>
			<trkpt lat="48.961168" lon="20.398485">
				<ele>560.000000</ele>
			</trkpt>
			<trkpt lat="48.961121" lon="20.398558">
				<ele>560.000000</ele>
			</trkpt>
			<trkpt lat="48.961044" lon="20.398665">
				<ele>560.000000</ele>
			</trkpt>
			<trkpt lat="48.960950" lon="20.398782">
				<ele>560.000000</ele>
			</trkpt>
			<trkpt lat="48.960903" lon="20.398827">
				<ele>560.000000</ele>
			</trkpt>
			<trkpt lat="48.960856" lon="20.398871">
				<ele>560.000000</ele>
			</trkpt>
			<trkpt lat="48.960738" lon="20.398934">
				<ele>560.000000</ele>
			</trkpt>
			<trkpt lat="48.960402" lon="20.399124">
				<ele>560.000000</ele>
			</trkpt>
			<trkpt lat="48.960272" lon="20.399204">
				<ele>560.000000</ele>
			</trkpt>
			<trkpt lat="48.960177" lon="20.399285">
				<ele>560.000000</ele>
			</trkpt>
			<trkpt lat="48.960343" lon="20.399510">
				<ele>560.000000</ele>
			</trkpt>
			<trkpt lat="48.960396" lon="20.399563">
				<ele>560.000000</ele>
			</trkpt>
			<trkpt lat="48.960531" lon="20.399644">
				<ele>560.000000</ele>
			</trkpt>
			<trkpt lat="48.960649" lon="20.399707">
				<ele>559.000000</ele>
			</trkpt>
			<trkpt lat="48.960755" lon="20.399761">
				<ele>559.000000</ele>
			</trkpt>
			<trkpt lat="48.960844" lon="20.399850">
				<ele>558.000000</ele>
			</trkpt>
			<trkpt lat="48.960956" lon="20.399940">
				<ele>558.000000</ele>
			</trkpt>
			<trkpt lat="48.961092" lon="20.400013">
				<ele>557.000000</ele>
			</trkpt>
			<trkpt lat="48.961263" lon="20.400120">
				<ele>556.000000</ele>
			</trkpt>
			<trkpt lat="48.961398" lon="20.400183">
				<ele>555.000000</ele>
			</trkpt>
			<trkpt lat="48.961522" lon="20.400246">
				<ele>555.000000</ele>
			</trkpt>
			<trkpt lat="48.961599" lon="20.400319">
				<ele>554.000000</ele>
			</trkpt>
			<trkpt lat="48.961640" lon="20.400372">
				<ele>554.000000</ele>
			</trkpt>
			<trkpt lat="48.961681" lon="20.400462">
				<ele>554.000000</ele>
			</trkpt>
			<trkpt lat="48.961764" lon="20.400642">
				<ele>553.000000</ele>
			</trkpt>
			<trkpt lat="48.961835" lon="20.400803">
				<ele>552.000000</ele>
			</trkpt>
			<trkpt lat="48.961900" lon="20.400965">
				<ele>552.000000</ele>
			</trkpt>
			<trkpt lat="48.961923" lon="20.401036">
				<ele>552.000000</ele>
			</trkpt>
			<trkpt lat="48.961982" lon="20.401189">
				<ele>551.000000</ele>
			</trkpt>
			<trkpt lat="48.962018" lon="20.401315">
				<ele>551.000000</ele>
			</trkpt>
			<trkpt lat="48.962053" lon="20.401395">
				<ele>550.000000</ele>
			</trkpt>
			<trkpt lat="48.962094" lon="20.401485">
				<ele>550.000000</ele>
			</trkpt>
			<trkpt lat="48.962136" lon="20.401594">
				<ele>548.000000</ele>
			</trkpt>
			<trkpt lat="48.962171" lon="20.401674">
				<ele>547.000000</ele>
			</trkpt>
			<trkpt lat="48.962189" lon="20.401764">
				<ele>545.000000</ele>
			</trkpt>
			<trkpt lat="48.962206" lon="20.401800">
				<ele>545.000000</ele>
			</trkpt>
			<trkpt lat="48.962230" lon="20.401818">
				<ele>544.000000</ele>
			</trkpt>
			<trkpt lat="48.962236" lon="20.401845">
				<ele>544.000000</ele>
			</trkpt>
			<trkpt lat="48.962236" lon="20.401854">
				<ele>544.000000</ele>
			</trkpt>
			<trkpt lat="48.962230" lon="20.401890">
				<ele>543.000000</ele>
			</trkpt>
			<trkpt lat="48.962230" lon="20.401926">
				<ele>543.000000</ele>
			</trkpt>
			<trkpt lat="48.962242" lon="20.401953">
				<ele>542.000000</ele>
			</trkpt>
			<trkpt lat="48.962253" lon="20.401961">
				<ele>542.000000</ele>
			</trkpt>
			<trkpt lat="48.962283" lon="20.401961">
				<ele>542.000000</ele>
			</trkpt>
			<trkpt lat="48.962307" lon="20.401971">
				<ele>541.000000</ele>
			</trkpt>
			<trkpt lat="48.962330" lon="20.401998">
				<ele>540.000000</ele>
			</trkpt>
			<trkpt lat="48.962354" lon="20.402024">
				<ele>540.000000</ele>
			</trkpt>
			<trkpt lat="48.962371" lon="20.402070">
				<ele>540.000000</ele>
			</trkpt>
			<trkpt lat="48.962371" lon="20.402106">
				<ele>540.000000</ele>
			</trkpt>
			<trkpt lat="48.962366" lon="20.402160">
				<ele>540.000000</ele>
			</trkpt>
			<trkpt lat="48.962348" lon="20.402231">
				<ele>540.000000</ele>
			</trkpt>
			<trkpt lat="48.962342" lon="20.402258">
				<ele>540.000000</ele>
			</trkpt>
			<trkpt lat="48.962336" lon="20.402285">
				<ele>540.000000</ele>
			</trkpt>
			<trkpt lat="48.962336" lon="20.402313">
				<ele>539.000000</ele>
			</trkpt>
			<trkpt lat="48.962348" lon="20.402330">
				<ele>539.000000</ele>
			</trkpt>
			<trkpt lat="48.962383" lon="20.402348">
				<ele>539.000000</ele>
			</trkpt>
			<trkpt lat="48.962389" lon="20.402374">
				<ele>539.000000</ele>
			</trkpt>
			<trkpt lat="48.962389" lon="20.402411">
				<ele>539.000000</ele>
			</trkpt>
			<trkpt lat="48.962383" lon="20.402437">
				<ele>539.000000</ele>
			</trkpt>
			<trkpt lat="48.962371" lon="20.402464">
				<ele>539.000000</ele>
			</trkpt>
			<trkpt lat="48.962348" lon="20.402492">
				<ele>539.000000</ele>
			</trkpt>
			<trkpt lat="48.962318" lon="20.402537">
				<ele>539.000000</ele>
			</trkpt>
			<trkpt lat="48.962301" lon="20.402564">
				<ele>539.000000</ele>
			</trkpt>
			<trkpt lat="48.962301" lon="20.402590">
				<ele>539.000000</ele>
			</trkpt>
			<trkpt lat="48.962301" lon="20.402617">
				<ele>539.000000</ele>
			</trkpt>
			<trkpt lat="48.962289" lon="20.402653">
				<ele>539.000000</ele>
			</trkpt>
			<trkpt lat="48.962283" lon="20.402680">
				<ele>539.000000</ele>
			</trkpt>
			<trkpt lat="48.962206" lon="20.402940">
				<ele>538.000000</ele>
			</trkpt>
			<trkpt lat="48.962200" lon="20.402914">
				<ele>538.000000</ele>
			</trkpt>
			<trkpt lat="48.962189" lon="20.402896">
				<ele>538.000000</ele>
			</trkpt>
			<trkpt lat="48.962165" lon="20.402879">
				<ele>538.000000</ele>
			</trkpt>
			<trkpt lat="48.962124" lon="20.402816">
				<ele>538.000000</ele>
			</trkpt>
			<trkpt lat="48.962088" lon="20.402726">
				<ele>538.000000</ele>
			</trkpt>
			<trkpt lat="48.962029" lon="20.402617">
				<ele>538.000000</ele>
			</trkpt>
			<trkpt lat="48.962006" lon="20.402590">
				<ele>538.000000</ele>
			</trkpt>
			<trkpt lat="48.961988" lon="20.402554">
				<ele>538.000000</ele>
			</trkpt>
			<trkpt lat="48.961976" lon="20.402527">
				<ele>538.000000</ele>
			</trkpt>
			<trkpt lat="48.961959" lon="20.402500">
				<ele>538.000000</ele>
			</trkpt>
			<trkpt lat="48.961935" lon="20.402456">
				<ele>538.000000</ele>
			</trkpt>
			<trkpt lat="48.961911" lon="20.402429">
				<ele>538.000000</ele>
			</trkpt>
			<trkpt lat="48.961882" lon="20.402403">
				<ele>537.000000</ele>
			</trkpt>
			<trkpt lat="48.961858" lon="20.402384">
				<ele>537.000000</ele>
			</trkpt>
			<trkpt lat="48.961835" lon="20.402374">
				<ele>537.000000</ele>
			</trkpt>
			<trkpt lat="48.961799" lon="20.402366">
				<ele>537.000000</ele>
			</trkpt>
			<trkpt lat="48.961782" lon="20.402348">
				<ele>537.000000</ele>
			</trkpt>
			<trkpt lat="48.961764" lon="20.402330">
				<ele>537.000000</ele>
			</trkpt>
			<trkpt lat="48.961723" lon="20.402277">
				<ele>537.000000</ele>
			</trkpt>
			<trkpt lat="48.961670" lon="20.402213">
				<ele>537.000000</ele>
			</trkpt>
			<trkpt lat="48.961646" lon="20.402177">
				<ele>537.000000</ele>
			</trkpt>
			<trkpt lat="48.961622" lon="20.402141">
				<ele>537.000000</ele>
			</trkpt>
			<trkpt lat="48.961593" lon="20.402124">
				<ele>537.000000</ele>
			</trkpt>
			<trkpt lat="48.961552" lon="20.402124">
				<ele>537.000000</ele>
			</trkpt>
			<trkpt lat="48.961522" lon="20.402106">
				<ele>537.000000</ele>
			</trkpt>
			<trkpt lat="48.961493" lon="20.402087">
				<ele>537.000000</ele>
			</trkpt>
			<trkpt lat="48.961457" lon="20.402078">
				<ele>537.000000</ele>
			</trkpt>
			<trkpt lat="48.961428" lon="20.402078">
				<ele>537.000000</ele>
			</trkpt>
			<trkpt lat="48.961381" lon="20.402087">
				<ele>537.000000</ele>
			</trkpt>
			<trkpt lat="48.961357" lon="20.402097">
				<ele>537.000000</ele>
			</trkpt>
			<trkpt lat="48.961328" lon="20.402106">
				<ele>537.000000</ele>
			</trkpt>
			<trkpt lat="48.961298" lon="20.402097">
				<ele>537.000000</ele>
			</trkpt>
			<trkpt lat="48.961263" lon="20.402087">
				<ele>537.000000</ele>
			</trkpt>
			<trkpt lat="48.961227" lon="20.402070">
				<ele>536.000000</ele>
			</trkpt>
			<trkpt lat="48.961204" lon="20.402043">
				<ele>536.000000</ele>
			</trkpt>
			<trkpt lat="48.961180" lon="20.402024">
				<ele>536.000000</ele>
			</trkpt>
			<trkpt lat="48.961127" lon="20.402024">
				<ele>536.000000</ele>
			</trkpt>
			<trkpt lat="48.961103" lon="20.402007">
				<ele>536.000000</ele>
			</trkpt>
			<trkpt lat="48.961080" lon="20.402007">
				<ele>536.000000</ele>
			</trkpt>
			<trkpt lat="48.961056" lon="20.402007">
				<ele>536.000000</ele>
			</trkpt>
			<trkpt lat="48.961033" lon="20.402007">
				<ele>536.000000</ele>
			</trkpt>
			<trkpt lat="48.961009" lon="20.401980">
				<ele>536.000000</ele>
			</trkpt>
			<trkpt lat="48.960980" lon="20.401926">
				<ele>536.000000</ele>
			</trkpt>
			<trkpt lat="48.960950" lon="20.401881">
				<ele>536.000000</ele>
			</trkpt>
			<trkpt lat="48.960909" lon="20.401863">
				<ele>536.000000</ele>
			</trkpt>
			<trkpt lat="48.960879" lon="20.401845">
				<ele>536.000000</ele>
			</trkpt>
			<trkpt lat="48.960837" lon="20.401845">
				<ele>536.000000</ele>
			</trkpt>
			<trkpt lat="48.960803" lon="20.401827">
				<ele>536.000000</ele>
			</trkpt>
			<trkpt lat="48.960761" lon="20.401800">
				<ele>536.000000</ele>
			</trkpt>
			<trkpt lat="48.960750" lon="20.401791">
				<ele>536.000000</ele>
			</trkpt>
			<trkpt lat="48.960750" lon="20.401791">
				<ele>536.000000</ele>
			</trkpt>
			<trkpt lat="48.960726" lon="20.401755">
				<ele>536.000000</ele>
			</trkpt>
			<trkpt lat="48.960702" lon="20.401711">
				<ele>536.000000</ele>
			</trkpt>
			<trkpt lat="48.960679" lon="20.401684">
				<ele>536.000000</ele>
			</trkpt>
			<trkpt lat="48.960661" lon="20.401684">
				<ele>536.000000</ele>
			</trkpt>
			<trkpt lat="48.960607" lon="20.401657">
				<ele>535.000000</ele>
			</trkpt>
			<trkpt lat="48.960584" lon="20.401611">
				<ele>535.000000</ele>
			</trkpt>
			<trkpt lat="48.960555" lon="20.401567">
				<ele>535.000000</ele>
			</trkpt>
			<trkpt lat="48.960525" lon="20.401548">
				<ele>535.000000</ele>
			</trkpt>
			<trkpt lat="48.960490" lon="20.401548">
				<ele>535.000000</ele>
			</trkpt>
			<trkpt lat="48.960455" lon="20.401540">
				<ele>535.000000</ele>
			</trkpt>
			<trkpt lat="48.960431" lon="20.401531">
				<ele>535.000000</ele>
			</trkpt>
			<trkpt lat="48.960407" lon="20.401485">
				<ele>535.000000</ele>
			</trkpt>
			<trkpt lat="48.960390" lon="20.401468">
				<ele>535.000000</ele>
			</trkpt>
			<trkpt lat="48.960348" lon="20.401450">
				<ele>535.000000</ele>
			</trkpt>
			<trkpt lat="48.960318" lon="20.401450">
				<ele>535.000000</ele>
			</trkpt>
			<trkpt lat="48.960295" lon="20.401441">
				<ele>535.000000</ele>
			</trkpt>
			<trkpt lat="48.960284" lon="20.401414">
				<ele>535.000000</ele>
			</trkpt>
			<trkpt lat="48.960266" lon="20.401414">
				<ele>535.000000</ele>
			</trkpt>
			<trkpt lat="48.960242" lon="20.401414">
				<ele>535.000000</ele>
			</trkpt>
			<trkpt lat="48.960230" lon="20.401414">
				<ele>535.000000</ele>
			</trkpt>
			<trkpt lat="48.960213" lon="20.401405">
				<ele>535.000000</ele>
			</trkpt>
			<trkpt lat="48.960200" lon="20.401387">
				<ele>535.000000</ele>
			</trkpt>
			<trkpt lat="48.960189" lon="20.401378">
				<ele>535.000000</ele>
			</trkpt>
			<trkpt lat="48.960118" lon="20.401369">
				<ele>535.000000</ele>
			</trkpt>
			<trkpt lat="48.960077" lon="20.401369">
				<ele>535.000000</ele>
			</trkpt>
			<trkpt lat="48.960029" lon="20.401361">
				<ele>535.000000</ele>
			</trkpt>
			<trkpt lat="48.959977" lon="20.401342">
				<ele>534.000000</ele>
			</trkpt>
			<trkpt lat="48.959936" lon="20.401342">
				<ele>534.000000</ele>
			</trkpt>
			<trkpt lat="48.959900" lon="20.401361">
				<ele>534.000000</ele>
			</trkpt>
			<trkpt lat="48.959877" lon="20.401361">
				<ele>534.000000</ele>
			</trkpt>
			<trkpt lat="48.959847" lon="20.401342">
				<ele>534.000000</ele>
			</trkpt>
			<trkpt lat="48.959824" lon="20.401332">
				<ele>534.000000</ele>
			</trkpt>
			<trkpt lat="48.959788" lon="20.401332">
				<ele>534.000000</ele>
			</trkpt>
			<trkpt lat="48.959759" lon="20.401332">
				<ele>534.000000</ele>
			</trkpt>
			<trkpt lat="48.959723" lon="20.401342">
				<ele>534.000000</ele>
			</trkpt>
			<trkpt lat="48.959652" lon="20.401369">
				<ele>534.000000</ele>
			</trkpt>
			<trkpt lat="48.959594" lon="20.401405">
				<ele>534.000000</ele>
			</trkpt>
			<trkpt lat="48.959564" lon="20.401414">
				<ele>534.000000</ele>
			</trkpt>
			<trkpt lat="48.959535" lon="20.401405">
				<ele>534.000000</ele>
			</trkpt>
			<trkpt lat="48.959517" lon="20.401395">
				<ele>534.000000</ele>
			</trkpt>
			<trkpt lat="48.959493" lon="20.401414">
				<ele>534.000000</ele>
			</trkpt>
			<trkpt lat="48.959464" lon="20.401422">
				<ele>534.000000</ele>
			</trkpt>
			<trkpt lat="48.959411" lon="20.401441">
				<ele>534.000000</ele>
			</trkpt>
			<trkpt lat="48.959346" lon="20.401477">
				<ele>534.000000</ele>
			</trkpt>
			<trkpt lat="48.959328" lon="20.401495">
				<ele>534.000000</ele>
			</trkpt>
			<trkpt lat="48.959310" lon="20.401495">
				<ele>534.000000</ele>
			</trkpt>
			<trkpt lat="48.959299" lon="20.401504">
				<ele>533.000000</ele>
			</trkpt>
			<trkpt lat="48.959280" lon="20.401521">
				<ele>533.000000</ele>
			</trkpt>
			<trkpt lat="48.959263" lon="20.401540">
				<ele>533.000000</ele>
			</trkpt>
			<trkpt lat="48.959240" lon="20.401558">
				<ele>533.000000</ele>
			</trkpt>
			<trkpt lat="48.959192" lon="20.401594">
				<ele>533.000000</ele>
			</trkpt>
			<trkpt lat="48.959175" lon="20.401630">
				<ele>533.000000</ele>
			</trkpt>
			<trkpt lat="48.959162" lon="20.401665">
				<ele>533.000000</ele>
			</trkpt>
			<trkpt lat="48.959157" lon="20.401711">
				<ele>533.000000</ele>
			</trkpt>
			<trkpt lat="48.959139" lon="20.401728">
				<ele>533.000000</ele>
			</trkpt>
			<trkpt lat="48.959098" lon="20.401800">
				<ele>533.000000</ele>
			</trkpt>
			<trkpt lat="48.959063" lon="20.401863">
				<ele>533.000000</ele>
			</trkpt>
			<trkpt lat="48.958968" lon="20.402061">
				<ele>533.000000</ele>
			</trkpt>
			<trkpt lat="48.958909" lon="20.402187">
				<ele>533.000000</ele>
			</trkpt>
			<trkpt lat="48.958886" lon="20.402240">
				<ele>533.000000</ele>
			</trkpt>
			<trkpt lat="48.958886" lon="20.402294">
				<ele>533.000000</ele>
			</trkpt>
			<trkpt lat="48.958873" lon="20.402393">
				<ele>532.000000</ele>
			</trkpt>
			<trkpt lat="48.958868" lon="20.402437">
				<ele>532.000000</ele>
			</trkpt>
			<trkpt lat="48.958862" lon="20.402483">
				<ele>532.000000</ele>
			</trkpt>
			<trkpt lat="48.958879" lon="20.402546">
				<ele>532.000000</ele>
			</trkpt>
			<trkpt lat="48.958879" lon="20.402627">
				<ele>532.000000</ele>
			</trkpt>
			<trkpt lat="48.958886" lon="20.402690">
				<ele>532.000000</ele>
			</trkpt>
			<trkpt lat="48.958886" lon="20.402734">
				<ele>532.000000</ele>
			</trkpt>
			<trkpt lat="48.958886" lon="20.402789">
				<ele>532.000000</ele>
			</trkpt>
			<trkpt lat="48.958892" lon="20.402833">
				<ele>532.000000</ele>
			</trkpt>
			<trkpt lat="48.958868" lon="20.402959">
				<ele>532.000000</ele>
			</trkpt>
			<trkpt lat="48.958856" lon="20.403040">
				<ele>532.000000</ele>
			</trkpt>
			<trkpt lat="48.958827" lon="20.403103">
				<ele>532.000000</ele>
			</trkpt>
			<trkpt lat="48.958809" lon="20.403156">
				<ele>532.000000</ele>
			</trkpt>
			<trkpt lat="48.958809" lon="20.403183">
				<ele>532.000000</ele>
			</trkpt>
			<trkpt lat="48.958785" lon="20.403282">
				<ele>532.000000</ele>
			</trkpt>
			<trkpt lat="48.958780" lon="20.403327">
				<ele>532.000000</ele>
			</trkpt>
			<trkpt lat="48.958774" lon="20.403345">
				<ele>532.000000</ele>
			</trkpt>
			<trkpt lat="48.958774" lon="20.403372">
				<ele>531.000000</ele>
			</trkpt>
			<trkpt lat="48.958755" lon="20.403416">
				<ele>531.000000</ele>
			</trkpt>
			<trkpt lat="48.958732" lon="20.403462">
				<ele>531.000000</ele>
			</trkpt>
			<trkpt lat="48.958708" lon="20.403525">
				<ele>531.000000</ele>
			</trkpt>
			<trkpt lat="48.958685" lon="20.403642">
				<ele>531.000000</ele>
			</trkpt>
			<trkpt lat="48.958673" lon="20.403722">
				<ele>531.000000</ele>
			</trkpt>
			<trkpt lat="48.958662" lon="20.403776">
				<ele>531.000000</ele>
			</trkpt>
			<trkpt lat="48.958643" lon="20.403803">
				<ele>531.000000</ele>
			</trkpt>
			<trkpt lat="48.958632" lon="20.403821">
				<ele>531.000000</ele>
			</trkpt>
			<trkpt lat="48.958609" lon="20.403831">
				<ele>531.000000</ele>
			</trkpt>
			<trkpt lat="48.958590" lon="20.403848">
				<ele>531.000000</ele>
			</trkpt>
			<trkpt lat="48.958561" lon="20.403902">
				<ele>531.000000</ele>
			</trkpt>
			<trkpt lat="48.958538" lon="20.403982">
				<ele>531.000000</ele>
			</trkpt>
			<trkpt lat="48.958508" lon="20.404055">
				<ele>531.000000</ele>
			</trkpt>
			<trkpt lat="48.958491" lon="20.404100">
				<ele>531.000000</ele>
			</trkpt>
			<trkpt lat="48.958472" lon="20.404135">
				<ele>531.000000</ele>
			</trkpt>
			<trkpt lat="48.958449" lon="20.404154">
				<ele>531.000000</ele>
			</trkpt>
			<trkpt lat="48.958426" lon="20.404171">
				<ele>531.000000</ele>
			</trkpt>
			<trkpt lat="48.958402" lon="20.404190">
				<ele>531.000000</ele>
			</trkpt>
			<trkpt lat="48.958354" lon="20.404208">
				<ele>530.000000</ele>
			</trkpt>
			<trkpt lat="48.958337" lon="20.404198">
				<ele>530.000000</ele>
			</trkpt>
			<trkpt lat="48.958325" lon="20.404208">
				<ele>530.000000</ele>
			</trkpt>
			<trkpt lat="48.958290" lon="20.404217">
				<ele>530.000000</ele>
			</trkpt>
			<trkpt lat="48.958266" lon="20.404225">
				<ele>530.000000</ele>
			</trkpt>
			<trkpt lat="48.958242" lon="20.404252">
				<ele>530.000000</ele>
			</trkpt>
			<trkpt lat="48.958207" lon="20.404280">
				<ele>530.000000</ele>
			</trkpt>
			<trkpt lat="48.958172" lon="20.404342">
				<ele>530.000000</ele>
			</trkpt>
			<trkpt lat="48.958154" lon="20.404378">
				<ele>530.000000</ele>
			</trkpt>
			<trkpt lat="48.958113" lon="20.404432">
				<ele>530.000000</ele>
			</trkpt>
			<trkpt lat="48.958084" lon="20.404441">
				<ele>530.000000</ele>
			</trkpt>
			<trkpt lat="48.958065" lon="20.404441">
				<ele>530.000000</ele>
			</trkpt>
			<trkpt lat="48.958048" lon="20.404458">
				<ele>530.000000</ele>
			</trkpt>
			<trkpt lat="48.958042" lon="20.404487">
				<ele>530.000000</ele>
			</trkpt>
			<trkpt lat="48.958012" lon="20.404495">
				<ele>530.000000</ele>
			</trkpt>
			<trkpt lat="48.957959" lon="20.404495">
				<ele>530.000000</ele>
			</trkpt>
			<trkpt lat="48.957913" lon="20.404531">
				<ele>530.000000</ele>
			</trkpt>
			<trkpt lat="48.957877" lon="20.404585">
				<ele>530.000000</ele>
			</trkpt>
			<trkpt lat="48.957841" lon="20.404648">
				<ele>530.000000</ele>
			</trkpt>
			<trkpt lat="48.957795" lon="20.404764">
				<ele>530.000000</ele>
			</trkpt>
			<trkpt lat="48.957782" lon="20.404827">
				<ele>530.000000</ele>
			</trkpt>
			<trkpt lat="48.957765" lon="20.404917">
				<ele>530.000000</ele>
			</trkpt>
			<trkpt lat="48.957753" lon="20.404963">
				<ele>530.000000</ele>
			</trkpt>
			<trkpt lat="48.957706" lon="20.405070">
				<ele>530.000000</ele>
			</trkpt>
			<trkpt lat="48.957694" lon="20.405160">
				<ele>530.000000</ele>
			</trkpt>
			<trkpt lat="48.957688" lon="20.405240">
				<ele>530.000000</ele>
			</trkpt>
			<trkpt lat="48.957694" lon="20.405313">
				<ele>530.000000</ele>
			</trkpt>
			<trkpt lat="48.957688" lon="20.405376">
				<ele>530.000000</ele>
			</trkpt>
			<trkpt lat="48.957658" lon="20.405439">
				<ele>530.000000</ele>
			</trkpt>
			<trkpt lat="48.957641" lon="20.405519">
				<ele>530.000000</ele>
			</trkpt>
			<trkpt lat="48.957624" lon="20.405627">
				<ele>530.000000</ele>
			</trkpt>
			<trkpt lat="48.957611" lon="20.405699">
				<ele>530.000000</ele>
			</trkpt>
			<trkpt lat="48.957605" lon="20.405789">
				<ele>530.000000</ele>
			</trkpt>
			<trkpt lat="48.957582" lon="20.405833">
				<ele>530.000000</ele>
			</trkpt>
			<trkpt lat="48.957540" lon="20.405888">
				<ele>530.000000</ele>
			</trkpt>
			<trkpt lat="48.957511" lon="20.405969">
				<ele>530.000000</ele>
			</trkpt>
			<trkpt lat="48.957481" lon="20.406049">
				<ele>530.000000</ele>
			</trkpt>
			<trkpt lat="48.957447" lon="20.406085">
				<ele>530.000000</ele>
			</trkpt>
			<trkpt lat="48.957422" lon="20.406112">
				<ele>530.000000</ele>
			</trkpt>
			<trkpt lat="48.957399" lon="20.406139">
				<ele>530.000000</ele>
			</trkpt>
			<trkpt lat="48.957388" lon="20.406156">
				<ele>530.000000</ele>
			</trkpt>
			<trkpt lat="48.957381" lon="20.406202">
				<ele>530.000000</ele>
			</trkpt>
			<trkpt lat="48.957358" lon="20.406238">
				<ele>530.000000</ele>
			</trkpt>
			<trkpt lat="48.957346" lon="20.406256">
				<ele>530.000000</ele>
			</trkpt>
			<trkpt lat="48.957340" lon="20.406292">
				<ele>530.000000</ele>
			</trkpt>
			<trkpt lat="48.957316" lon="20.406336">
				<ele>530.000000</ele>
			</trkpt>
			<trkpt lat="48.957299" lon="20.406372">
				<ele>530.000000</ele>
			</trkpt>
			<trkpt lat="48.957269" lon="20.406391">
				<ele>530.000000</ele>
			</trkpt>
			<trkpt lat="48.957251" lon="20.406408">
				<ele>530.000000</ele>
			</trkpt>
			<trkpt lat="48.957234" lon="20.406418">
				<ele>530.000000</ele>
			</trkpt>
			<trkpt lat="48.957217" lon="20.406435">
				<ele>530.000000</ele>
			</trkpt>
			<trkpt lat="48.957210" lon="20.406489">
				<ele>531.000000</ele>
			</trkpt>
			<trkpt lat="48.957217" lon="20.406525">
				<ele>532.000000</ele>
			</trkpt>
			<trkpt lat="48.957210" lon="20.406552">
				<ele>532.000000</ele>
			</trkpt>
			<trkpt lat="48.957204" lon="20.406571">
				<ele>533.000000</ele>
			</trkpt>
			<trkpt lat="48.957187" lon="20.406579">
				<ele>533.000000</ele>
			</trkpt>
			<trkpt lat="48.957169" lon="20.406588">
				<ele>534.000000</ele>
			</trkpt>
			<trkpt lat="48.957133" lon="20.406624">
				<ele>535.000000</ele>
			</trkpt>
			<trkpt lat="48.957092" lon="20.406687">
				<ele>536.000000</ele>
			</trkpt>
			<trkpt lat="48.957069" lon="20.406732">
				<ele>538.000000</ele>
			</trkpt>
			<trkpt lat="48.957057" lon="20.406758">
				<ele>538.000000</ele>
			</trkpt>
			<trkpt lat="48.957051" lon="20.406777">
				<ele>539.000000</ele>
			</trkpt>
			<trkpt lat="48.957033" lon="20.406785">
				<ele>539.000000</ele>
			</trkpt>
			<trkpt lat="48.957021" lon="20.406795">
				<ele>539.000000</ele>
			</trkpt>
			<trkpt lat="48.957010" lon="20.406795">
				<ele>540.000000</ele>
			</trkpt>
			<trkpt lat="48.956992" lon="20.406812">
				<ele>540.000000</ele>
			</trkpt>
			<trkpt lat="48.956968" lon="20.406840">
				<ele>539.000000</ele>
			</trkpt>
			<trkpt lat="48.956962" lon="20.406858">
				<ele>538.000000</ele>
			</trkpt>
			<trkpt lat="48.956957" lon="20.406858">
				<ele>538.000000</ele>
			</trkpt>
			<trkpt lat="48.956945" lon="20.406867">
				<ele>537.000000</ele>
			</trkpt>
			<trkpt lat="48.956928" lon="20.406894">
				<ele>536.000000</ele>
			</trkpt>
			<trkpt lat="48.956903" lon="20.406921">
				<ele>535.000000</ele>
			</trkpt>
			<trkpt lat="48.956862" lon="20.406992">
				<ele>533.000000</ele>
			</trkpt>
			<trkpt lat="48.956815" lon="20.407019">
				<ele>531.000000</ele>
			</trkpt>
			<trkpt lat="48.956768" lon="20.407047">
				<ele>530.000000</ele>
			</trkpt>
			<trkpt lat="48.956756" lon="20.407064">
				<ele>530.000000</ele>
			</trkpt>
			<trkpt lat="48.956756" lon="20.407100">
				<ele>530.000000</ele>
			</trkpt>
			<trkpt lat="48.956744" lon="20.407118">
				<ele>530.000000</ele>
			</trkpt>
			<trkpt lat="48.956721" lon="20.407127">
				<ele>530.000000</ele>
			</trkpt>
			<trkpt lat="48.956691" lon="20.407137">
				<ele>530.000000</ele>
			</trkpt>
			<trkpt lat="48.956662" lon="20.407172">
				<ele>530.000000</ele>
			</trkpt>
			<trkpt lat="48.956632" lon="20.407217">
				<ele>530.000000</ele>
			</trkpt>
			<trkpt lat="48.956585" lon="20.407334">
				<ele>530.000000</ele>
			</trkpt>
			<trkpt lat="48.956567" lon="20.407424">
				<ele>530.000000</ele>
			</trkpt>
			<trkpt lat="48.956561" lon="20.407531">
				<ele>530.000000</ele>
			</trkpt>
			<trkpt lat="48.956555" lon="20.407693">
				<ele>530.000000</ele>
			</trkpt>
			<trkpt lat="48.956561" lon="20.407792">
				<ele>530.000000</ele>
			</trkpt>
			<trkpt lat="48.956555" lon="20.407873">
				<ele>530.000000</ele>
			</trkpt>
			<trkpt lat="48.956532" lon="20.408007">
				<ele>530.000000</ele>
			</trkpt>
			<trkpt lat="48.956526" lon="20.408070">
				<ele>530.000000</ele>
			</trkpt>
			<trkpt lat="48.956526" lon="20.408160">
				<ele>530.000000</ele>
			</trkpt>
			<trkpt lat="48.956544" lon="20.408223">
				<ele>530.000000</ele>
			</trkpt>
			<trkpt lat="48.956561" lon="20.408277">
				<ele>530.000000</ele>
			</trkpt>
			<trkpt lat="48.956620" lon="20.408322">
				<ele>530.000000</ele>
			</trkpt>
			<trkpt lat="48.956650" lon="20.408349">
				<ele>530.000000</ele>
			</trkpt>
			<trkpt lat="48.956697" lon="20.408403">
				<ele>530.000000</ele>
			</trkpt>
			<trkpt lat="48.956744" lon="20.408483">
				<ele>530.000000</ele>
			</trkpt>
			<trkpt lat="48.956785" lon="20.408546">
				<ele>530.000000</ele>
			</trkpt>
			<trkpt lat="48.956803" lon="20.408600">
				<ele>530.000000</ele>
			</trkpt>
			<trkpt lat="48.956803" lon="20.408663">
				<ele>530.000000</ele>
			</trkpt>
			<trkpt lat="48.956809" lon="20.408726">
				<ele>530.000000</ele>
			</trkpt>
			<trkpt lat="48.956833" lon="20.408806">
				<ele>530.000000</ele>
			</trkpt>
			<trkpt lat="48.956862" lon="20.408869">
				<ele>530.000000</ele>
			</trkpt>
			<trkpt lat="48.956921" lon="20.408986">
				<ele>530.000000</ele>
			</trkpt>
			<trkpt lat="48.956968" lon="20.409112">
				<ele>530.000000</ele>
			</trkpt>
			<trkpt lat="48.956998" lon="20.409211">
				<ele>530.000000</ele>
			</trkpt>
			<trkpt lat="48.957021" lon="20.409238">
				<ele>530.000000</ele>
			</trkpt>
			<trkpt lat="48.957039" lon="20.409265">
				<ele>530.000000</ele>
			</trkpt>
			<trkpt lat="48.957051" lon="20.409319">
				<ele>530.000000</ele>
			</trkpt>
			<trkpt lat="48.957057" lon="20.409400">
				<ele>530.000000</ele>
			</trkpt>
			<trkpt lat="48.957045" lon="20.409435">
				<ele>530.000000</ele>
			</trkpt>
			<trkpt lat="48.957045" lon="20.409472">
				<ele>530.000000</ele>
			</trkpt>
			<trkpt lat="48.957033" lon="20.409508">
				<ele>530.000000</ele>
			</trkpt>
			<trkpt lat="48.957045" lon="20.409571">
				<ele>530.000000</ele>
			</trkpt>
			<trkpt lat="48.957033" lon="20.409634">
				<ele>530.000000</ele>
			</trkpt>
			<trkpt lat="48.957051" lon="20.409714">
				<ele>530.000000</ele>
			</trkpt>
			<trkpt lat="48.957069" lon="20.409750">
				<ele>530.000000</ele>
			</trkpt>
			<trkpt lat="48.957074" lon="20.409787">
				<ele>530.000000</ele>
			</trkpt>
			<trkpt lat="48.957086" lon="20.409903">
				<ele>530.000000</ele>
			</trkpt>
			<trkpt lat="48.957092" lon="20.409966">
				<ele>530.000000</ele>
			</trkpt>
			<trkpt lat="48.957092" lon="20.410011">
				<ele>530.000000</ele>
			</trkpt>
			<trkpt lat="48.957086" lon="20.410047">
				<ele>530.000000</ele>
			</trkpt>
			<trkpt lat="48.957080" lon="20.410083">
				<ele>530.000000</ele>
			</trkpt>
			<trkpt lat="48.957069" lon="20.410127">
				<ele>530.000000</ele>
			</trkpt>
			<trkpt lat="48.957063" lon="20.410200">
				<ele>530.000000</ele>
			</trkpt>
			<trkpt lat="48.957045" lon="20.410271">
				<ele>530.000000</ele>
			</trkpt>
			<trkpt lat="48.957033" lon="20.410353">
				<ele>530.000000</ele>
			</trkpt>
			<trkpt lat="48.957027" lon="20.410433">
				<ele>530.000000</ele>
			</trkpt>
			<trkpt lat="48.957027" lon="20.410487">
				<ele>530.000000</ele>
			</trkpt>
			<trkpt lat="48.957016" lon="20.410559">
				<ele>530.000000</ele>
			</trkpt>
			<trkpt lat="48.957010" lon="20.410657">
				<ele>530.000000</ele>
			</trkpt>
			<trkpt lat="48.957010" lon="20.410756">
				<ele>530.000000</ele>
			</trkpt>
			<trkpt lat="48.957016" lon="20.410837">
				<ele>530.000000</ele>
			</trkpt>
			<trkpt lat="48.957033" lon="20.410900">
				<ele>530.000000</ele>
			</trkpt>
			<trkpt lat="48.957063" lon="20.410963">
				<ele>530.000000</ele>
			</trkpt>
			<trkpt lat="48.957104" lon="20.411016">
				<ele>530.000000</ele>
			</trkpt>
			<trkpt lat="48.957133" lon="20.411035">
				<ele>530.000000</ele>
			</trkpt>
			<trkpt lat="48.957181" lon="20.411035">
				<ele>530.000000</ele>
			</trkpt>
			<trkpt lat="48.957204" lon="20.411053">
				<ele>530.000000</ele>
			</trkpt>
			<trkpt lat="48.957228" lon="20.411089">
				<ele>530.000000</ele>
			</trkpt>
			<trkpt lat="48.957276" lon="20.411160">
				<ele>530.000000</ele>
			</trkpt>
			<trkpt lat="48.957328" lon="20.411206">
				<ele>530.000000</ele>
			</trkpt>
			<trkpt lat="48.957381" lon="20.411242">
				<ele>530.000000</ele>
			</trkpt>
			<trkpt lat="48.957434" lon="20.411269">
				<ele>530.000000</ele>
			</trkpt>
			<trkpt lat="48.957493" lon="20.411313">
				<ele>530.000000</ele>
			</trkpt>
			<trkpt lat="48.957552" lon="20.411322">
				<ele>530.000000</ele>
			</trkpt>
			<trkpt lat="48.957588" lon="20.411322">
				<ele>530.000000</ele>
			</trkpt>
			<trkpt lat="48.957611" lon="20.411340">
				<ele>530.000000</ele>
			</trkpt>
			<trkpt lat="48.957641" lon="20.411385">
				<ele>530.000000</ele>
			</trkpt>
			<trkpt lat="48.957670" lon="20.411466">
				<ele>530.000000</ele>
			</trkpt>
			<trkpt lat="48.957706" lon="20.411565">
				<ele>530.000000</ele>
			</trkpt>
			<trkpt lat="48.957711" lon="20.411609">
				<ele>530.000000</ele>
			</trkpt>
			<trkpt lat="48.957717" lon="20.411655">
				<ele>530.000000</ele>
			</trkpt>
			<trkpt lat="48.957723" lon="20.411699">
				<ele>530.000000</ele>
			</trkpt>
			<trkpt lat="48.957723" lon="20.411726">
				<ele>530.000000</ele>
			</trkpt>
			<trkpt lat="48.957741" lon="20.411745">
				<ele>530.000000</ele>
			</trkpt>
			<trkpt lat="48.957759" lon="20.411762">
				<ele>530.000000</ele>
			</trkpt>
			<trkpt lat="48.957776" lon="20.411798">
				<ele>530.000000</ele>
			</trkpt>
			<trkpt lat="48.957782" lon="20.411835">
				<ele>530.000000</ele>
			</trkpt>
			<trkpt lat="48.957806" lon="20.411871">
				<ele>530.000000</ele>
			</trkpt>
			<trkpt lat="48.957829" lon="20.411879">
				<ele>530.000000</ele>
			</trkpt>
			<trkpt lat="48.957848" lon="20.411888">
				<ele>530.000000</ele>
			</trkpt>
			<trkpt lat="48.957871" lon="20.411924">
				<ele>530.000000</ele>
			</trkpt>
			<trkpt lat="48.957888" lon="20.411969">
				<ele>530.000000</ele>
			</trkpt>
			<trkpt lat="48.957894" lon="20.412014">
				<ele>530.000000</ele>
			</trkpt>
			<trkpt lat="48.957894" lon="20.412050">
				<ele>530.000000</ele>
			</trkpt>
			<trkpt lat="48.957907" lon="20.412085">
				<ele>530.000000</ele>
			</trkpt>
			<trkpt lat="48.957924" lon="20.412122">
				<ele>530.000000</ele>
			</trkpt>
			<trkpt lat="48.957972" lon="20.412175">
				<ele>530.000000</ele>
			</trkpt>
			<trkpt lat="48.957995" lon="20.412221">
				<ele>530.000000</ele>
			</trkpt>
			<trkpt lat="48.958025" lon="20.412284">
				<ele>530.000000</ele>
			</trkpt>
			<trkpt lat="48.958030" lon="20.412328">
				<ele>530.000000</ele>
			</trkpt>
			<trkpt lat="48.958030" lon="20.412391">
				<ele>530.000000</ele>
			</trkpt>
			<trkpt lat="48.958042" lon="20.412472">
				<ele>530.000000</ele>
			</trkpt>
			<trkpt lat="48.958030" lon="20.412498">
				<ele>530.000000</ele>
			</trkpt>
			<trkpt lat="48.958030" lon="20.412527">
				<ele>530.000000</ele>
			</trkpt>
			<trkpt lat="48.958042" lon="20.412544">
				<ele>530.000000</ele>
			</trkpt>
			<trkpt lat="48.958059" lon="20.412553">
				<ele>530.000000</ele>
			</trkpt>
			<trkpt lat="48.958084" lon="20.412634">
				<ele>530.000000</ele>
			</trkpt>
			<trkpt lat="48.958089" lon="20.412688">
				<ele>530.000000</ele>
			</trkpt>
			<trkpt lat="48.958084" lon="20.412724">
				<ele>530.000000</ele>
			</trkpt>
			<trkpt lat="48.958084" lon="20.412768">
				<ele>530.000000</ele>
			</trkpt>
			<trkpt lat="48.958089" lon="20.412796">
				<ele>530.000000</ele>
			</trkpt>
			<trkpt lat="48.958113" lon="20.412823">
				<ele>530.000000</ele>
			</trkpt>
			<trkpt lat="48.958118" lon="20.412850">
				<ele>530.000000</ele>
			</trkpt>
			<trkpt lat="48.958113" lon="20.412903">
				<ele>530.000000</ele>
			</trkpt>
			<trkpt lat="48.958113" lon="20.413011">
				<ele>530.000000</ele>
			</trkpt>
			<trkpt lat="48.958118" lon="20.413093">
				<ele>530.000000</ele>
			</trkpt>
			<trkpt lat="48.958130" lon="20.413173">
				<ele>530.000000</ele>
			</trkpt>
			<trkpt lat="48.958130" lon="20.413217">
				<ele>530.000000</ele>
			</trkpt>
			<trkpt lat="48.958124" lon="20.413253">
				<ele>530.000000</ele>
			</trkpt>
			<trkpt lat="48.958107" lon="20.413307">
				<ele>530.000000</ele>
			</trkpt>
			<trkpt lat="48.958107" lon="20.413353">
				<ele>530.000000</ele>
			</trkpt>
			<trkpt lat="48.958113" lon="20.413433">
				<ele>530.000000</ele>
			</trkpt>
			<trkpt lat="48.958113" lon="20.413496">
				<ele>530.000000</ele>
			</trkpt>
			<trkpt lat="48.958095" lon="20.413550">
				<ele>530.000000</ele>
			</trkpt>
			<trkpt lat="48.958084" lon="20.413630">
				<ele>530.000000</ele>
			</trkpt>
			<trkpt lat="48.958084" lon="20.413649">
				<ele>530.000000</ele>
			</trkpt>
			<trkpt lat="48.958084" lon="20.413667">
				<ele>530.000000</ele>
			</trkpt>
			<trkpt lat="48.958084" lon="20.413685">
				<ele>530.000000</ele>
			</trkpt>
			<trkpt lat="48.958089" lon="20.413703">
				<ele>530.000000</ele>
			</trkpt>
			<trkpt lat="48.958089" lon="20.413730">
				<ele>530.000000</ele>
			</trkpt>
			<trkpt lat="48.958107" lon="20.413766">
				<ele>530.000000</ele>
			</trkpt>
			<trkpt lat="48.958113" lon="20.413802">
				<ele>530.000000</ele>
			</trkpt>
			<trkpt lat="48.958107" lon="20.413856">
				<ele>530.000000</ele>
			</trkpt>
			<trkpt lat="48.958101" lon="20.413945">
				<ele>530.000000</ele>
			</trkpt>
			<trkpt lat="48.958089" lon="20.414008">
				<ele>530.000000</ele>
			</trkpt>
			<trkpt lat="48.958089" lon="20.414072">
				<ele>530.000000</ele>
			</trkpt>
			<trkpt lat="48.958113" lon="20.414135">
				<ele>530.000000</ele>
			</trkpt>
			<trkpt lat="48.958113" lon="20.414188">
				<ele>530.000000</ele>
			</trkpt>
			<trkpt lat="48.958095" lon="20.414269">
				<ele>530.000000</ele>
			</trkpt>
			<trkpt lat="48.958084" lon="20.414349">
				<ele>530.000000</ele>
			</trkpt>
			<trkpt lat="48.958089" lon="20.414412">
				<ele>530.000000</ele>
			</trkpt>
			<trkpt lat="48.958089" lon="20.414466">
				<ele>530.000000</ele>
			</trkpt>
			<trkpt lat="48.958078" lon="20.414511">
				<ele>530.000000</ele>
			</trkpt>
			<trkpt lat="48.958071" lon="20.414538">
				<ele>530.000000</ele>
			</trkpt>
			<trkpt lat="48.958036" lon="20.414628">
				<ele>530.000000</ele>
			</trkpt>
			<trkpt lat="48.958025" lon="20.414672">
				<ele>530.000000</ele>
			</trkpt>
			<trkpt lat="48.958025" lon="20.414745">
				<ele>530.000000</ele>
			</trkpt>
			<trkpt lat="48.958006" lon="20.414817">
				<ele>530.000000</ele>
			</trkpt>
			<trkpt lat="48.957995" lon="20.414861">
				<ele>530.000000</ele>
			</trkpt>
			<trkpt lat="48.957977" lon="20.414871">
				<ele>530.000000</ele>
			</trkpt>
			<trkpt lat="48.957953" lon="20.414898">
				<ele>530.000000</ele>
			</trkpt>
			<trkpt lat="48.957918" lon="20.414915">
				<ele>530.000000</ele>
			</trkpt>
			<trkpt lat="48.957888" lon="20.414924">
				<ele>530.000000</ele>
			</trkpt>
			<trkpt lat="48.957859" lon="20.414915">
				<ele>530.000000</ele>
			</trkpt>
			<trkpt lat="48.957841" lon="20.414907">
				<ele>530.000000</ele>
			</trkpt>
			<trkpt lat="48.957818" lon="20.414907">
				<ele>530.000000</ele>
			</trkpt>
			<trkpt lat="48.957806" lon="20.414915">
				<ele>530.000000</ele>
			</trkpt>
			<trkpt lat="48.957795" lon="20.414924">
				<ele>530.000000</ele>
			</trkpt>
			<trkpt lat="48.957770" lon="20.414924">
				<ele>530.000000</ele>
			</trkpt>
			<trkpt lat="48.957741" lon="20.414907">
				<ele>530.000000</ele>
			</trkpt>
			<trkpt lat="48.957711" lon="20.414907">
				<ele>530.000000</ele>
			</trkpt>
			<trkpt lat="48.957688" lon="20.414924">
				<ele>530.000000</ele>
			</trkpt>
			<trkpt lat="48.957641" lon="20.414970">
				<ele>530.000000</ele>
			</trkpt>
			<trkpt lat="48.957629" lon="20.414970">
				<ele>530.000000</ele>
			</trkpt>
			<trkpt lat="48.957618" lon="20.414978">
				<ele>530.000000</ele>
			</trkpt>
			<trkpt lat="48.957599" lon="20.414988">
				<ele>530.000000</ele>
			</trkpt>
			<trkpt lat="48.957594" lon="20.414988">
				<ele>530.000000</ele>
			</trkpt>
			<trkpt lat="48.957546" lon="20.414978">
				<ele>530.000000</ele>
			</trkpt>
			<trkpt lat="48.957535" lon="20.414978">
				<ele>530.000000</ele>
			</trkpt>
			<trkpt lat="48.957511" lon="20.414961">
				<ele>530.000000</ele>
			</trkpt>
			<trkpt lat="48.957493" lon="20.414951">
				<ele>530.000000</ele>
			</trkpt>
			<trkpt lat="48.957481" lon="20.414942">
				<ele>530.000000</ele>
			</trkpt>
			<trkpt lat="48.957452" lon="20.414934">
				<ele>530.000000</ele>
			</trkpt>
			<trkpt lat="48.957428" lon="20.414915">
				<ele>530.000000</ele>
			</trkpt>
			<trkpt lat="48.957399" lon="20.414907">
				<ele>530.000000</ele>
			</trkpt>
			<trkpt lat="48.957381" lon="20.414907">
				<ele>530.000000</ele>
			</trkpt>
			<trkpt lat="48.957340" lon="20.414880">
				<ele>530.000000</ele>
			</trkpt>
			<trkpt lat="48.957305" lon="20.414871">
				<ele>530.000000</ele>
			</trkpt>
			<trkpt lat="48.957181" lon="20.414852">
				<ele>530.000000</ele>
			</trkpt>
			<trkpt lat="48.956933" lon="20.414852">
				<ele>530.000000</ele>
			</trkpt>
			<trkpt lat="48.956868" lon="20.414861">
				<ele>530.000000</ele>
			</trkpt>
			<trkpt lat="48.956791" lon="20.414880">
				<ele>530.000000</ele>
			</trkpt>
			<trkpt lat="48.956744" lon="20.414871">
				<ele>530.000000</ele>
			</trkpt>
			<trkpt lat="48.956703" lon="20.414852">
				<ele>530.000000</ele>
			</trkpt>
			<trkpt lat="48.956662" lon="20.414835">
				<ele>530.000000</ele>
			</trkpt>
			<trkpt lat="48.956620" lon="20.414825">
				<ele>530.000000</ele>
			</trkpt>
			<trkpt lat="48.956579" lon="20.414835">
				<ele>530.000000</ele>
			</trkpt>
			<trkpt lat="48.956538" lon="20.414844">
				<ele>530.000000</ele>
			</trkpt>
			<trkpt lat="48.956502" lon="20.414844">
				<ele>530.000000</ele>
			</trkpt>
			<trkpt lat="48.956473" lon="20.414835">
				<ele>530.000000</ele>
			</trkpt>
			<trkpt lat="48.956426" lon="20.414808">
				<ele>530.000000</ele>
			</trkpt>
			<trkpt lat="48.956402" lon="20.414790">
				<ele>530.000000</ele>
			</trkpt>
			<trkpt lat="48.956361" lon="20.414772">
				<ele>530.000000</ele>
			</trkpt>
			<trkpt lat="48.956343" lon="20.414762">
				<ele>530.000000</ele>
			</trkpt>
			<trkpt lat="48.956319" lon="20.414762">
				<ele>530.000000</ele>
			</trkpt>
			<trkpt lat="48.956284" lon="20.414754">
				<ele>530.000000</ele>
			</trkpt>
			<trkpt lat="48.956255" lon="20.414735">
				<ele>530.000000</ele>
			</trkpt>
			<trkpt lat="48.956231" lon="20.414709">
				<ele>530.000000</ele>
			</trkpt>
			<trkpt lat="48.956202" lon="20.414664">
				<ele>530.000000</ele>
			</trkpt>
			<trkpt lat="48.956178" lon="20.414611">
				<ele>530.000000</ele>
			</trkpt>
			<trkpt lat="48.956148" lon="20.414556">
				<ele>530.000000</ele>
			</trkpt>
			<trkpt lat="48.956101" lon="20.414502">
				<ele>530.000000</ele>
			</trkpt>
			<trkpt lat="48.956048" lon="20.414494">
				<ele>530.000000</ele>
			</trkpt>
			<trkpt lat="48.955983" lon="20.414458">
				<ele>530.000000</ele>
			</trkpt>
			<trkpt lat="48.955936" lon="20.414439">
				<ele>530.000000</ele>
			</trkpt>
			<trkpt lat="48.955901" lon="20.414439">
				<ele>530.000000</ele>
			</trkpt>
			<trkpt lat="48.955871" lon="20.414412">
				<ele>530.000000</ele>
			</trkpt>
			<trkpt lat="48.955836" lon="20.414376">
				<ele>530.000000</ele>
			</trkpt>
			<trkpt lat="48.955795" lon="20.414322">
				<ele>530.000000</ele>
			</trkpt>
			<trkpt lat="48.955777" lon="20.414314">
				<ele>530.000000</ele>
			</trkpt>
			<trkpt lat="48.955747" lon="20.414332">
				<ele>530.000000</ele>
			</trkpt>
			<trkpt lat="48.955694" lon="20.414314">
				<ele>530.000000</ele>
			</trkpt>
			<trkpt lat="48.955665" lon="20.414322">
				<ele>530.000000</ele>
			</trkpt>
			<trkpt lat="48.955594" lon="20.414314">
				<ele>530.000000</ele>
			</trkpt>
			<trkpt lat="48.955529" lon="20.414322">
				<ele>530.000000</ele>
			</trkpt>
			<trkpt lat="48.955476" lon="20.414322">
				<ele>530.000000</ele>
			</trkpt>
			<trkpt lat="48.955417" lon="20.414341">
				<ele>530.000000</ele>
			</trkpt>
			<trkpt lat="48.955358" lon="20.414376">
				<ele>530.000000</ele>
			</trkpt>
			<trkpt lat="48.955299" lon="20.414431">
				<ele>530.000000</ele>
			</trkpt>
			<trkpt lat="48.955146" lon="20.414637">
				<ele>530.000000</ele>
			</trkpt>
			<trkpt lat="48.955140" lon="20.414701">
				<ele>530.000000</ele>
			</trkpt>
			<trkpt lat="48.955140" lon="20.414762">
				<ele>530.000000</ele>
			</trkpt>
			<trkpt lat="48.955152" lon="20.414817">
				<ele>530.000000</ele>
			</trkpt>
			<trkpt lat="48.955163" lon="20.414852">
				<ele>530.000000</ele>
			</trkpt>
			<trkpt lat="48.955169" lon="20.414951">
				<ele>530.000000</ele>
			</trkpt>
			<trkpt lat="48.955181" lon="20.415005">
				<ele>530.000000</ele>
			</trkpt>
			<trkpt lat="48.955193" lon="20.415059">
				<ele>530.000000</ele>
			</trkpt>
			<trkpt lat="48.955175" lon="20.415104">
				<ele>530.000000</ele>
			</trkpt>
			<trkpt lat="48.955140" lon="20.415148">
				<ele>530.000000</ele>
			</trkpt>
			<trkpt lat="48.954981" lon="20.415148">
				<ele>530.000000</ele>
			</trkpt>
			<trkpt lat="48.954963" lon="20.415177">
				<ele>530.000000</ele>
			</trkpt>
			<trkpt lat="48.954963" lon="20.415248">
				<ele>530.000000</ele>
			</trkpt>
			<trkpt lat="48.954969" lon="20.415347">
				<ele>530.000000</ele>
			</trkpt>
			<trkpt lat="48.954975" lon="20.415473">
				<ele>530.000000</ele>
			</trkpt>
			<trkpt lat="48.954992" lon="20.415563">
				<ele>530.000000</ele>
			</trkpt>
			<trkpt lat="48.954998" lon="20.415714">
				<ele>530.000000</ele>
			</trkpt>
			<trkpt lat="48.955010" lon="20.415777">
				<ele>530.000000</ele>
			</trkpt>
			<trkpt lat="48.954998" lon="20.415850">
				<ele>530.000000</ele>
			</trkpt>
			<trkpt lat="48.954998" lon="20.415903">
				<ele>530.000000</ele>
			</trkpt>
			<trkpt lat="48.954986" lon="20.415949">
				<ele>530.000000</ele>
			</trkpt>
			<trkpt lat="48.955010" lon="20.415993">
				<ele>530.000000</ele>
			</trkpt>
			<trkpt lat="48.955016" lon="20.416039">
				<ele>530.000000</ele>
			</trkpt>
			<trkpt lat="48.955034" lon="20.416083">
				<ele>530.000000</ele>
			</trkpt>
			<trkpt lat="48.955040" lon="20.416129">
				<ele>530.000000</ele>
			</trkpt>
			<trkpt lat="48.955022" lon="20.416200">
				<ele>530.000000</ele>
			</trkpt>
			<trkpt lat="48.955022" lon="20.416272">
				<ele>530.000000</ele>
			</trkpt>
			<trkpt lat="48.955010" lon="20.416317">
				<ele>530.000000</ele>
			</trkpt>
			<trkpt lat="48.954992" lon="20.416380">
				<ele>530.000000</ele>
			</trkpt>
			<trkpt lat="48.954998" lon="20.416406">
				<ele>530.000000</ele>
			</trkpt>
			<trkpt lat="48.955010" lon="20.416452">
				<ele>530.000000</ele>
			</trkpt>
			<trkpt lat="48.955004" lon="20.416506">
				<ele>530.000000</ele>
			</trkpt>
			<trkpt lat="48.954975" lon="20.416550">
				<ele>530.000000</ele>
			</trkpt>
			<trkpt lat="48.954939" lon="20.416578">
				<ele>530.000000</ele>
			</trkpt>
			<trkpt lat="48.954922" lon="20.416622">
				<ele>530.000000</ele>
			</trkpt>
			<trkpt lat="48.954874" lon="20.416793">
				<ele>530.000000</ele>
			</trkpt>
			<trkpt lat="48.954857" lon="20.416882">
				<ele>530.000000</ele>
			</trkpt>
			<trkpt lat="48.954815" lon="20.416999">
				<ele>530.000000</ele>
			</trkpt>
			<trkpt lat="48.954786" lon="20.417026">
				<ele>530.000000</ele>
			</trkpt>
			<trkpt lat="48.954751" lon="20.417108">
				<ele>530.000000</ele>
			</trkpt>
			<trkpt lat="48.954727" lon="20.417242">
				<ele>530.000000</ele>
			</trkpt>
			<trkpt lat="48.954709" lon="20.417305">
				<ele>530.000000</ele>
			</trkpt>
			<trkpt lat="48.954697" lon="20.417412">
				<ele>530.000000</ele>
			</trkpt>
			<trkpt lat="48.954697" lon="20.417538">
				<ele>530.000000</ele>
			</trkpt>
			<trkpt lat="48.954686" lon="20.417691">
				<ele>530.000000</ele>
			</trkpt>
			<trkpt lat="48.954656" lon="20.417798">
				<ele>530.000000</ele>
			</trkpt>
			<trkpt lat="48.954621" lon="20.417861">
				<ele>530.000000</ele>
			</trkpt>
			<trkpt lat="48.954568" lon="20.417916">
				<ele>530.000000</ele>
			</trkpt>
			<trkpt lat="48.954532" lon="20.417943">
				<ele>530.000000</ele>
			</trkpt>
			<trkpt lat="48.954438" lon="20.417951">
				<ele>530.000000</ele>
			</trkpt>
			<trkpt lat="48.954367" lon="20.417961">
				<ele>530.000000</ele>
			</trkpt>
			<trkpt lat="48.954290" lon="20.417951">
				<ele>530.000000</ele>
			</trkpt>
			<trkpt lat="48.954220" lon="20.417943">
				<ele>530.000000</ele>
			</trkpt>
			<trkpt lat="48.954167" lon="20.417907">
				<ele>530.000000</ele>
			</trkpt>
			<trkpt lat="48.954113" lon="20.417861">
				<ele>530.000000</ele>
			</trkpt>
			<trkpt lat="48.954072" lon="20.417798">
				<ele>530.000000</ele>
			</trkpt>
			<trkpt lat="48.954025" lon="20.417727">
				<ele>530.000000</ele>
			</trkpt>
			<trkpt lat="48.954013" lon="20.417647">
				<ele>530.000000</ele>
			</trkpt>
			<trkpt lat="48.953996" lon="20.417574">
				<ele>530.000000</ele>
			</trkpt>
			<trkpt lat="48.953966" lon="20.417548">
				<ele>530.000000</ele>
			</trkpt>
			<trkpt lat="48.953948" lon="20.417475">
				<ele>530.000000</ele>
			</trkpt>
			<trkpt lat="48.953883" lon="20.417440">
				<ele>530.000000</ele>
			</trkpt>
			<trkpt lat="48.953783" lon="20.417368">
				<ele>530.000000</ele>
			</trkpt>
			<trkpt lat="48.953695" lon="20.417269">
				<ele>530.000000</ele>
			</trkpt>
			<trkpt lat="48.953624" lon="20.417224">
				<ele>530.000000</ele>
			</trkpt>
			<trkpt lat="48.953600" lon="20.417188">
				<ele>530.000000</ele>
			</trkpt>
			<trkpt lat="48.953571" lon="20.417161">
				<ele>530.000000</ele>
			</trkpt>
			<trkpt lat="48.953547" lon="20.417171">
				<ele>530.000000</ele>
			</trkpt>
			<trkpt lat="48.953518" lon="20.417144">
				<ele>530.000000</ele>
			</trkpt>
			<trkpt lat="48.953500" lon="20.417116">
				<ele>530.000000</ele>
			</trkpt>
			<trkpt lat="48.953471" lon="20.417072">
				<ele>530.000000</ele>
			</trkpt>
			<trkpt lat="48.953435" lon="20.416991">
				<ele>530.000000</ele>
			</trkpt>
			<trkpt lat="48.953406" lon="20.416964">
				<ele>530.000000</ele>
			</trkpt>
			<trkpt lat="48.953388" lon="20.416955">
				<ele>530.000000</ele>
			</trkpt>
			<trkpt lat="48.953364" lon="20.416955">
				<ele>530.000000</ele>
			</trkpt>
			<trkpt lat="48.953305" lon="20.416919">
				<ele>530.000000</ele>
			</trkpt>
			<trkpt lat="48.953276" lon="20.416901">
				<ele>530.000000</ele>
			</trkpt>
			<trkpt lat="48.953235" lon="20.416892">
				<ele>530.000000</ele>
			</trkpt>
			<trkpt lat="48.953158" lon="20.416892">
				<ele>530.000000</ele>
			</trkpt>
			<trkpt lat="48.953087" lon="20.416909">
				<ele>530.000000</ele>
			</trkpt>
			<trkpt lat="48.953052" lon="20.416936">
				<ele>530.000000</ele>
			</trkpt>
			<trkpt lat="48.953022" lon="20.416972">
				<ele>532.000000</ele>
			</trkpt>
			<trkpt lat="48.952999" lon="20.416999">
				<ele>532.000000</ele>
			</trkpt>
			<trkpt lat="48.952975" lon="20.417009">
				<ele>533.000000</ele>
			</trkpt>
			<trkpt lat="48.952940" lon="20.417018">
				<ele>534.000000</ele>
			</trkpt>
			<trkpt lat="48.952910" lon="20.417035">
				<ele>535.000000</ele>
			</trkpt>
			<trkpt lat="48.952892" lon="20.417054">
				<ele>536.000000</ele>
			</trkpt>
			<trkpt lat="48.952857" lon="20.417081">
				<ele>537.000000</ele>
			</trkpt>
			<trkpt lat="48.952816" lon="20.417108">
				<ele>538.000000</ele>
			</trkpt>
			<trkpt lat="48.952804" lon="20.417161">
				<ele>540.000000</ele>
			</trkpt>
			<trkpt lat="48.952792" lon="20.417198">
				<ele>540.000000</ele>
			</trkpt>
			<trkpt lat="48.952780" lon="20.417278">
				<ele>540.000000</ele>
			</trkpt>
			<trkpt lat="48.952780" lon="20.417322">
				<ele>540.000000</ele>
			</trkpt>
			<trkpt lat="48.952763" lon="20.417351">
				<ele>540.000000</ele>
			</trkpt>
			<trkpt lat="48.952751" lon="20.417368">
				<ele>540.000000</ele>
			</trkpt>
			<trkpt lat="48.952739" lon="20.417385">
				<ele>540.000000</ele>
			</trkpt>
			<trkpt lat="48.952739" lon="20.417404">
				<ele>540.000000</ele>
			</trkpt>
			<trkpt lat="48.952745" lon="20.417458">
				<ele>540.000000</ele>
			</trkpt>
			<trkpt lat="48.952751" lon="20.417502">
				<ele>540.000000</ele>
			</trkpt>
			<trkpt lat="48.952745" lon="20.417548">
				<ele>540.000000</ele>
			</trkpt>
			<trkpt lat="48.952739" lon="20.417574">
				<ele>540.000000</ele>
			</trkpt>
			<trkpt lat="48.952704" lon="20.417655">
				<ele>539.000000</ele>
			</trkpt>
			<trkpt lat="48.952686" lon="20.417718">
				<ele>539.000000</ele>
			</trkpt>
			<trkpt lat="48.952657" lon="20.417764">
				<ele>539.000000</ele>
			</trkpt>
			<trkpt lat="48.952615" lon="20.417790">
				<ele>539.000000</ele>
			</trkpt>
			<trkpt lat="48.952609" lon="20.417844">
				<ele>538.000000</ele>
			</trkpt>
			<trkpt lat="48.952651" lon="20.417861">
				<ele>538.000000</ele>
			</trkpt>
			<trkpt lat="48.952621" lon="20.417925">
				<ele>538.000000</ele>
			</trkpt>
			<trkpt lat="48.952662" lon="20.417988">
				<ele>538.000000</ele>
			</trkpt>
			<trkpt lat="48.952692" lon="20.418087">
				<ele>537.000000</ele>
			</trkpt>
			<trkpt lat="48.952716" lon="20.418177">
				<ele>537.000000</ele>
			</trkpt>
			<trkpt lat="48.952727" lon="20.418257">
				<ele>537.000000</ele>
			</trkpt>
			<trkpt lat="48.952751" lon="20.418347">
				<ele>537.000000</ele>
			</trkpt>
			<trkpt lat="48.952745" lon="20.418427">
				<ele>536.000000</ele>
			</trkpt>
			<trkpt lat="48.952745" lon="20.418536">
				<ele>536.000000</ele>
			</trkpt>
			<trkpt lat="48.952745" lon="20.418554">
				<ele>536.000000</ele>
			</trkpt>
			<trkpt lat="48.952763" lon="20.418653">
				<ele>536.000000</ele>
			</trkpt>
			<trkpt lat="48.952780" lon="20.418779">
				<ele>535.000000</ele>
			</trkpt>
			<trkpt lat="48.952774" lon="20.418869">
				<ele>535.000000</ele>
			</trkpt>
			<trkpt lat="48.952786" lon="20.418930">
				<ele>535.000000</ele>
			</trkpt>
			<trkpt lat="48.952798" lon="20.419056">
				<ele>534.000000</ele>
			</trkpt>
			<trkpt lat="48.952810" lon="20.419138">
				<ele>534.000000</ele>
			</trkpt>
			<trkpt lat="48.952804" lon="20.419255">
				<ele>534.000000</ele>
			</trkpt>
			<trkpt lat="48.952816" lon="20.419326">
				<ele>534.000000</ele>
			</trkpt>
			<trkpt lat="48.952851" lon="20.419425">
				<ele>533.000000</ele>
			</trkpt>
			<trkpt lat="48.952857" lon="20.419452">
				<ele>533.000000</ele>
			</trkpt>
			<trkpt lat="48.952857" lon="20.419496">
				<ele>533.000000</ele>
			</trkpt>
			<trkpt lat="48.952863" lon="20.419533">
				<ele>533.000000</ele>
			</trkpt>
			<trkpt lat="48.952875" lon="20.419605">
				<ele>533.000000</ele>
			</trkpt>
			<trkpt lat="48.952887" lon="20.419641">
				<ele>533.000000</ele>
			</trkpt>
			<trkpt lat="48.952898" lon="20.419695">
				<ele>532.000000</ele>
			</trkpt>
			<trkpt lat="48.952916" lon="20.419748">
				<ele>532.000000</ele>
			</trkpt>
			<trkpt lat="48.952922" lon="20.419829">
				<ele>532.000000</ele>
			</trkpt>
			<trkpt lat="48.952922" lon="20.419874">
				<ele>532.000000</ele>
			</trkpt>
			<trkpt lat="48.952922" lon="20.419919">
				<ele>532.000000</ele>
			</trkpt>
			<trkpt lat="48.952922" lon="20.419991">
				<ele>531.000000</ele>
			</trkpt>
			<trkpt lat="48.952934" lon="20.420062">
				<ele>531.000000</ele>
			</trkpt>
			<trkpt lat="48.952946" lon="20.420098">
				<ele>531.000000</ele>
			</trkpt>
			<trkpt lat="48.952963" lon="20.420135">
				<ele>531.000000</ele>
			</trkpt>
			<trkpt lat="48.952975" lon="20.420180">
				<ele>531.000000</ele>
			</trkpt>
			<trkpt lat="48.952969" lon="20.420278">
				<ele>531.000000</ele>
			</trkpt>
			<trkpt lat="48.952993" lon="20.420324">
				<ele>530.000000</ele>
			</trkpt>
			<trkpt lat="48.952987" lon="20.420387">
				<ele>530.000000</ele>
			</trkpt>
			<trkpt lat="48.953010" lon="20.420448">
				<ele>530.000000</ele>
			</trkpt>
			<trkpt lat="48.953058" lon="20.420530">
				<ele>530.000000</ele>
			</trkpt>
			<trkpt lat="48.953069" lon="20.420584">
				<ele>529.000000</ele>
			</trkpt>
			<trkpt lat="48.953093" lon="20.420638">
				<ele>529.000000</ele>
			</trkpt>
			<trkpt lat="48.953099" lon="20.420718">
				<ele>529.000000</ele>
			</trkpt>
			<trkpt lat="48.953093" lon="20.420808">
				<ele>529.000000</ele>
			</trkpt>
			<trkpt lat="48.953075" lon="20.420898">
				<ele>528.000000</ele>
			</trkpt>
			<trkpt lat="48.953069" lon="20.421006">
				<ele>528.000000</ele>
			</trkpt>
			<trkpt lat="48.953058" lon="20.421077">
				<ele>528.000000</ele>
			</trkpt>
			<trkpt lat="48.953034" lon="20.421159">
				<ele>528.000000</ele>
			</trkpt>
			<trkpt lat="48.953016" lon="20.421222">
				<ele>527.000000</ele>
			</trkpt>
			<trkpt lat="48.953005" lon="20.421293">
				<ele>527.000000</ele>
			</trkpt>
			<trkpt lat="48.952975" lon="20.421383">
				<ele>527.000000</ele>
			</trkpt>
			<trkpt lat="48.952957" lon="20.421464">
				<ele>527.000000</ele>
			</trkpt>
			<trkpt lat="48.952916" lon="20.421590">
				<ele>526.000000</ele>
			</trkpt>
			<trkpt lat="48.952898" lon="20.421698">
				<ele>526.000000</ele>
			</trkpt>
			<trkpt lat="48.952887" lon="20.421779">
				<ele>526.000000</ele>
			</trkpt>
			<trkpt lat="48.952875" lon="20.421859">
				<ele>525.000000</ele>
			</trkpt>
			<trkpt lat="48.952845" lon="20.421959">
				<ele>525.000000</ele>
			</trkpt>
			<trkpt lat="48.952833" lon="20.422012">
				<ele>525.000000</ele>
			</trkpt>
			<trkpt lat="48.952839" lon="20.422075">
				<ele>525.000000</ele>
			</trkpt>
			<trkpt lat="48.952833" lon="20.422111">
				<ele>525.000000</ele>
			</trkpt>
			<trkpt lat="48.952822" lon="20.422165">
				<ele>524.000000</ele>
			</trkpt>
			<trkpt lat="48.952822" lon="20.422282">
				<ele>524.000000</ele>
			</trkpt>
			<trkpt lat="48.952839" lon="20.422309">
				<ele>524.000000</ele>
			</trkpt>
			<trkpt lat="48.952845" lon="20.422335">
				<ele>524.000000</ele>
			</trkpt>
			<trkpt lat="48.952857" lon="20.422372">
				<ele>524.000000</ele>
			</trkpt>
			<trkpt lat="48.952863" lon="20.422408">
				<ele>524.000000</ele>
			</trkpt>
			<trkpt lat="48.952869" lon="20.422435">
				<ele>524.000000</ele>
			</trkpt>
			<trkpt lat="48.952887" lon="20.422479">
				<ele>523.000000</ele>
			</trkpt>
			<trkpt lat="48.952892" lon="20.422525">
				<ele>523.000000</ele>
			</trkpt>
			<trkpt lat="48.952904" lon="20.422614">
				<ele>523.000000</ele>
			</trkpt>
			<trkpt lat="48.952922" lon="20.422685">
				<ele>523.000000</ele>
			</trkpt>
			<trkpt lat="48.952963" lon="20.422794">
				<ele>522.000000</ele>
			</trkpt>
			<trkpt lat="48.952969" lon="20.422821">
				<ele>522.000000</ele>
			</trkpt>
			<trkpt lat="48.952969" lon="20.422838">
				<ele>522.000000</ele>
			</trkpt>
			<trkpt lat="48.952946" lon="20.422875">
				<ele>522.000000</ele>
			</trkpt>
			<trkpt lat="48.952928" lon="20.422920">
				<ele>522.000000</ele>
			</trkpt>
			<trkpt lat="48.952910" lon="20.423001">
				<ele>522.000000</ele>
			</trkpt>
			<trkpt lat="48.952910" lon="20.423064">
				<ele>521.000000</ele>
			</trkpt>
			<trkpt lat="48.952898" lon="20.423117">
				<ele>521.000000</ele>
			</trkpt>
			<trkpt lat="48.952881" lon="20.423135">
				<ele>521.000000</ele>
			</trkpt>
			<trkpt lat="48.952863" lon="20.423135">
				<ele>521.000000</ele>
			</trkpt>
			<trkpt lat="48.952839" lon="20.423090">
				<ele>521.000000</ele>
			</trkpt>
			<trkpt lat="48.952786" lon="20.423127">
				<ele>525.000000</ele>
			</trkpt>
			<trkpt lat="48.952739" lon="20.423127">
				<ele>529.000000</ele>
			</trkpt>
			<trkpt lat="48.952657" lon="20.423090">
				<ele>532.000000</ele>
			</trkpt>
			<trkpt lat="48.952539" lon="20.423081">
				<ele>535.000000</ele>
			</trkpt>
			<trkpt lat="48.952480" lon="20.423054">
				<ele>537.000000</ele>
			</trkpt>
			<trkpt lat="48.952385" lon="20.423010">
				<ele>540.000000</ele>
			</trkpt>
			<trkpt lat="48.952291" lon="20.422947">
				<ele>542.000000</ele>
			</trkpt>
			<trkpt lat="48.952167" lon="20.422884">
				<ele>545.000000</ele>
			</trkpt>
			<trkpt lat="48.952043" lon="20.422838">
				<ele>549.000000</ele>
			</trkpt>
			<trkpt lat="48.952008" lon="20.422821">
				<ele>549.000000</ele>
			</trkpt>
			<trkpt lat="48.951978" lon="20.422794">
				<ele>550.000000</ele>
			</trkpt>
			<trkpt lat="48.951925" lon="20.422802">
				<ele>550.000000</ele>
			</trkpt>
			<trkpt lat="48.951884" lon="20.422794">
				<ele>551.000000</ele>
			</trkpt>
			<trkpt lat="48.951813" lon="20.422748">
				<ele>552.000000</ele>
			</trkpt>
			<trkpt lat="48.951660" lon="20.422569">
				<ele>555.000000</ele>
			</trkpt>
			<trkpt lat="48.951618" lon="20.422488">
				<ele>556.000000</ele>
			</trkpt>
			<trkpt lat="48.951583" lon="20.422435">
				<ele>556.000000</ele>
			</trkpt>
			<trkpt lat="48.951559" lon="20.422354">
				<ele>557.000000</ele>
			</trkpt>
			<trkpt lat="48.951542" lon="20.422318">
				<ele>558.000000</ele>
			</trkpt>
			<trkpt lat="48.951512" lon="20.422236">
				<ele>558.000000</ele>
			</trkpt>
			<trkpt lat="48.951500" lon="20.422236">
				<ele>559.000000</ele>
			</trkpt>
			<trkpt lat="48.951471" lon="20.422219">
				<ele>559.000000</ele>
			</trkpt>
			<trkpt lat="48.951418" lon="20.422183">
				<ele>560.000000</ele>
			</trkpt>
			<trkpt lat="48.951359" lon="20.422156">
				<ele>561.000000</ele>
			</trkpt>
			<trkpt lat="48.951318" lon="20.422119">
				<ele>562.000000</ele>
			</trkpt>
			<trkpt lat="48.951294" lon="20.422093">
				<ele>562.000000</ele>
			</trkpt>
			<trkpt lat="48.951247" lon="20.422056">
				<ele>563.000000</ele>
			</trkpt>
			<trkpt lat="48.951229" lon="20.422039">
				<ele>563.000000</ele>
			</trkpt>
			<trkpt lat="48.951093" lon="20.421976">
				<ele>566.000000</ele>
			</trkpt>
			<trkpt lat="48.950939" lon="20.422022">
				<ele>568.000000</ele>
			</trkpt>
			<trkpt lat="48.950852" lon="20.422056">
				<ele>570.000000</ele>
			</trkpt>
			<trkpt lat="48.950787" lon="20.422066">
				<ele>572.000000</ele>
			</trkpt>
			<trkpt lat="48.950751" lon="20.422075">
				<ele>573.000000</ele>
			</trkpt>
			<trkpt lat="48.950734" lon="20.422085">
				<ele>574.000000</ele>
			</trkpt>
			<trkpt lat="48.950686" lon="20.422085">
				<ele>576.000000</ele>
			</trkpt>
			<trkpt lat="48.950639" lon="20.422075">
				<ele>577.000000</ele>
			</trkpt>
			<trkpt lat="48.950580" lon="20.422102">
				<ele>579.000000</ele>
			</trkpt>
			<trkpt lat="48.950545" lon="20.422119">
				<ele>581.000000</ele>
			</trkpt>
			<trkpt lat="48.950509" lon="20.422129">
				<ele>582.000000</ele>
			</trkpt>
			<trkpt lat="48.950479" lon="20.422119">
				<ele>583.000000</ele>
			</trkpt>
			<trkpt lat="48.950433" lon="20.422102">
				<ele>585.000000</ele>
			</trkpt>
			<trkpt lat="48.950403" lon="20.422102">
				<ele>586.000000</ele>
			</trkpt>
			<trkpt lat="48.950380" lon="20.422093">
				<ele>587.000000</ele>
			</trkpt>
			<trkpt lat="48.950356" lon="20.422102">
				<ele>588.000000</ele>
			</trkpt>
			<trkpt lat="48.950344" lon="20.422102">
				<ele>588.000000</ele>
			</trkpt>
			<trkpt lat="48.950321" lon="20.422119">
				<ele>589.000000</ele>
			</trkpt>
			<trkpt lat="48.950297" lon="20.422156">
				<ele>590.000000</ele>
			</trkpt>
			<trkpt lat="48.950268" lon="20.422165">
				<ele>591.000000</ele>
			</trkpt>
			<trkpt lat="48.950197" lon="20.422192">
				<ele>594.000000</ele>
			</trkpt>
			<trkpt lat="48.950137" lon="20.422201">
				<ele>596.000000</ele>
			</trkpt>
			<trkpt lat="48.950102" lon="20.422192">
				<ele>597.000000</ele>
			</trkpt>
			<trkpt lat="48.950032" lon="20.422192">
				<ele>600.000000</ele>
			</trkpt>
			<trkpt lat="48.949973" lon="20.422209">
				<ele>602.000000</ele>
			</trkpt>
			<trkpt lat="48.949954" lon="20.422228">
				<ele>603.000000</ele>
			</trkpt>
			<trkpt lat="48.949919" lon="20.422219">
				<ele>605.000000</ele>
			</trkpt>
			<trkpt lat="48.949889" lon="20.422209">
				<ele>606.000000</ele>
			</trkpt>
			<trkpt lat="48.949836" lon="20.422165">
				<ele>609.000000</ele>
			</trkpt>
			<trkpt lat="48.949783" lon="20.422119">
				<ele>615.000000</ele>
			</trkpt>
			<trkpt lat="48.949754" lon="20.422111">
				<ele>619.000000</ele>
			</trkpt>
			<trkpt lat="48.949701" lon="20.422056">
				<ele>624.000000</ele>
			</trkpt>
			<trkpt lat="48.949701" lon="20.422030">
				<ele>625.000000</ele>
			</trkpt>
			<trkpt lat="48.949671" lon="20.422030">
				<ele>627.000000</ele>
			</trkpt>
			<trkpt lat="48.949636" lon="20.422048">
				<ele>629.000000</ele>
			</trkpt>
			<trkpt lat="48.949589" lon="20.422039">
				<ele>630.000000</ele>
			</trkpt>
			<trkpt lat="48.949536" lon="20.422003">
				<ele>631.000000</ele>
			</trkpt>
			<trkpt lat="48.949512" lon="20.421976">
				<ele>632.000000</ele>
			</trkpt>
			<trkpt lat="48.949477" lon="20.421922">
				<ele>633.000000</ele>
			</trkpt>
			<trkpt lat="48.949412" lon="20.421850">
				<ele>634.000000</ele>
			</trkpt>
			<trkpt lat="48.949359" lon="20.421806">
				<ele>635.000000</ele>
			</trkpt>
			<trkpt lat="48.949323" lon="20.421796">
				<ele>636.000000</ele>
			</trkpt>
			<trkpt lat="48.949288" lon="20.421779">
				<ele>636.000000</ele>
			</trkpt>
			<trkpt lat="48.949247" lon="20.421788">
				<ele>637.000000</ele>
			</trkpt>
			<trkpt lat="48.949205" lon="20.421769">
				<ele>638.000000</ele>
			</trkpt>
			<trkpt lat="48.949170" lon="20.421760">
				<ele>638.000000</ele>
			</trkpt>
			<trkpt lat="48.949146" lon="20.421752">
				<ele>639.000000</ele>
			</trkpt>
			<trkpt lat="48.949093" lon="20.421752">
				<ele>640.000000</ele>
			</trkpt>
			<trkpt lat="48.949070" lon="20.421743">
				<ele>640.000000</ele>
			</trkpt>
			<trkpt lat="48.949034" lon="20.421752">
				<ele>641.000000</ele>
			</trkpt>
			<trkpt lat="48.948946" lon="20.421769">
				<ele>644.000000</ele>
			</trkpt>
			<trkpt lat="48.948934" lon="20.421779">
				<ele>645.000000</ele>
			</trkpt>
			<trkpt lat="48.948916" lon="20.421769">
				<ele>646.000000</ele>
			</trkpt>
			<trkpt lat="48.948898" lon="20.421760">
				<ele>646.000000</ele>
			</trkpt>
			<trkpt lat="48.948881" lon="20.421760">
				<ele>647.000000</ele>
			</trkpt>
			<trkpt lat="48.948869" lon="20.421752">
				<ele>647.000000</ele>
			</trkpt>
			<trkpt lat="48.948845" lon="20.421760">
				<ele>648.000000</ele>
			</trkpt>
			<trkpt lat="48.948804" lon="20.421806">
				<ele>651.000000</ele>
			</trkpt>
			<trkpt lat="48.948786" lon="20.421815">
				<ele>652.000000</ele>
			</trkpt>
			<trkpt lat="48.948775" lon="20.421815">
				<ele>653.000000</ele>
			</trkpt>
			<trkpt lat="48.948757" lon="20.421815">
				<ele>654.000000</ele>
			</trkpt>
			<trkpt lat="48.948745" lon="20.421823">
				<ele>655.000000</ele>
			</trkpt>
			<trkpt lat="48.948721" lon="20.421833">
				<ele>657.000000</ele>
			</trkpt>
			<trkpt lat="48.948657" lon="20.421833">
				<ele>661.000000</ele>
			</trkpt>
			<trkpt lat="48.948562" lon="20.421869">
				<ele>663.000000</ele>
			</trkpt>
			<trkpt lat="48.948545" lon="20.421886">
				<ele>663.000000</ele>
			</trkpt>
			<trkpt lat="48.948527" lon="20.421896">
				<ele>664.000000</ele>
			</trkpt>
			<trkpt lat="48.948486" lon="20.421878">
				<ele>665.000000</ele>
			</trkpt>
			<trkpt lat="48.948456" lon="20.421850">
				<ele>666.000000</ele>
			</trkpt>
			<trkpt lat="48.948432" lon="20.421833">
				<ele>666.000000</ele>
			</trkpt>
			<trkpt lat="48.948415" lon="20.421833">
				<ele>667.000000</ele>
			</trkpt>
			<trkpt lat="48.948373" lon="20.421859">
				<ele>668.000000</ele>
			</trkpt>
			<trkpt lat="48.948326" lon="20.421878">
				<ele>669.000000</ele>
			</trkpt>
			<trkpt lat="48.948297" lon="20.421896">
				<ele>670.000000</ele>
			</trkpt>
			<trkpt lat="48.948238" lon="20.421913">
				<ele>671.000000</ele>
			</trkpt>
			<trkpt lat="48.948232" lon="20.421913">
				<ele>671.000000</ele>
			</trkpt>
			<trkpt lat="48.948232" lon="20.421913">
				<ele>671.000000</ele>
			</trkpt>
			<trkpt lat="48.948167" lon="20.421932">
				<ele>672.000000</ele>
			</trkpt>
			<trkpt lat="48.948120" lon="20.421932">
				<ele>673.000000</ele>
			</trkpt>
			<trkpt lat="48.948037" lon="20.421922">
				<ele>675.000000</ele>
			</trkpt>
			<trkpt lat="48.947990" lon="20.421913">
				<ele>676.000000</ele>
			</trkpt>
			<trkpt lat="48.947896" lon="20.421932">
				<ele>678.000000</ele>
			</trkpt>
			<trkpt lat="48.947884" lon="20.421940">
				<ele>679.000000</ele>
			</trkpt>
			<trkpt lat="48.947866" lon="20.421968">
				<ele>679.000000</ele>
			</trkpt>
			<trkpt lat="48.947837" lon="20.421968">
				<ele>680.000000</ele>
			</trkpt>
			<trkpt lat="48.947801" lon="20.421976">
				<ele>680.000000</ele>
			</trkpt>
			<trkpt lat="48.947795" lon="20.421985">
				<ele>681.000000</ele>
			</trkpt>
			<trkpt lat="48.947789" lon="20.421995">
				<ele>681.000000</ele>
			</trkpt>
			<trkpt lat="48.947760" lon="20.422012">
				<ele>681.000000</ele>
			</trkpt>
			<trkpt lat="48.947713" lon="20.422012">
				<ele>682.000000</ele>
			</trkpt>
			<trkpt lat="48.947654" lon="20.422030">
				<ele>684.000000</ele>
			</trkpt>
			<trkpt lat="48.947595" lon="20.422030">
				<ele>685.000000</ele>
			</trkpt>
			<trkpt lat="48.947553" lon="20.422030">
				<ele>686.000000</ele>
			</trkpt>
			<trkpt lat="48.947512" lon="20.422030">
				<ele>687.000000</ele>
			</trkpt>
			<trkpt lat="48.947483" lon="20.422022">
				<ele>687.000000</ele>
			</trkpt>
			<trkpt lat="48.947441" lon="20.422022">
				<ele>688.000000</ele>
			</trkpt>
			<trkpt lat="48.947406" lon="20.421995">
				<ele>689.000000</ele>
			</trkpt>
			<trkpt lat="48.947359" lon="20.421976">
				<ele>690.000000</ele>
			</trkpt>
			<trkpt lat="48.947323" lon="20.421959">
				<ele>691.000000</ele>
			</trkpt>
			<trkpt lat="48.947282" lon="20.421959">
				<ele>692.000000</ele>
			</trkpt>
			<trkpt lat="48.947241" lon="20.421949">
				<ele>692.000000</ele>
			</trkpt>
			<trkpt lat="48.947217" lon="20.421949">
				<ele>693.000000</ele>
			</trkpt>
			<trkpt lat="48.947194" lon="20.421968">
				<ele>693.000000</ele>
			</trkpt>
			<trkpt lat="48.947146" lon="20.421968">
				<ele>694.000000</ele>
			</trkpt>
			<trkpt lat="48.947105" lon="20.421976">
				<ele>695.000000</ele>
			</trkpt>
			<trkpt lat="48.947046" lon="20.422003">
				<ele>697.000000</ele>
			</trkpt>
			<trkpt lat="48.947017" lon="20.422003">
				<ele>697.000000</ele>
			</trkpt>
			<trkpt lat="48.946987" lon="20.422030">
				<ele>698.000000</ele>
			</trkpt>
			<trkpt lat="48.946928" lon="20.422056">
				<ele>699.000000</ele>
			</trkpt>
			<trkpt lat="48.946875" lon="20.422093">
				<ele>701.000000</ele>
			</trkpt>
			<trkpt lat="48.946851" lon="20.422111">
				<ele>701.000000</ele>
			</trkpt>
			<trkpt lat="48.946834" lon="20.422146">
				<ele>702.000000</ele>
			</trkpt>
			<trkpt lat="48.946834" lon="20.422165">
				<ele>703.000000</ele>
			</trkpt>
			<trkpt lat="48.946828" lon="20.422192">
				<ele>703.000000</ele>
			</trkpt>
			<trkpt lat="48.946828" lon="20.422219">
				<ele>704.000000</ele>
			</trkpt>
			<trkpt lat="48.946828" lon="20.422236">
				<ele>704.000000</ele>
			</trkpt>
			<trkpt lat="48.946804" lon="20.422291">
				<ele>706.000000</ele>
			</trkpt>
			<trkpt lat="48.946757" lon="20.422416">
				<ele>709.000000</ele>
			</trkpt>
			<trkpt lat="48.946722" lon="20.422479">
				<ele>710.000000</ele>
			</trkpt>
			<trkpt lat="48.946698" lon="20.422488">
				<ele>711.000000</ele>
			</trkpt>
			<trkpt lat="48.946680" lon="20.422479">
				<ele>711.000000</ele>
			</trkpt>
			<trkpt lat="48.946663" lon="20.422452">
				<ele>712.000000</ele>
			</trkpt>
			<trkpt lat="48.946645" lon="20.422425">
				<ele>712.000000</ele>
			</trkpt>
			<trkpt lat="48.946627" lon="20.422398">
				<ele>713.000000</ele>
			</trkpt>
			<trkpt lat="48.946610" lon="20.422372">
				<ele>713.000000</ele>
			</trkpt>
			<trkpt lat="48.946574" lon="20.422362">
				<ele>714.000000</ele>
			</trkpt>
			<trkpt lat="48.946521" lon="20.422335">
				<ele>715.000000</ele>
			</trkpt>
			<trkpt lat="48.946486" lon="20.422335">
				<ele>716.000000</ele>
			</trkpt>
			<trkpt lat="48.946456" lon="20.422326">
				<ele>717.000000</ele>
			</trkpt>
			<trkpt lat="48.946415" lon="20.422299">
				<ele>717.000000</ele>
			</trkpt>
			<trkpt lat="48.946374" lon="20.422309">
				<ele>718.000000</ele>
			</trkpt>
			<trkpt lat="48.946368" lon="20.422326">
				<ele>719.000000</ele>
			</trkpt>
			<trkpt lat="48.946344" lon="20.422345">
				<ele>719.000000</ele>
			</trkpt>
			<trkpt lat="48.946315" lon="20.422354">
				<ele>720.000000</ele>
			</trkpt>
			<trkpt lat="48.946262" lon="20.422398">
				<ele>722.000000</ele>
			</trkpt>
			<trkpt lat="48.946232" lon="20.422416">
				<ele>723.000000</ele>
			</trkpt>
			<trkpt lat="48.946185" lon="20.422425">
				<ele>724.000000</ele>
			</trkpt>
			<trkpt lat="48.946155" lon="20.422461">
				<ele>726.000000</ele>
			</trkpt>
			<trkpt lat="48.946085" lon="20.422488">
				<ele>728.000000</ele>
			</trkpt>
			<trkpt lat="48.946055" lon="20.422506">
				<ele>729.000000</ele>
			</trkpt>
			<trkpt lat="48.946008" lon="20.422542">
				<ele>731.000000</ele>
			</trkpt>
			<trkpt lat="48.945961" lon="20.422569">
				<ele>733.000000</ele>
			</trkpt>
			<trkpt lat="48.945931" lon="20.422569">
				<ele>734.000000</ele>
			</trkpt>
			<trkpt lat="48.945866" lon="20.422578">
				<ele>736.000000</ele>
			</trkpt>
			<trkpt lat="48.945807" lon="20.422704">
				<ele>740.000000</ele>
			</trkpt>
			<trkpt lat="48.945790" lon="20.422740">
				<ele>740.000000</ele>
			</trkpt>
			<trkpt lat="48.945760" lon="20.422794">
				<ele>741.000000</ele>
			</trkpt>
			<trkpt lat="48.945754" lon="20.422892">
				<ele>742.000000</ele>
			</trkpt>
			<trkpt lat="48.945754" lon="20.422928">
				<ele>743.000000</ele>
			</trkpt>
			<trkpt lat="48.945683" lon="20.422928">
				<ele>744.000000</ele>
			</trkpt>
			<trkpt lat="48.945619" lon="20.422938">
				<ele>745.000000</ele>
			</trkpt>
			<trkpt lat="48.945565" lon="20.422955">
				<ele>745.000000</ele>
			</trkpt>
			<trkpt lat="48.945459" lon="20.423018">
				<ele>747.000000</ele>
			</trkpt>
			<trkpt lat="48.945406" lon="20.423045">
				<ele>748.000000</ele>
			</trkpt>
			<trkpt lat="48.945341" lon="20.423072">
				<ele>749.000000</ele>
			</trkpt>
			<trkpt lat="48.945223" lon="20.423144">
				<ele>751.000000</ele>
			</trkpt>
			<trkpt lat="48.945158" lon="20.423180">
				<ele>752.000000</ele>
			</trkpt>
			<trkpt lat="48.945105" lon="20.423198">
				<ele>752.000000</ele>
			</trkpt>
			<trkpt lat="48.945023" lon="20.423207">
				<ele>753.000000</ele>
			</trkpt>
			<trkpt lat="48.944934" lon="20.423225">
				<ele>755.000000</ele>
			</trkpt>
			<trkpt lat="48.944793" lon="20.423251">
				<ele>756.000000</ele>
			</trkpt>
			<trkpt lat="48.944639" lon="20.423306">
				<ele>758.000000</ele>
			</trkpt>
			<trkpt lat="48.944521" lon="20.423351">
				<ele>760.000000</ele>
			</trkpt>
			<trkpt lat="48.944456" lon="20.423377">
				<ele>760.000000</ele>
			</trkpt>
			<trkpt lat="48.944391" lon="20.423387">
				<ele>761.000000</ele>
			</trkpt>
			<trkpt lat="48.944344" lon="20.423387">
				<ele>761.000000</ele>
			</trkpt>
			<trkpt lat="48.944308" lon="20.423368">
				<ele>761.000000</ele>
			</trkpt>
			<trkpt lat="48.944120" lon="20.423306">
				<ele>762.000000</ele>
			</trkpt>
			<trkpt lat="48.944025" lon="20.423270">
				<ele>763.000000</ele>
			</trkpt>
			<trkpt lat="48.944013" lon="20.423270">
				<ele>763.000000</ele>
			</trkpt>
			<trkpt lat="48.943996" lon="20.423261">
				<ele>763.000000</ele>
			</trkpt>
			<trkpt lat="48.943907" lon="20.423171">
				<ele>764.000000</ele>
			</trkpt>
			<trkpt lat="48.943795" lon="20.423054">
				<ele>765.000000</ele>
			</trkpt>
			<trkpt lat="48.943695" lon="20.422991">
				<ele>765.000000</ele>
			</trkpt>
			<trkpt lat="48.943264" lon="20.422731">
				<ele>768.000000</ele>
			</trkpt>
			<trkpt lat="48.943187" lon="20.422677">
				<ele>768.000000</ele>
			</trkpt>
			<trkpt lat="48.943052" lon="20.422534">
				<ele>769.000000</ele>
			</trkpt>
			<trkpt lat="48.942957" lon="20.422408">
				<ele>770.000000</ele>
			</trkpt>
			<trkpt lat="48.942928" lon="20.422588">
				<ele>771.000000</ele>
			</trkpt>
			<trkpt lat="48.942916" lon="20.422668">
				<ele>772.000000</ele>
			</trkpt>
			<trkpt lat="48.942904" lon="20.422767">
				<ele>772.000000</ele>
			</trkpt>
			<trkpt lat="48.942881" lon="20.422974">
				<ele>773.000000</ele>
			</trkpt>
			<trkpt lat="48.942839" lon="20.423504">
				<ele>776.000000</ele>
			</trkpt>
			<trkpt lat="48.942834" lon="20.423620">
				<ele>777.000000</ele>
			</trkpt>
			<trkpt lat="48.942834" lon="20.423664">
				<ele>777.000000</ele>
			</trkpt>
			<trkpt lat="48.942863" lon="20.423827">
				<ele>778.000000</ele>
			</trkpt>
			<trkpt lat="48.942881" lon="20.423907">
				<ele>779.000000</ele>
			</trkpt>
			<trkpt lat="48.942875" lon="20.424069">
				<ele>779.000000</ele>
			</trkpt>
			<trkpt lat="48.942839" lon="20.424285">
				<ele>781.000000</ele>
			</trkpt>
			<trkpt lat="48.942804" lon="20.424429">
				<ele>782.000000</ele>
			</trkpt>
			<trkpt lat="48.942745" lon="20.424653">
				<ele>783.000000</ele>
			</trkpt>
			<trkpt lat="48.942710" lon="20.424796">
				<ele>784.000000</ele>
			</trkpt>
			<trkpt lat="48.942680" lon="20.424914">
				<ele>785.000000</ele>
			</trkpt>
			<trkpt lat="48.942674" lon="20.425031">
				<ele>786.000000</ele>
			</trkpt>
			<trkpt lat="48.942692" lon="20.425148">
				<ele>787.000000</ele>
			</trkpt>
			<trkpt lat="48.942710" lon="20.425246">
				<ele>788.000000</ele>
			</trkpt>
			<trkpt lat="48.942721" lon="20.425381">
				<ele>789.000000</ele>
			</trkpt>
			<trkpt lat="48.942727" lon="20.425471">
				<ele>789.000000</ele>
			</trkpt>
			<trkpt lat="48.942716" lon="20.425588">
				<ele>790.000000</ele>
			</trkpt>
			<trkpt lat="48.942692" lon="20.425785">
				<ele>790.000000</ele>
			</trkpt>
			<trkpt lat="48.942692" lon="20.425974">
				<ele>790.000000</ele>
			</trkpt>
			<trkpt lat="48.942662" lon="20.426108">
				<ele>790.000000</ele>
			</trkpt>
			<trkpt lat="48.942651" lon="20.426306">
				<ele>790.000000</ele>
			</trkpt>
			<trkpt lat="48.942645" lon="20.426432">
				<ele>790.000000</ele>
			</trkpt>
			<trkpt lat="48.942645" lon="20.426540">
				<ele>790.000000</ele>
			</trkpt>
			<trkpt lat="48.942657" lon="20.426647">
				<ele>790.000000</ele>
			</trkpt>
			<trkpt lat="48.942662" lon="20.426970">
				<ele>790.000000</ele>
			</trkpt>
			<trkpt lat="48.942662" lon="20.427088">
				<ele>790.000000</ele>
			</trkpt>
			<trkpt lat="48.942657" lon="20.427213">
				<ele>790.000000</ele>
			</trkpt>
			<trkpt lat="48.942657" lon="20.427268">
				<ele>790.000000</ele>
			</trkpt>
			<trkpt lat="48.942662" lon="20.427339">
				<ele>790.000000</ele>
			</trkpt>
			<trkpt lat="48.942680" lon="20.427572">
				<ele>790.000000</ele>
			</trkpt>
			<trkpt lat="48.942680" lon="20.427689">
				<ele>790.000000</ele>
			</trkpt>
			<trkpt lat="48.942651" lon="20.427788">
				<ele>790.000000</ele>
			</trkpt>
			<trkpt lat="48.942621" lon="20.427825">
				<ele>790.000000</ele>
			</trkpt>
			<trkpt lat="48.942598" lon="20.427861">
				<ele>790.000000</ele>
			</trkpt>
			<trkpt lat="48.942568" lon="20.427905">
				<ele>790.000000</ele>
			</trkpt>
			<trkpt lat="48.942444" lon="20.427959">
				<ele>790.000000</ele>
			</trkpt>
			<trkpt lat="48.942367" lon="20.427985">
				<ele>790.000000</ele>
			</trkpt>
			<trkpt lat="48.942303" lon="20.428031">
				<ele>790.000000</ele>
			</trkpt>
			<trkpt lat="48.942155" lon="20.428211">
				<ele>790.000000</ele>
			</trkpt>
			<trkpt lat="48.942084" lon="20.428318">
				<ele>790.000000</ele>
			</trkpt>
			<trkpt lat="48.942019" lon="20.428364">
				<ele>790.000000</ele>
			</trkpt>
			<trkpt lat="48.941606" lon="20.428391">
				<ele>784.000000</ele>
			</trkpt>
			<trkpt lat="48.941347" lon="20.428498">
				<ele>774.000000</ele>
			</trkpt>
			<trkpt lat="48.941129" lon="20.428767">
				<ele>761.000000</ele>
			</trkpt>
			<trkpt lat="48.941040" lon="20.428786">
				<ele>755.000000</ele>
			</trkpt>
			<trkpt lat="48.940940" lon="20.428723">
				<ele>749.000000</ele>
			</trkpt>
			<trkpt lat="48.940881" lon="20.428597">
				<ele>744.000000</ele>
			</trkpt>
			<trkpt lat="48.940775" lon="20.428345">
				<ele>735.000000</ele>
			</trkpt>
			<trkpt lat="48.940733" lon="20.428354">
				<ele>733.000000</ele>
			</trkpt>
			<trkpt lat="48.940638" lon="20.428462">
				<ele>726.000000</ele>
			</trkpt>
			<trkpt lat="48.940573" lon="20.428435">
				<ele>722.000000</ele>
			</trkpt>
			<trkpt lat="48.940455" lon="20.428228">
				<ele>712.000000</ele>
			</trkpt>
			<trkpt lat="48.940337" lon="20.428075">
				<ele>705.000000</ele>
			</trkpt>
			<trkpt lat="48.940219" lon="20.428130">
				<ele>699.000000</ele>
			</trkpt>
			<trkpt lat="48.940131" lon="20.428067">
				<ele>693.000000</ele>
			</trkpt>
			<trkpt lat="48.940054" lon="20.428121">
				<ele>689.000000</ele>
			</trkpt>
			<trkpt lat="48.940025" lon="20.428112">
				<ele>688.000000</ele>
			</trkpt>
			<trkpt lat="48.939913" lon="20.427922">
				<ele>682.000000</ele>
			</trkpt>
			<trkpt lat="48.939836" lon="20.427869">
				<ele>680.000000</ele>
			</trkpt>
			<trkpt lat="48.939736" lon="20.427788">
				<ele>677.000000</ele>
			</trkpt>
			<trkpt lat="48.939553" lon="20.427599">
				<ele>670.000000</ele>
			</trkpt>
			<trkpt lat="48.939494" lon="20.427599">
				<ele>668.000000</ele>
			</trkpt>
			<trkpt lat="48.939222" lon="20.427689">
				<ele>652.000000</ele>
			</trkpt>
			<trkpt lat="48.939175" lon="20.427689">
				<ele>650.000000</ele>
			</trkpt>
			<trkpt lat="48.939093" lon="20.427672">
				<ele>646.000000</ele>
			</trkpt>
			<trkpt lat="48.938963" lon="20.427582">
				<ele>641.000000</ele>
			</trkpt>
			<trkpt lat="48.938638" lon="20.427555">
				<ele>627.000000</ele>
			</trkpt>
			<trkpt lat="48.938532" lon="20.427483">
				<ele>622.000000</ele>
			</trkpt>
			<trkpt lat="48.938450" lon="20.427465">
				<ele>619.000000</ele>
			</trkpt>
			<trkpt lat="48.938296" lon="20.427330">
				<ele>611.000000</ele>
			</trkpt>
			<trkpt lat="48.938214" lon="20.427330">
				<ele>606.000000</ele>
			</trkpt>
			<trkpt lat="48.938172" lon="20.427339">
				<ele>604.000000</ele>
			</trkpt>
			<trkpt lat="48.938113" lon="20.427420">
				<ele>599.000000</ele>
			</trkpt>
			<trkpt lat="48.938078" lon="20.427456">
				<ele>597.000000</ele>
			</trkpt>
			<trkpt lat="48.938025" lon="20.427446">
				<ele>594.000000</ele>
			</trkpt>
			<trkpt lat="48.937960" lon="20.427358">
				<ele>589.000000</ele>
			</trkpt>
			<trkpt lat="48.937818" lon="20.427123">
				<ele>582.000000</ele>
			</trkpt>
			<trkpt lat="48.937747" lon="20.427115">
				<ele>580.000000</ele>
			</trkpt>
			<trkpt lat="48.937659" lon="20.427142">
				<ele>577.000000</ele>
			</trkpt>
			<trkpt lat="48.937618" lon="20.427186">
				<ele>575.000000</ele>
			</trkpt>
			<trkpt lat="48.937629" lon="20.427249">
				<ele>573.000000</ele>
			</trkpt>
			<trkpt lat="48.937694" lon="20.427402">
				<ele>569.000000</ele>
			</trkpt>
			<trkpt lat="48.937718" lon="20.427501">
				<ele>566.000000</ele>
			</trkpt>
			<trkpt lat="48.937688" lon="20.427662">
				<ele>562.000000</ele>
			</trkpt>
			<trkpt lat="48.937653" lon="20.427689">
				<ele>560.000000</ele>
			</trkpt>
			<trkpt lat="48.937606" lon="20.427689">
				<ele>557.000000</ele>
			</trkpt>
			<trkpt lat="48.937559" lon="20.427716">
				<ele>554.000000</ele>
			</trkpt>
			<trkpt lat="48.937523" lon="20.427762">
				<ele>552.000000</ele>
			</trkpt>
			<trkpt lat="48.937500" lon="20.427842">
				<ele>550.000000</ele>
			</trkpt>
			<trkpt lat="48.937452" lon="20.427959">
				<ele>549.000000</ele>
			</trkpt>
			<trkpt lat="48.937422" lon="20.427905">
				<ele>549.000000</ele>
			</trkpt>
			<trkpt lat="48.937382" lon="20.427861">
				<ele>549.000000</ele>
			</trkpt>
			<trkpt lat="48.937358" lon="20.427842">
				<ele>549.000000</ele>
			</trkpt>
			<trkpt lat="48.937329" lon="20.427815">
				<ele>549.000000</ele>
			</trkpt>
			<trkpt lat="48.937281" lon="20.427725">
				<ele>549.000000</ele>
			</trkpt>
			<trkpt lat="48.937240" lon="20.427599">
				<ele>550.000000</ele>
			</trkpt>
			<trkpt lat="48.937234" lon="20.427536">
				<ele>550.000000</ele>
			</trkpt>
			<trkpt lat="48.937234" lon="20.427465">
				<ele>550.000000</ele>
			</trkpt>
			<trkpt lat="48.937216" lon="20.427366">
				<ele>550.000000</ele>
			</trkpt>
			<trkpt lat="48.937175" lon="20.427285">
				<ele>551.000000</ele>
			</trkpt>
			<trkpt lat="48.937110" lon="20.427115">
				<ele>553.000000</ele>
			</trkpt>
			<trkpt lat="48.937087" lon="20.427060">
				<ele>553.000000</ele>
			</trkpt>
			<trkpt lat="48.937051" lon="20.427033">
				<ele>554.000000</ele>
			</trkpt>
			<trkpt lat="48.937051" lon="20.426962">
				<ele>555.000000</ele>
			</trkpt>
			<trkpt lat="48.937034" lon="20.426890">
				<ele>555.000000</ele>
			</trkpt>
			<trkpt lat="48.937021" lon="20.426809">
				<ele>556.000000</ele>
			</trkpt>
			<trkpt lat="48.937034" lon="20.426746">
				<ele>557.000000</ele>
			</trkpt>
			<trkpt lat="48.937021" lon="20.426639">
				<ele>558.000000</ele>
			</trkpt>
			<trkpt lat="48.937009" lon="20.426576">
				<ele>559.000000</ele>
			</trkpt>
			<trkpt lat="48.936998" lon="20.426477">
				<ele>560.000000</ele>
			</trkpt>
			<trkpt lat="48.937015" lon="20.426423">
				<ele>560.000000</ele>
			</trkpt>
			<trkpt lat="48.937015" lon="20.426378">
				<ele>560.000000</ele>
			</trkpt>
			<trkpt lat="48.937004" lon="20.426360">
				<ele>560.000000</ele>
			</trkpt>
			<trkpt lat="48.936975" lon="20.426351">
				<ele>560.000000</ele>
			</trkpt>
			<trkpt lat="48.936927" lon="20.426280">
				<ele>560.000000</ele>
			</trkpt>
			<trkpt lat="48.936880" lon="20.426270">
				<ele>560.000000</ele>
			</trkpt>
			<trkpt lat="48.936803" lon="20.426190">
				<ele>560.000000</ele>
			</trkpt>
			<trkpt lat="48.936750" lon="20.426171">
				<ele>560.000000</ele>
			</trkpt>
			<trkpt lat="48.936720" lon="20.426136">
				<ele>560.000000</ele>
			</trkpt>
			<trkpt lat="48.936697" lon="20.426100">
				<ele>560.000000</ele>
			</trkpt>
			<trkpt lat="48.936638" lon="20.426054">
				<ele>560.000000</ele>
			</trkpt>
			<trkpt lat="48.936596" lon="20.426027">
				<ele>560.000000</ele>
			</trkpt>
			<trkpt lat="48.936555" lon="20.426010">
				<ele>560.000000</ele>
			</trkpt>
			<trkpt lat="48.936502" lon="20.425983">
				<ele>560.000000</ele>
			</trkpt>
			<trkpt lat="48.936461" lon="20.425920">
				<ele>560.000000</ele>
			</trkpt>
			<trkpt lat="48.936431" lon="20.425911">
				<ele>560.000000</ele>
			</trkpt>
			<trkpt lat="48.936384" lon="20.425920">
				<ele>560.000000</ele>
			</trkpt>
			<trkpt lat="48.936325" lon="20.425901">
				<ele>560.000000</ele>
			</trkpt>
			<trkpt lat="48.936296" lon="20.425901">
				<ele>560.000000</ele>
			</trkpt>
			<trkpt lat="48.936260" lon="20.425920">
				<ele>560.000000</ele>
			</trkpt>
			<trkpt lat="48.936195" lon="20.425964">
				<ele>560.000000</ele>
			</trkpt>
			<trkpt lat="48.936148" lon="20.425947">
				<ele>560.000000</ele>
			</trkpt>
			<trkpt lat="48.936113" lon="20.425893">
				<ele>560.000000</ele>
			</trkpt>
			<trkpt lat="48.936077" lon="20.425875">
				<ele>560.000000</ele>
			</trkpt>
			<trkpt lat="48.936030" lon="20.425867">
				<ele>560.000000</ele>
			</trkpt>
			<trkpt lat="48.936018" lon="20.425838">
				<ele>560.000000</ele>
			</trkpt>
			<trkpt lat="48.935971" lon="20.425794">
				<ele>560.000000</ele>
			</trkpt>
			<trkpt lat="48.935941" lon="20.425740">
				<ele>560.000000</ele>
			</trkpt>
			<trkpt lat="48.935900" lon="20.425687">
				<ele>560.000000</ele>
			</trkpt>
			<trkpt lat="48.935888" lon="20.425605">
				<ele>560.000000</ele>
			</trkpt>
			<trkpt lat="48.935882" lon="20.425561">
				<ele>560.000000</ele>
			</trkpt>
			<trkpt lat="48.935853" lon="20.425525">
				<ele>560.000000</ele>
			</trkpt>
			<trkpt lat="48.935829" lon="20.425452">
				<ele>560.000000</ele>
			</trkpt>
			<trkpt lat="48.935788" lon="20.425381">
				<ele>560.000000</ele>
			</trkpt>
			<trkpt lat="48.935764" lon="20.425327">
				<ele>560.000000</ele>
			</trkpt>
			<trkpt lat="48.935717" lon="20.425291">
				<ele>560.000000</ele>
			</trkpt>
			<trkpt lat="48.935664" lon="20.425211">
				<ele>560.000000</ele>
			</trkpt>
			<trkpt lat="48.935605" lon="20.425165">
				<ele>560.000000</ele>
			</trkpt>
			<trkpt lat="48.935546" lon="20.425129">
				<ele>560.000000</ele>
			</trkpt>
			<trkpt lat="48.935505" lon="20.425094">
				<ele>560.000000</ele>
			</trkpt>
			<trkpt lat="48.935452" lon="20.425094">
				<ele>560.000000</ele>
			</trkpt>
			<trkpt lat="48.935434" lon="20.425129">
				<ele>560.000000</ele>
			</trkpt>
			<trkpt lat="48.935405" lon="20.425138">
				<ele>560.000000</ele>
			</trkpt>
			<trkpt lat="48.935346" lon="20.425148">
				<ele>560.000000</ele>
			</trkpt>
			<trkpt lat="48.935310" lon="20.425121">
				<ele>560.000000</ele>
			</trkpt>
			<trkpt lat="48.935251" lon="20.425102">
				<ele>560.000000</ele>
			</trkpt>
			<trkpt lat="48.935216" lon="20.425039">
				<ele>560.000000</ele>
			</trkpt>
			<trkpt lat="48.935139" lon="20.425031">
				<ele>560.000000</ele>
			</trkpt>
			<trkpt lat="48.935074" lon="20.424985">
				<ele>560.000000</ele>
			</trkpt>
			<trkpt lat="48.935062" lon="20.424932">
				<ele>560.000000</ele>
			</trkpt>
			<trkpt lat="48.934997" lon="20.424859">
				<ele>560.000000</ele>
			</trkpt>
			<trkpt lat="48.934885" lon="20.424886">
				<ele>560.000000</ele>
			</trkpt>
			<trkpt lat="48.934744" lon="20.424914">
				<ele>560.000000</ele>
			</trkpt>
			<trkpt lat="48.934697" lon="20.424896">
				<ele>560.000000</ele>
			</trkpt>
			<trkpt lat="48.934632" lon="20.424859">
				<ele>560.000000</ele>
			</trkpt>
			<trkpt lat="48.934573" lon="20.424851">
				<ele>560.000000</ele>
			</trkpt>
			<trkpt lat="48.934484" lon="20.424859">
				<ele>560.000000</ele>
			</trkpt>
			<trkpt lat="48.934443" lon="20.424932">
				<ele>560.000000</ele>
			</trkpt>
			<trkpt lat="48.934419" lon="20.425012">
				<ele>560.000000</ele>
			</trkpt>
			<trkpt lat="48.934384" lon="20.425094">
				<ele>560.000000</ele>
			</trkpt>
			<trkpt lat="48.934343" lon="20.425121">
				<ele>560.000000</ele>
			</trkpt>
			<trkpt lat="48.934295" lon="20.425165">
				<ele>560.000000</ele>
			</trkpt>
			<trkpt lat="48.934248" lon="20.425219">
				<ele>560.000000</ele>
			</trkpt>
			<trkpt lat="48.934130" lon="20.425272">
				<ele>560.000000</ele>
			</trkpt>
			<trkpt lat="48.933930" lon="20.425327">
				<ele>560.000000</ele>
			</trkpt>
			<trkpt lat="48.933740" lon="20.425335">
				<ele>560.000000</ele>
			</trkpt>
			<trkpt lat="48.933540" lon="20.425309">
				<ele>560.000000</ele>
			</trkpt>
			<trkpt lat="48.933504" lon="20.425309">
				<ele>560.000000</ele>
			</trkpt>
			<trkpt lat="48.933445" lon="20.425309">
				<ele>560.000000</ele>
			</trkpt>
			<trkpt lat="48.933374" lon="20.425291">
				<ele>560.000000</ele>
			</trkpt>
			<trkpt lat="48.933321" lon="20.425264">
				<ele>560.000000</ele>
			</trkpt>
			<trkpt lat="48.933292" lon="20.425264">
				<ele>560.000000</ele>
			</trkpt>
			<trkpt lat="48.933174" lon="20.425309">
				<ele>560.000000</ele>
			</trkpt>
			<trkpt lat="48.933091" lon="20.425264">
				<ele>560.000000</ele>
			</trkpt>
			<trkpt lat="48.933056" lon="20.425272">
				<ele>560.000000</ele>
			</trkpt>
			<trkpt lat="48.933014" lon="20.425318">
				<ele>560.000000</ele>
			</trkpt>
			<trkpt lat="48.932961" lon="20.425327">
				<ele>560.000000</ele>
			</trkpt>
			<trkpt lat="48.932908" lon="20.425327">
				<ele>560.000000</ele>
			</trkpt>
			<trkpt lat="48.932891" lon="20.425390">
				<ele>560.000000</ele>
			</trkpt>
			<trkpt lat="48.932849" lon="20.425408">
				<ele>560.000000</ele>
			</trkpt>
			<trkpt lat="48.932778" lon="20.425417">
				<ele>560.000000</ele>
			</trkpt>
			<trkpt lat="48.932708" lon="20.425425">
				<ele>560.000000</ele>
			</trkpt>
			<trkpt lat="48.932708" lon="20.425425">
				<ele>560.000000</ele>
			</trkpt>
			<trkpt lat="48.932708" lon="20.425425">
				<ele>560.000000</ele>
			</trkpt>
			<trkpt lat="48.932637" lon="20.425452">
				<ele>560.000000</ele>
			</trkpt>
			<trkpt lat="48.932531" lon="20.425480">
				<ele>560.000000</ele>
			</trkpt>
			<trkpt lat="48.932466" lon="20.425452">
				<ele>560.000000</ele>
			</trkpt>
			<trkpt lat="48.932419" lon="20.425452">
				<ele>560.000000</ele>
			</trkpt>
			<trkpt lat="48.932383" lon="20.425435">
				<ele>560.000000</ele>
			</trkpt>
			<trkpt lat="48.932348" lon="20.425444">
				<ele>560.000000</ele>
			</trkpt>
			<trkpt lat="48.932306" lon="20.425398">
				<ele>560.000000</ele>
			</trkpt>
			<trkpt lat="48.932242" lon="20.425398">
				<ele>560.000000</ele>
			</trkpt>
			<trkpt lat="48.932212" lon="20.425381">
				<ele>560.000000</ele>
			</trkpt>
			<trkpt lat="48.932183" lon="20.425372">
				<ele>560.000000</ele>
			</trkpt>
			<trkpt lat="48.932147" lon="20.425345">
				<ele>560.000000</ele>
			</trkpt>
			<trkpt lat="48.932035" lon="20.425291">
				<ele>561.000000</ele>
			</trkpt>
			<trkpt lat="48.932000" lon="20.425309">
				<ele>561.000000</ele>
			</trkpt>
			<trkpt lat="48.931899" lon="20.425291">
				<ele>561.000000</ele>
			</trkpt>
			<trkpt lat="48.931870" lon="20.425246">
				<ele>561.000000</ele>
			</trkpt>
			<trkpt lat="48.931828" lon="20.425238">
				<ele>561.000000</ele>
			</trkpt>
			<trkpt lat="48.931787" lon="20.425255">
				<ele>561.000000</ele>
			</trkpt>
			<trkpt lat="48.931734" lon="20.425327">
				<ele>561.000000</ele>
			</trkpt>
			<trkpt lat="48.931705" lon="20.425362">
				<ele>562.000000</ele>
			</trkpt>
			<trkpt lat="48.931616" lon="20.425362">
				<ele>562.000000</ele>
			</trkpt>
			<trkpt lat="48.931563" lon="20.425372">
				<ele>562.000000</ele>
			</trkpt>
			<trkpt lat="48.931392" lon="20.425435">
				<ele>562.000000</ele>
			</trkpt>
			<trkpt lat="48.931267" lon="20.425507">
				<ele>563.000000</ele>
			</trkpt>
			<trkpt lat="48.931179" lon="20.425551">
				<ele>563.000000</ele>
			</trkpt>
			<trkpt lat="48.931073" lon="20.425570">
				<ele>563.000000</ele>
			</trkpt>
			<trkpt lat="48.931020" lon="20.425578">
				<ele>563.000000</ele>
			</trkpt>
			<trkpt lat="48.930955" lon="20.425542">
				<ele>563.000000</ele>
			</trkpt>
			<trkpt lat="48.930919" lon="20.425488">
				<ele>563.000000</ele>
			</trkpt>
			<trkpt lat="48.930873" lon="20.425435">
				<ele>564.000000</ele>
			</trkpt>
			<trkpt lat="48.930814" lon="20.425408">
				<ele>564.000000</ele>
			</trkpt>
			<trkpt lat="48.930755" lon="20.425417">
				<ele>564.000000</ele>
			</trkpt>
			<trkpt lat="48.930713" lon="20.425381">
				<ele>564.000000</ele>
			</trkpt>
			<trkpt lat="48.930660" lon="20.425345">
				<ele>564.000000</ele>
			</trkpt>
			<trkpt lat="48.930577" lon="20.425255">
				<ele>564.000000</ele>
			</trkpt>
			<trkpt lat="48.930500" lon="20.425112">
				<ele>565.000000</ele>
			</trkpt>
			<trkpt lat="48.930483" lon="20.424886">
				<ele>566.000000</ele>
			</trkpt>
			<trkpt lat="48.930465" lon="20.424752">
				<ele>567.000000</ele>
			</trkpt>
			<trkpt lat="48.930453" lon="20.424635">
				<ele>567.000000</ele>
			</trkpt>
			<trkpt lat="48.930418" lon="20.424509">
				<ele>568.000000</ele>
			</trkpt>
			<trkpt lat="48.930371" lon="20.424438">
				<ele>568.000000</ele>
			</trkpt>
			<trkpt lat="48.930335" lon="20.424339">
				<ele>569.000000</ele>
			</trkpt>
			<trkpt lat="48.930323" lon="20.424259">
				<ele>569.000000</ele>
			</trkpt>
			<trkpt lat="48.930323" lon="20.424186">
				<ele>569.000000</ele>
			</trkpt>
			<trkpt lat="48.930300" lon="20.424096">
				<ele>570.000000</ele>
			</trkpt>
			<trkpt lat="48.930294" lon="20.423926">
				<ele>570.000000</ele>
			</trkpt>
			<trkpt lat="48.930312" lon="20.423727">
				<ele>571.000000</ele>
			</trkpt>
			<trkpt lat="48.930353" lon="20.423584">
				<ele>572.000000</ele>
			</trkpt>
			<trkpt lat="48.930394" lon="20.423458">
				<ele>572.000000</ele>
			</trkpt>
			<trkpt lat="48.930412" lon="20.423387">
				<ele>573.000000</ele>
			</trkpt>
			<trkpt lat="48.930424" lon="20.423297">
				<ele>573.000000</ele>
			</trkpt>
			<trkpt lat="48.930418" lon="20.423251">
				<ele>573.000000</ele>
			</trkpt>
			<trkpt lat="48.930394" lon="20.423217">
				<ele>574.000000</ele>
			</trkpt>
			<trkpt lat="48.930365" lon="20.423171">
				<ele>574.000000</ele>
			</trkpt>
			<trkpt lat="48.930347" lon="20.423117">
				<ele>574.000000</ele>
			</trkpt>
			<trkpt lat="48.930335" lon="20.423018">
				<ele>574.000000</ele>
			</trkpt>
			<trkpt lat="48.930294" lon="20.422947">
				<ele>575.000000</ele>
			</trkpt>
			<trkpt lat="48.930270" lon="20.422821">
				<ele>575.000000</ele>
			</trkpt>
			<trkpt lat="48.930270" lon="20.422685">
				<ele>576.000000</ele>
			</trkpt>
			<trkpt lat="48.930258" lon="20.422542">
				<ele>577.000000</ele>
			</trkpt>
			<trkpt lat="48.930258" lon="20.422425">
				<ele>577.000000</ele>
			</trkpt>
			<trkpt lat="48.930282" lon="20.422255">
				<ele>578.000000</ele>
			</trkpt>
			<trkpt lat="48.930294" lon="20.422075">
				<ele>579.000000</ele>
			</trkpt>
			<trkpt lat="48.930317" lon="20.421878">
				<ele>579.000000</ele>
			</trkpt>
			<trkpt lat="48.930394" lon="20.421546">
				<ele>581.000000</ele>
			</trkpt>
			<trkpt lat="48.930406" lon="20.421374">
				<ele>582.000000</ele>
			</trkpt>
			<trkpt lat="48.930388" lon="20.421213">
				<ele>583.000000</ele>
			</trkpt>
			<trkpt lat="48.930400" lon="20.420943">
				<ele>584.000000</ele>
			</trkpt>
			<trkpt lat="48.930435" lon="20.420557">
				<ele>586.000000</ele>
			</trkpt>
			<trkpt lat="48.930453" lon="20.420458">
				<ele>587.000000</ele>
			</trkpt>
			<trkpt lat="48.930453" lon="20.420324">
				<ele>588.000000</ele>
			</trkpt>
			<trkpt lat="48.930477" lon="20.420081">
				<ele>589.000000</ele>
			</trkpt>
			<trkpt lat="48.930524" lon="20.419856">
				<ele>590.000000</ele>
			</trkpt>
			<trkpt lat="48.930553" lon="20.419659">
				<ele>592.000000</ele>
			</trkpt>
			<trkpt lat="48.930583" lon="20.419389">
				<ele>593.000000</ele>
			</trkpt>
			<trkpt lat="48.930612" lon="20.419290">
				<ele>594.000000</ele>
			</trkpt>
			<trkpt lat="48.930660" lon="20.419165">
				<ele>595.000000</ele>
			</trkpt>
			<trkpt lat="48.930660" lon="20.419056">
				<ele>596.000000</ele>
			</trkpt>
			<trkpt lat="48.930683" lon="20.418940">
				<ele>597.000000</ele>
			</trkpt>
			<trkpt lat="48.930689" lon="20.418752">
				<ele>598.000000</ele>
			</trkpt>
			<trkpt lat="48.930725" lon="20.418364">
				<ele>600.000000</ele>
			</trkpt>
			<trkpt lat="48.930795" lon="20.418041">
				<ele>603.000000</ele>
			</trkpt>
			<trkpt lat="48.930819" lon="20.417691">
				<ele>606.000000</ele>
			</trkpt>
			<trkpt lat="48.930807" lon="20.417467">
				<ele>607.000000</ele>
			</trkpt>
			<trkpt lat="48.930819" lon="20.417198">
				<ele>609.000000</ele>
			</trkpt>
			<trkpt lat="48.930807" lon="20.416802">
				<ele>614.000000</ele>
			</trkpt>
			<trkpt lat="48.930825" lon="20.416622">
				<ele>616.000000</ele>
			</trkpt>
			<trkpt lat="48.930807" lon="20.416460">
				<ele>618.000000</ele>
			</trkpt>
			<trkpt lat="48.930760" lon="20.416290">
				<ele>620.000000</ele>
			</trkpt>
			<trkpt lat="48.930671" lon="20.416102">
				<ele>623.000000</ele>
			</trkpt>
			<trkpt lat="48.930666" lon="20.415859">
				<ele>626.000000</ele>
			</trkpt>
			<trkpt lat="48.930683" lon="20.415743">
				<ele>627.000000</ele>
			</trkpt>
			<trkpt lat="48.930736" lon="20.415607">
				<ele>630.000000</ele>
			</trkpt>
			<trkpt lat="48.930819" lon="20.415464">
				<ele>632.000000</ele>
			</trkpt>
			<trkpt lat="48.930873" lon="20.415266">
				<ele>634.000000</ele>
			</trkpt>
			<trkpt lat="48.930907" lon="20.415068">
				<ele>637.000000</ele>
			</trkpt>
			<trkpt lat="48.930937" lon="20.414961">
				<ele>638.000000</ele>
			</trkpt>
			<trkpt lat="48.930913" lon="20.414898">
				<ele>639.000000</ele>
			</trkpt>
			<trkpt lat="48.930878" lon="20.414798">
				<ele>641.000000</ele>
			</trkpt>
			<trkpt lat="48.930843" lon="20.414745">
				<ele>643.000000</ele>
			</trkpt>
			<trkpt lat="48.930848" lon="20.414691">
				<ele>645.000000</ele>
			</trkpt>
			<trkpt lat="48.930890" lon="20.414646">
				<ele>647.000000</ele>
			</trkpt>
			<trkpt lat="48.930896" lon="20.414494">
				<ele>650.000000</ele>
			</trkpt>
			<trkpt lat="48.930926" lon="20.414412">
				<ele>650.000000</ele>
			</trkpt>
			<trkpt lat="48.930907" lon="20.414341">
				<ele>651.000000</ele>
			</trkpt>
			<trkpt lat="48.930913" lon="20.414322">
				<ele>651.000000</ele>
			</trkpt>
			<trkpt lat="48.930932" lon="20.414259">
				<ele>652.000000</ele>
			</trkpt>
			<trkpt lat="48.930926" lon="20.414143">
				<ele>655.000000</ele>
			</trkpt>
			<trkpt lat="48.930907" lon="20.414053">
				<ele>657.000000</ele>
			</trkpt>
			<trkpt lat="48.930902" lon="20.413936">
				<ele>659.000000</ele>
			</trkpt>
			<trkpt lat="48.930896" lon="20.413865">
				<ele>661.000000</ele>
			</trkpt>
			<trkpt lat="48.930884" lon="20.413810">
				<ele>662.000000</ele>
			</trkpt>
			<trkpt lat="48.930884" lon="20.413766">
				<ele>663.000000</ele>
			</trkpt>
			<trkpt lat="48.930907" lon="20.413720">
				<ele>664.000000</ele>
			</trkpt>
			<trkpt lat="48.930919" lon="20.413649">
				<ele>666.000000</ele>
			</trkpt>
			<trkpt lat="48.930932" lon="20.413577">
				<ele>667.000000</ele>
			</trkpt>
			<trkpt lat="48.930926" lon="20.413433">
				<ele>671.000000</ele>
			</trkpt>
			<trkpt lat="48.930890" lon="20.413326">
				<ele>674.000000</ele>
			</trkpt>
			<trkpt lat="48.930860" lon="20.413272">
				<ele>676.000000</ele>
			</trkpt>
			<trkpt lat="48.930837" lon="20.413217">
				<ele>678.000000</ele>
			</trkpt>
			<trkpt lat="48.930789" lon="20.413137">
				<ele>681.000000</ele>
			</trkpt>
			<trkpt lat="48.930719" lon="20.413110">
				<ele>683.000000</ele>
			</trkpt>
			<trkpt lat="48.930660" lon="20.413190">
				<ele>685.000000</ele>
			</trkpt>
			<trkpt lat="48.930565" lon="20.413280">
				<ele>689.000000</ele>
			</trkpt>
			<trkpt lat="48.930489" lon="20.413326">
				<ele>691.000000</ele>
			</trkpt>
			<trkpt lat="48.930441" lon="20.413272">
				<ele>693.000000</ele>
			</trkpt>
			<trkpt lat="48.930376" lon="20.413272">
				<ele>694.000000</ele>
			</trkpt>
			<trkpt lat="48.930347" lon="20.413200">
				<ele>696.000000</ele>
			</trkpt>
			<trkpt lat="48.930341" lon="20.413101">
				<ele>698.000000</ele>
			</trkpt>
			<trkpt lat="48.930288" lon="20.412930">
				<ele>703.000000</ele>
			</trkpt>
			<trkpt lat="48.930359" lon="20.412894">
				<ele>707.000000</ele>
			</trkpt>
			<trkpt lat="48.930335" lon="20.412768">
				<ele>712.000000</ele>
			</trkpt>
			<trkpt lat="48.930323" lon="20.412688">
				<ele>715.000000</ele>
			</trkpt>
			<trkpt lat="48.930323" lon="20.412634">
				<ele>718.000000</ele>
			</trkpt>
			<trkpt lat="48.930312" lon="20.412553">
				<ele>721.000000</ele>
			</trkpt>
			<trkpt lat="48.930288" lon="20.412490">
				<ele>723.000000</ele>
			</trkpt>
			<trkpt lat="48.930253" lon="20.412445">
				<ele>726.000000</ele>
			</trkpt>
			<trkpt lat="48.930223" lon="20.412437">
				<ele>728.000000</ele>
			</trkpt>
			<trkpt lat="48.930146" lon="20.412481">
				<ele>735.000000</ele>
			</trkpt>
			<trkpt lat="48.930152" lon="20.412498">
				<ele>736.000000</ele>
			</trkpt>
			<trkpt lat="48.930111" lon="20.412508">
				<ele>740.000000</ele>
			</trkpt>
			<trkpt lat="48.930111" lon="20.412527">
				<ele>740.000000</ele>
			</trkpt>
			<trkpt lat="48.930105" lon="20.412616">
				<ele>744.000000</ele>
			</trkpt>
			<trkpt lat="48.930081" lon="20.412678">
				<ele>746.000000</ele>
			</trkpt>
			<trkpt lat="48.930058" lon="20.412678">
				<ele>748.000000</ele>
			</trkpt>
			<trkpt lat="48.930005" lon="20.412697">
				<ele>751.000000</ele>
			</trkpt>
			<trkpt lat="48.929981" lon="20.412706">
				<ele>752.000000</ele>
			</trkpt>
			<trkpt lat="48.929975" lon="20.412706">
				<ele>752.000000</ele>
			</trkpt>
			<trkpt lat="48.929969" lon="20.412688">
				<ele>753.000000</ele>
			</trkpt>
			<trkpt lat="48.929975" lon="20.412661">
				<ele>754.000000</ele>
			</trkpt>
			<trkpt lat="48.930005" lon="20.412580">
				<ele>756.000000</ele>
			</trkpt>
			<trkpt lat="48.929999" lon="20.412544">
				<ele>758.000000</ele>
			</trkpt>
			<trkpt lat="48.929987" lon="20.412454">
				<ele>760.000000</ele>
			</trkpt>
			<trkpt lat="48.929999" lon="20.412437">
				<ele>763.000000</ele>
			</trkpt>
			<trkpt lat="48.929969" lon="20.412374">
				<ele>772.000000</ele>
			</trkpt>
			<trkpt lat="48.929957" lon="20.412391">
				<ele>775.000000</ele>
			</trkpt>
			<trkpt lat="48.929916" lon="20.412301">
				<ele>782.000000</ele>
			</trkpt>
			<trkpt lat="48.929916" lon="20.412274">
				<ele>783.000000</ele>
			</trkpt>
			<trkpt lat="48.929946" lon="20.412230">
				<ele>785.000000</ele>
			</trkpt>
			<trkpt lat="48.929934" lon="20.412211">
				<ele>786.000000</ele>
			</trkpt>
			<trkpt lat="48.929928" lon="20.412175">
				<ele>787.000000</ele>
			</trkpt>
			<trkpt lat="48.929928" lon="20.412148">
				<ele>788.000000</ele>
			</trkpt>
			<trkpt lat="48.929898" lon="20.412122">
				<ele>790.000000</ele>
			</trkpt>
			<trkpt lat="48.929863" lon="20.412122">
				<ele>791.000000</ele>
			</trkpt>
			<trkpt lat="48.929845" lon="20.412131">
				<ele>792.000000</ele>
			</trkpt>
			<trkpt lat="48.929828" lon="20.412122">
				<ele>793.000000</ele>
			</trkpt>
			<trkpt lat="48.929828" lon="20.412104">
				<ele>793.000000</ele>
			</trkpt>
			<trkpt lat="48.929834" lon="20.412059">
				<ele>795.000000</ele>
			</trkpt>
			<trkpt lat="48.929845" lon="20.412022">
				<ele>796.000000</ele>
			</trkpt>
			<trkpt lat="48.929839" lon="20.411969">
				<ele>798.000000</ele>
			</trkpt>
			<trkpt lat="48.929816" lon="20.411924">
				<ele>799.000000</ele>
			</trkpt>
			<trkpt lat="48.929769" lon="20.411898">
				<ele>801.000000</ele>
			</trkpt>
			<trkpt lat="48.929698" lon="20.411871">
				<ele>802.000000</ele>
			</trkpt>
			<trkpt lat="48.929633" lon="20.411843">
				<ele>803.000000</ele>
			</trkpt>
			<trkpt lat="48.929603" lon="20.411789">
				<ele>804.000000</ele>
			</trkpt>
			<trkpt lat="48.929580" lon="20.411735">
				<ele>805.000000</ele>
			</trkpt>
			<trkpt lat="48.929556" lon="20.411718">
				<ele>805.000000</ele>
			</trkpt>
			<trkpt lat="48.929509" lon="20.411745">
				<ele>806.000000</ele>
			</trkpt>
			<trkpt lat="48.929480" lon="20.411709">
				<ele>807.000000</ele>
			</trkpt>
			<trkpt lat="48.929450" lon="20.411709">
				<ele>807.000000</ele>
			</trkpt>
			<trkpt lat="48.929409" lon="20.411718">
				<ele>808.000000</ele>
			</trkpt>
			<trkpt lat="48.929397" lon="20.411709">
				<ele>808.000000</ele>
			</trkpt>
			<trkpt lat="48.929385" lon="20.411682">
				<ele>809.000000</ele>
			</trkpt>
			<trkpt lat="48.929367" lon="20.411619">
				<ele>809.000000</ele>
			</trkpt>
			<trkpt lat="48.929338" lon="20.411565">
				<ele>810.000000</ele>
			</trkpt>
			<trkpt lat="48.929350" lon="20.411485">
				<ele>813.000000</ele>
			</trkpt>
			<trkpt lat="48.929356" lon="20.411448">
				<ele>814.000000</ele>
			</trkpt>
			<trkpt lat="48.929362" lon="20.411395">
				<ele>816.000000</ele>
			</trkpt>
			<trkpt lat="48.929367" lon="20.411340">
				<ele>818.000000</ele>
			</trkpt>
			<trkpt lat="48.929385" lon="20.411305">
				<ele>819.000000</ele>
			</trkpt>
			<trkpt lat="48.929379" lon="20.411259">
				<ele>824.000000</ele>
			</trkpt>
			<trkpt lat="48.929391" lon="20.411206">
				<ele>830.000000</ele>
			</trkpt>
			<trkpt lat="48.929379" lon="20.411196">
				<ele>830.000000</ele>
			</trkpt>
			<trkpt lat="48.929397" lon="20.411125">
				<ele>831.000000</ele>
			</trkpt>
			<trkpt lat="48.929373" lon="20.411106">
				<ele>831.000000</ele>
			</trkpt>
			<trkpt lat="48.929362" lon="20.411089">
				<ele>832.000000</ele>
			</trkpt>
			<trkpt lat="48.929350" lon="20.411016">
				<ele>832.000000</ele>
			</trkpt>
			<trkpt lat="48.929338" lon="20.410990">
				<ele>832.000000</ele>
			</trkpt>
			<trkpt lat="48.929332" lon="20.410945">
				<ele>833.000000</ele>
			</trkpt>
			<trkpt lat="48.929338" lon="20.410909">
				<ele>833.000000</ele>
			</trkpt>
			<trkpt lat="48.929338" lon="20.410873">
				<ele>833.000000</ele>
			</trkpt>
			<trkpt lat="48.929297" lon="20.410712">
				<ele>835.000000</ele>
			</trkpt>
			<trkpt lat="48.929243" lon="20.410414">
				<ele>838.000000</ele>
			</trkpt>
			<trkpt lat="48.929190" lon="20.410253">
				<ele>839.000000</ele>
			</trkpt>
			<trkpt lat="48.929167" lon="20.410118">
				<ele>840.000000</ele>
			</trkpt>
			<trkpt lat="48.929096" lon="20.410037">
				<ele>841.000000</ele>
			</trkpt>
			<trkpt lat="48.929037" lon="20.409921">
				<ele>843.000000</ele>
			</trkpt>
			<trkpt lat="48.929007" lon="20.409777">
				<ele>844.000000</ele>
			</trkpt>
			<trkpt lat="48.928948" lon="20.409687">
				<ele>845.000000</ele>
			</trkpt>
			<trkpt lat="48.928889" lon="20.409615">
				<ele>846.000000</ele>
			</trkpt>
			<trkpt lat="48.928854" lon="20.409525">
				<ele>847.000000</ele>
			</trkpt>
			<trkpt lat="48.928825" lon="20.409409">
				<ele>848.000000</ele>
			</trkpt>
			<trkpt lat="48.928795" lon="20.409355">
				<ele>849.000000</ele>
			</trkpt>
			<trkpt lat="48.928736" lon="20.409328">
				<ele>850.000000</ele>
			</trkpt>
			<trkpt lat="48.928677" lon="20.409256">
				<ele>850.000000</ele>
			</trkpt>
			<trkpt lat="48.928630" lon="20.409202">
				<ele>851.000000</ele>
			</trkpt>
			<trkpt lat="48.928571" lon="20.409139">
				<ele>851.000000</ele>
			</trkpt>
			<trkpt lat="48.928512" lon="20.409122">
				<ele>851.000000</ele>
			</trkpt>
			<trkpt lat="48.928476" lon="20.409068">
				<ele>852.000000</ele>
			</trkpt>
			<trkpt lat="48.928440" lon="20.409032">
				<ele>852.000000</ele>
			</trkpt>
			<trkpt lat="48.928400" lon="20.408969">
				<ele>852.000000</ele>
			</trkpt>
			<trkpt lat="48.928370" lon="20.408942">
				<ele>852.000000</ele>
			</trkpt>
			<trkpt lat="48.928299" lon="20.408861">
				<ele>853.000000</ele>
			</trkpt>
			<trkpt lat="48.928234" lon="20.408753">
				<ele>854.000000</ele>
			</trkpt>
			<trkpt lat="48.928128" lon="20.408627">
				<ele>854.000000</ele>
			</trkpt>
			<trkpt lat="48.928063" lon="20.408556">
				<ele>855.000000</ele>
			</trkpt>
			<trkpt lat="48.928010" lon="20.408538">
				<ele>855.000000</ele>
			</trkpt>
			<trkpt lat="48.927874" lon="20.408385">
				<ele>856.000000</ele>
			</trkpt>
			<trkpt lat="48.927768" lon="20.408330">
				<ele>857.000000</ele>
			</trkpt>
			<trkpt lat="48.927756" lon="20.408322">
				<ele>857.000000</ele>
			</trkpt>
			<trkpt lat="48.927756" lon="20.408322">
				<ele>857.000000</ele>
			</trkpt>
			<trkpt lat="48.927638" lon="20.408232">
				<ele>858.000000</ele>
			</trkpt>
			<trkpt lat="48.927455" lon="20.408106">
				<ele>859.000000</ele>
			</trkpt>
			<trkpt lat="48.927302" lon="20.407980">
				<ele>860.000000</ele>
			</trkpt>
			<trkpt lat="48.927249" lon="20.407917">
				<ele>861.000000</ele>
			</trkpt>
			<trkpt lat="48.927131" lon="20.407819">
				<ele>862.000000</ele>
			</trkpt>
			<trkpt lat="48.926942" lon="20.407720">
				<ele>863.000000</ele>
			</trkpt>
			<trkpt lat="48.926806" lon="20.407648">
				<ele>865.000000</ele>
			</trkpt>
			<trkpt lat="48.926635" lon="20.407603">
				<ele>866.000000</ele>
			</trkpt>
			<trkpt lat="48.926487" lon="20.407594">
				<ele>867.000000</ele>
			</trkpt>
			<trkpt lat="48.926405" lon="20.407603">
				<ele>868.000000</ele>
			</trkpt>
			<trkpt lat="48.926363" lon="20.407640">
				<ele>869.000000</ele>
			</trkpt>
			<trkpt lat="48.926281" lon="20.407640">
				<ele>869.000000</ele>
			</trkpt>
			<trkpt lat="48.926157" lon="20.407621">
				<ele>870.000000</ele>
			</trkpt>
			<trkpt lat="48.926062" lon="20.407594">
				<ele>871.000000</ele>
			</trkpt>
			<trkpt lat="48.925956" lon="20.407504">
				<ele>872.000000</ele>
			</trkpt>
			<trkpt lat="48.925914" lon="20.407387">
				<ele>873.000000</ele>
			</trkpt>
			<trkpt lat="48.925897" lon="20.407198">
				<ele>874.000000</ele>
			</trkpt>
			<trkpt lat="48.925849" lon="20.406911">
				<ele>876.000000</ele>
			</trkpt>
			<trkpt lat="48.925815" lon="20.406741">
				<ele>877.000000</ele>
			</trkpt>
			<trkpt lat="48.925731" lon="20.406571">
				<ele>878.000000</ele>
			</trkpt>
			<trkpt lat="48.925531" lon="20.406382">
				<ele>880.000000</ele>
			</trkpt>
			<trkpt lat="48.925312" lon="20.406211">
				<ele>882.000000</ele>
			</trkpt>
			<trkpt lat="48.925236" lon="20.406085">
				<ele>883.000000</ele>
			</trkpt>
			<trkpt lat="48.925112" lon="20.405959">
				<ele>884.000000</ele>
			</trkpt>
			<trkpt lat="48.924988" lon="20.405806">
				<ele>886.000000</ele>
			</trkpt>
			<trkpt lat="48.924882" lon="20.405743">
				<ele>887.000000</ele>
			</trkpt>
			<trkpt lat="48.924829" lon="20.405663">
				<ele>887.000000</ele>
			</trkpt>
			<trkpt lat="48.924752" lon="20.405483">
				<ele>889.000000</ele>
			</trkpt>
			<trkpt lat="48.924675" lon="20.405223">
				<ele>890.000000</ele>
			</trkpt>
			<trkpt lat="48.924557" lon="20.404944">
				<ele>893.000000</ele>
			</trkpt>
			<trkpt lat="48.924498" lon="20.404764">
				<ele>895.000000</ele>
			</trkpt>
			<trkpt lat="48.924398" lon="20.404531">
				<ele>898.000000</ele>
			</trkpt>
			<trkpt lat="48.924292" lon="20.404315">
				<ele>900.000000</ele>
			</trkpt>
			<trkpt lat="48.924227" lon="20.404118">
				<ele>902.000000</ele>
			</trkpt>
			<trkpt lat="48.924120" lon="20.403875">
				<ele>905.000000</ele>
			</trkpt>
			<trkpt lat="48.923997" lon="20.403642">
				<ele>908.000000</ele>
			</trkpt>
			<trkpt lat="48.923867" lon="20.403372">
				<ele>911.000000</ele>
			</trkpt>
			<trkpt lat="48.923749" lon="20.403076">
				<ele>914.000000</ele>
			</trkpt>
			<trkpt lat="48.923660" lon="20.402842">
				<ele>917.000000</ele>
			</trkpt>
			<trkpt lat="48.923553" lon="20.402663">
				<ele>919.000000</ele>
			</trkpt>
			<trkpt lat="48.923406" lon="20.402492">
				<ele>923.000000</ele>
			</trkpt>
			<trkpt lat="48.923294" lon="20.402321">
				<ele>926.000000</ele>
			</trkpt>
			<trkpt lat="48.923211" lon="20.402195">
				<ele>929.000000</ele>
			</trkpt>
			<trkpt lat="48.923070" lon="20.402097">
				<ele>933.000000</ele>
			</trkpt>
			<trkpt lat="48.922863" lon="20.401926">
				<ele>939.000000</ele>
			</trkpt>
			<trkpt lat="48.922763" lon="20.401881">
				<ele>942.000000</ele>
			</trkpt>
			<trkpt lat="48.922692" lon="20.401845">
				<ele>944.000000</ele>
			</trkpt>
			<trkpt lat="48.922544" lon="20.401755">
				<ele>948.000000</ele>
			</trkpt>
			<trkpt lat="48.922432" lon="20.401630">
				<ele>952.000000</ele>
			</trkpt>
			<trkpt lat="48.922332" lon="20.401450">
				<ele>956.000000</ele>
			</trkpt>
			<trkpt lat="48.922279" lon="20.401298">
				<ele>960.000000</ele>
			</trkpt>
			<trkpt lat="48.922161" lon="20.401091">
				<ele>964.000000</ele>
			</trkpt>
			<trkpt lat="48.921990" lon="20.400856">
				<ele>970.000000</ele>
			</trkpt>
			<trkpt lat="48.921848" lon="20.400776">
				<ele>973.000000</ele>
			</trkpt>
			<trkpt lat="48.921447" lon="20.400435">
				<ele>984.000000</ele>
			</trkpt>
			<trkpt lat="48.921388" lon="20.400372">
				<ele>986.000000</ele>
			</trkpt>
			<trkpt lat="48.921417" lon="20.400192">
				<ele>986.000000</ele>
			</trkpt>
			<trkpt lat="48.921428" lon="20.400040">
				<ele>987.000000</ele>
			</trkpt>
			<trkpt lat="48.921423" lon="20.399753">
				<ele>987.000000</ele>
			</trkpt>
			<trkpt lat="48.921435" lon="20.399680">
				<ele>987.000000</ele>
			</trkpt>
			<trkpt lat="48.921476" lon="20.399626">
				<ele>987.000000</ele>
			</trkpt>
			<trkpt lat="48.921529" lon="20.399608">
				<ele>987.000000</ele>
			</trkpt>
			<trkpt lat="48.921594" lon="20.399608">
				<ele>988.000000</ele>
			</trkpt>
			<trkpt lat="48.921789" lon="20.399690">
				<ele>988.000000</ele>
			</trkpt>
			<trkpt lat="48.922043" lon="20.399779">
				<ele>989.000000</ele>
			</trkpt>
			<trkpt lat="48.922344" lon="20.399904">
				<ele>990.000000</ele>
			</trkpt>
			<trkpt lat="48.922568" lon="20.400022">
				<ele>990.000000</ele>
			</trkpt>
			<trkpt lat="48.922692" lon="20.400049">
				<ele>989.000000</ele>
			</trkpt>
			<trkpt lat="48.922804" lon="20.400057">
				<ele>989.000000</ele>
			</trkpt>
			<trkpt lat="48.922904" lon="20.400013">
				<ele>989.000000</ele>
			</trkpt>
			<trkpt lat="48.923011" lon="20.399913">
				<ele>988.000000</ele>
			</trkpt>
			<trkpt lat="48.923129" lon="20.399707">
				<ele>988.000000</ele>
			</trkpt>
			<trkpt lat="48.923270" lon="20.399393">
				<ele>987.000000</ele>
			</trkpt>
			<trkpt lat="48.923382" lon="20.399204">
				<ele>986.000000</ele>
			</trkpt>
			<trkpt lat="48.923542" lon="20.398988">
				<ele>985.000000</ele>
			</trkpt>
			<trkpt lat="48.923607" lon="20.398881">
				<ele>985.000000</ele>
			</trkpt>
			<trkpt lat="48.923743" lon="20.398656">
				<ele>984.000000</ele>
			</trkpt>
			<trkpt lat="48.923831" lon="20.398512">
				<ele>984.000000</ele>
			</trkpt>
			<trkpt lat="48.923908" lon="20.398332">
				<ele>983.000000</ele>
			</trkpt>
			<trkpt lat="48.923967" lon="20.398198">
				<ele>983.000000</ele>
			</trkpt>
			<trkpt lat="48.924014" lon="20.398027">
				<ele>982.000000</ele>
			</trkpt>
			<trkpt lat="48.924333" lon="20.397749">
				<ele>981.000000</ele>
			</trkpt>
			<trkpt lat="48.924357" lon="20.397650">
				<ele>981.000000</ele>
			</trkpt>
			<trkpt lat="48.924362" lon="20.397550">
				<ele>981.000000</ele>
			</trkpt>
			<trkpt lat="48.924351" lon="20.397470">
				<ele>980.000000</ele>
			</trkpt>
			<trkpt lat="48.924298" lon="20.397344">
				<ele>980.000000</ele>
			</trkpt>
			<trkpt lat="48.924227" lon="20.397192">
				<ele>978.000000</ele>
			</trkpt>
			<trkpt lat="48.924174" lon="20.397013">
				<ele>976.000000</ele>
			</trkpt>
			<trkpt lat="48.924156" lon="20.396833">
				<ele>974.000000</ele>
			</trkpt>
			<trkpt lat="48.924120" lon="20.396617">
				<ele>972.000000</ele>
			</trkpt>
			<trkpt lat="48.924103" lon="20.396411">
				<ele>971.000000</ele>
			</trkpt>
			<trkpt lat="48.924079" lon="20.395997">
				<ele>970.000000</ele>
			</trkpt>
			<trkpt lat="48.924073" lon="20.395584">
				<ele>970.000000</ele>
			</trkpt>
			<trkpt lat="48.924067" lon="20.395126">
				<ele>972.000000</ele>
			</trkpt>
			<trkpt lat="48.924109" lon="20.394740">
				<ele>973.000000</ele>
			</trkpt>
			<trkpt lat="48.924150" lon="20.394550">
				<ele>974.000000</ele>
			</trkpt>
			<trkpt lat="48.924197" lon="20.394398">
				<ele>974.000000</ele>
			</trkpt>
			<trkpt lat="48.924374" lon="20.394030">
				<ele>975.000000</ele>
			</trkpt>
			<trkpt lat="48.924528" lon="20.393761">
				<ele>976.000000</ele>
			</trkpt>
			<trkpt lat="48.924687" lon="20.393491">
				<ele>978.000000</ele>
			</trkpt>
			<trkpt lat="48.924917" lon="20.393258">
				<ele>979.000000</ele>
			</trkpt>
			<trkpt lat="48.924994" lon="20.393149">
				<ele>979.000000</ele>
			</trkpt>
			<trkpt lat="48.925041" lon="20.393122">
				<ele>979.000000</ele>
			</trkpt>
			<trkpt lat="48.925112" lon="20.393122">
				<ele>980.000000</ele>
			</trkpt>
			<trkpt lat="48.925230" lon="20.393158">
				<ele>981.000000</ele>
			</trkpt>
			<trkpt lat="48.925295" lon="20.393141">
				<ele>982.000000</ele>
			</trkpt>
			<trkpt lat="48.925354" lon="20.393059">
				<ele>982.000000</ele>
			</trkpt>
			<trkpt lat="48.925484" lon="20.392736">
				<ele>985.000000</ele>
			</trkpt>
			<trkpt lat="48.925643" lon="20.392395">
				<ele>988.000000</ele>
			</trkpt>
			<trkpt lat="48.925750" lon="20.392279">
				<ele>989.000000</ele>
			</trkpt>
			<trkpt lat="48.925815" lon="20.392206">
				<ele>990.000000</ele>
			</trkpt>
			<trkpt lat="48.925950" lon="20.392126">
				<ele>992.000000</ele>
			</trkpt>
			<trkpt lat="48.926180" lon="20.392044">
				<ele>994.000000</ele>
			</trkpt>
			<trkpt lat="48.926405" lon="20.391910">
				<ele>997.000000</ele>
			</trkpt>
			<trkpt lat="48.926629" lon="20.391721">
				<ele>1000.000000</ele>
			</trkpt>
			<trkpt lat="48.926741" lon="20.391640">
				<ele>1001.000000</ele>
			</trkpt>
			<trkpt lat="48.926835" lon="20.391595">
				<ele>1002.000000</ele>
			</trkpt>
			<trkpt lat="48.926965" lon="20.391550">
				<ele>1004.000000</ele>
			</trkpt>
			<trkpt lat="48.927048" lon="20.391487">
				<ele>1005.000000</ele>
			</trkpt>
			<trkpt lat="48.927125" lon="20.391380">
				<ele>1006.000000</ele>
			</trkpt>
			<trkpt lat="48.927148" lon="20.391237">
				<ele>1007.000000</ele>
			</trkpt>
			<trkpt lat="48.927172" lon="20.391047">
				<ele>1009.000000</ele>
			</trkpt>
			<trkpt lat="48.927154" lon="20.390768">
				<ele>1009.000000</ele>
			</trkpt>
			<trkpt lat="48.927113" lon="20.390428">
				<ele>1008.000000</ele>
			</trkpt>
			<trkpt lat="48.927089" lon="20.390158">
				<ele>1007.000000</ele>
			</trkpt>
			<trkpt lat="48.927048" lon="20.389736">
				<ele>1005.000000</ele>
			</trkpt>
			<trkpt lat="48.926971" lon="20.389376">
				<ele>1003.000000</ele>
			</trkpt>
			<trkpt lat="48.926924" lon="20.389071">
				<ele>1001.000000</ele>
			</trkpt>
			<trkpt lat="48.926883" lon="20.388721">
				<ele>1000.000000</ele>
			</trkpt>
			<trkpt lat="48.926883" lon="20.388344">
				<ele>997.000000</ele>
			</trkpt>
			<trkpt lat="48.926865" lon="20.388038">
				<ele>994.000000</ele>
			</trkpt>
			<trkpt lat="48.926889" lon="20.387795">
				<ele>992.000000</ele>
			</trkpt>
			<trkpt lat="48.926912" lon="20.387661">
				<ele>991.000000</ele>
			</trkpt>
			<trkpt lat="48.926983" lon="20.387472">
				<ele>990.000000</ele>
			</trkpt>
			<trkpt lat="48.927036" lon="20.387337">
				<ele>988.000000</ele>
			</trkpt>
			<trkpt lat="48.927101" lon="20.387122">
				<ele>986.000000</ele>
			</trkpt>
			<trkpt lat="48.927195" lon="20.386816">
				<ele>983.000000</ele>
			</trkpt>
			<trkpt lat="48.927225" lon="20.386700">
				<ele>981.000000</ele>
			</trkpt>
			<trkpt lat="48.927249" lon="20.386547">
				<ele>980.000000</ele>
			</trkpt>
			<trkpt lat="48.927355" lon="20.386646">
				<ele>980.000000</ele>
			</trkpt>
			<trkpt lat="48.927420" lon="20.386717">
				<ele>980.000000</ele>
			</trkpt>
			<trkpt lat="48.927473" lon="20.386763">
				<ele>980.000000</ele>
			</trkpt>
			<trkpt lat="48.927526" lon="20.386789">
				<ele>980.000000</ele>
			</trkpt>
			<trkpt lat="48.927573" lon="20.386807">
				<ele>980.000000</ele>
			</trkpt>
			<trkpt lat="48.927644" lon="20.386816">
				<ele>980.000000</ele>
			</trkpt>
			<trkpt lat="48.927709" lon="20.386807">
				<ele>980.000000</ele>
			</trkpt>
			<trkpt lat="48.927780" lon="20.386780">
				<ele>980.000000</ele>
			</trkpt>
			<trkpt lat="48.927850" lon="20.386744">
				<ele>980.000000</ele>
			</trkpt>
			<trkpt lat="48.927968" lon="20.386654">
				<ele>980.000000</ele>
			</trkpt>
			<trkpt lat="48.928057" lon="20.386627">
				<ele>980.000000</ele>
			</trkpt>
			<trkpt lat="48.928140" lon="20.386627">
				<ele>980.000000</ele>
			</trkpt>
			<trkpt lat="48.928210" lon="20.386627">
				<ele>980.000000</ele>
			</trkpt>
			<trkpt lat="48.928288" lon="20.386610">
				<ele>980.000000</ele>
			</trkpt>
			<trkpt lat="48.928347" lon="20.386564">
				<ele>980.000000</ele>
			</trkpt>
			<trkpt lat="48.928488" lon="20.386484">
				<ele>980.000000</ele>
			</trkpt>
			<trkpt lat="48.928736" lon="20.386367">
				<ele>980.000000</ele>
			</trkpt>
			<trkpt lat="48.928848" lon="20.386313">
				<ele>980.000000</ele>
			</trkpt>
			<trkpt lat="48.928931" lon="20.386295">
				<ele>980.000000</ele>
			</trkpt>
			<trkpt lat="48.928990" lon="20.386295">
				<ele>980.000000</ele>
			</trkpt>
			<trkpt lat="48.929061" lon="20.386313">
				<ele>980.000000</ele>
			</trkpt>
			<trkpt lat="48.929114" lon="20.386350">
				<ele>980.000000</ele>
			</trkpt>
			<trkpt lat="48.929155" lon="20.386384">
				<ele>980.000000</ele>
			</trkpt>
			<trkpt lat="48.929202" lon="20.386447">
				<ele>980.000000</ele>
			</trkpt>
			<trkpt lat="48.929255" lon="20.386529">
				<ele>980.000000</ele>
			</trkpt>
			<trkpt lat="48.929303" lon="20.386646">
				<ele>980.000000</ele>
			</trkpt>
			<trkpt lat="48.929350" lon="20.386744">
				<ele>980.000000</ele>
			</trkpt>
			<trkpt lat="48.929379" lon="20.386789">
				<ele>980.000000</ele>
			</trkpt>
			<trkpt lat="48.929432" lon="20.386834">
				<ele>980.000000</ele>
			</trkpt>
			<trkpt lat="48.929474" lon="20.386852">
				<ele>980.000000</ele>
			</trkpt>
			<trkpt lat="48.929521" lon="20.386861">
				<ele>980.000000</ele>
			</trkpt>
			<trkpt lat="48.929550" lon="20.386852">
				<ele>980.000000</ele>
			</trkpt>
			<trkpt lat="48.929592" lon="20.386834">
				<ele>980.000000</ele>
			</trkpt>
			<trkpt lat="48.929639" lon="20.386780">
				<ele>979.000000</ele>
			</trkpt>
			<trkpt lat="48.929751" lon="20.386619">
				<ele>978.000000</ele>
			</trkpt>
			<trkpt lat="48.929887" lon="20.386413">
				<ele>977.000000</ele>
			</trkpt>
			<trkpt lat="48.929963" lon="20.386313">
				<ele>976.000000</ele>
			</trkpt>
			<trkpt lat="48.930052" lon="20.386214">
				<ele>975.000000</ele>
			</trkpt>
			<trkpt lat="48.930205" lon="20.386071">
				<ele>974.000000</ele>
			</trkpt>
			<trkpt lat="48.930323" lon="20.385954">
				<ele>973.000000</ele>
			</trkpt>
			<trkpt lat="48.930418" lon="20.385864">
				<ele>972.000000</ele>
			</trkpt>
			<trkpt lat="48.930477" lon="20.385784">
				<ele>972.000000</ele>
			</trkpt>
			<trkpt lat="48.930583" lon="20.385604">
				<ele>970.000000</ele>
			</trkpt>
			<trkpt lat="48.930677" lon="20.385415">
				<ele>970.000000</ele>
			</trkpt>
			<trkpt lat="48.930742" lon="20.385271">
				<ele>969.000000</ele>
			</trkpt>
			<trkpt lat="48.930878" lon="20.385002">
				<ele>968.000000</ele>
			</trkpt>
			<trkpt lat="48.931014" lon="20.384750">
				<ele>967.000000</ele>
			</trkpt>
			<trkpt lat="48.931256" lon="20.384319">
				<ele>966.000000</ele>
			</trkpt>
			<trkpt lat="48.931427" lon="20.384031">
				<ele>965.000000</ele>
			</trkpt>
			<trkpt lat="48.931522" lon="20.383887">
				<ele>965.000000</ele>
			</trkpt>
			<trkpt lat="48.931616" lon="20.383780">
				<ele>964.000000</ele>
			</trkpt>
			<trkpt lat="48.931699" lon="20.383708">
				<ele>964.000000</ele>
			</trkpt>
			<trkpt lat="48.931787" lon="20.383645">
				<ele>963.000000</ele>
			</trkpt>
			<trkpt lat="48.932100" lon="20.383457">
				<ele>962.000000</ele>
			</trkpt>
			<trkpt lat="48.932242" lon="20.383367">
				<ele>961.000000</ele>
			</trkpt>
			<trkpt lat="48.932389" lon="20.383258">
				<ele>961.000000</ele>
			</trkpt>
			<trkpt lat="48.932489" lon="20.383197">
				<ele>960.000000</ele>
			</trkpt>
			<trkpt lat="48.932596" lon="20.383124">
				<ele>960.000000</ele>
			</trkpt>
			<trkpt lat="48.932719" lon="20.383071">
				<ele>959.000000</ele>
			</trkpt>
			<trkpt lat="48.932891" lon="20.383025">
				<ele>959.000000</ele>
			</trkpt>
			<trkpt lat="48.933073" lon="20.382998">
				<ele>958.000000</ele>
			</trkpt>
			<trkpt lat="48.933197" lon="20.383008">
				<ele>958.000000</ele>
			</trkpt>
			<trkpt lat="48.933351" lon="20.383034">
				<ele>957.000000</ele>
			</trkpt>
			<trkpt lat="48.933545" lon="20.383097">
				<ele>956.000000</ele>
			</trkpt>
			<trkpt lat="48.933770" lon="20.383178">
				<ele>955.000000</ele>
			</trkpt>
			<trkpt lat="48.934012" lon="20.383250">
				<ele>954.000000</ele>
			</trkpt>
			<trkpt lat="48.934307" lon="20.383457">
				<ele>953.000000</ele>
			</trkpt>
			<trkpt lat="48.934455" lon="20.383547">
				<ele>953.000000</ele>
			</trkpt>
			<trkpt lat="48.934549" lon="20.383637">
				<ele>952.000000</ele>
			</trkpt>
			<trkpt lat="48.934608" lon="20.383726">
				<ele>952.000000</ele>
			</trkpt>
			<trkpt lat="48.934679" lon="20.383897">
				<ele>951.000000</ele>
			</trkpt>
			<trkpt lat="48.934732" lon="20.384059">
				<ele>951.000000</ele>
			</trkpt>
			<trkpt lat="48.934921" lon="20.384589">
				<ele>950.000000</ele>
			</trkpt>
			<trkpt lat="48.935245" lon="20.385289">
				<ele>949.000000</ele>
			</trkpt>
			<trkpt lat="48.935475" lon="20.385801">
				<ele>948.000000</ele>
			</trkpt>
			<trkpt lat="48.935776" lon="20.386439">
				<ele>947.000000</ele>
			</trkpt>
			<trkpt lat="48.936065" lon="20.386834">
				<ele>946.000000</ele>
			</trkpt>
			<trkpt lat="48.936148" lon="20.386969">
				<ele>946.000000</ele>
			</trkpt>
			<trkpt lat="48.936225" lon="20.387103">
				<ele>946.000000</ele>
			</trkpt>
			<trkpt lat="48.936284" lon="20.387247">
				<ele>945.000000</ele>
			</trkpt>
			<trkpt lat="48.936325" lon="20.387463">
				<ele>945.000000</ele>
			</trkpt>
			<trkpt lat="48.936402" lon="20.387813">
				<ele>945.000000</ele>
			</trkpt>
			<trkpt lat="48.936443" lon="20.388110">
				<ele>944.000000</ele>
			</trkpt>
			<trkpt lat="48.936496" lon="20.388334">
				<ele>944.000000</ele>
			</trkpt>
			<trkpt lat="48.936602" lon="20.388604">
				<ele>943.000000</ele>
			</trkpt>
			<trkpt lat="48.936726" lon="20.388973">
				<ele>943.000000</ele>
			</trkpt>
			<trkpt lat="48.936933" lon="20.389359">
				<ele>942.000000</ele>
			</trkpt>
			<trkpt lat="48.937293" lon="20.389960">
				<ele>941.000000</ele>
			</trkpt>
			<trkpt lat="48.937382" lon="20.390221">
				<ele>941.000000</ele>
			</trkpt>
			<trkpt lat="48.937565" lon="20.390455">
				<ele>940.000000</ele>
			</trkpt>
			<trkpt lat="48.937883" lon="20.390625">
				<ele>939.000000</ele>
			</trkpt>
			<trkpt lat="48.938143" lon="20.390679">
				<ele>937.000000</ele>
			</trkpt>
			<trkpt lat="48.938503" lon="20.390850">
				<ele>935.000000</ele>
			</trkpt>
			<trkpt lat="48.938691" lon="20.391038">
				<ele>933.000000</ele>
			</trkpt>
			<trkpt lat="48.938927" lon="20.391227">
				<ele>931.000000</ele>
			</trkpt>
			<trkpt lat="48.939134" lon="20.391524">
				<ele>930.000000</ele>
			</trkpt>
			<trkpt lat="48.939275" lon="20.391713">
				<ele>930.000000</ele>
			</trkpt>
			<trkpt lat="48.939523" lon="20.391990">
				<ele>930.000000</ele>
			</trkpt>
			<trkpt lat="48.939865" lon="20.392413">
				<ele>930.000000</ele>
			</trkpt>
			<trkpt lat="48.939942" lon="20.392476">
				<ele>930.000000</ele>
			</trkpt>
			<trkpt lat="48.940037" lon="20.392529">
				<ele>930.000000</ele>
			</trkpt>
			<trkpt lat="48.940096" lon="20.392566">
				<ele>930.000000</ele>
			</trkpt>
			<trkpt lat="48.940160" lon="20.392566">
				<ele>930.000000</ele>
			</trkpt>
			<trkpt lat="48.940219" lon="20.392556">
				<ele>930.000000</ele>
			</trkpt>
			<trkpt lat="48.940349" lon="20.392512">
				<ele>930.000000</ele>
			</trkpt>
			<trkpt lat="48.940455" lon="20.392430">
				<ele>930.000000</ele>
			</trkpt>
			<trkpt lat="48.940680" lon="20.392197">
				<ele>930.000000</ele>
			</trkpt>
			<trkpt lat="48.940940" lon="20.392053">
				<ele>930.000000</ele>
			</trkpt>
			<trkpt lat="48.941011" lon="20.392036">
				<ele>930.000000</ele>
			</trkpt>
			<trkpt lat="48.941264" lon="20.392017">
				<ele>930.000000</ele>
			</trkpt>
			<trkpt lat="48.941335" lon="20.392017">
				<ele>930.000000</ele>
			</trkpt>
			<trkpt lat="48.941500" lon="20.392063">
				<ele>930.000000</ele>
			</trkpt>
			<trkpt lat="48.941565" lon="20.392080">
				<ele>930.000000</ele>
			</trkpt>
			<trkpt lat="48.941701" lon="20.392161">
				<ele>930.000000</ele>
			</trkpt>
			<trkpt lat="48.941777" lon="20.392224">
				<ele>930.000000</ele>
			</trkpt>
			<trkpt lat="48.941878" lon="20.392350">
				<ele>930.000000</ele>
			</trkpt>
			<trkpt lat="48.942126" lon="20.392665">
				<ele>930.000000</ele>
			</trkpt>
			<trkpt lat="48.942232" lon="20.392808">
				<ele>930.000000</ele>
			</trkpt>
			<trkpt lat="48.942291" lon="20.392871">
				<ele>930.000000</ele>
			</trkpt>
			<trkpt lat="48.942291" lon="20.392871">
				<ele>930.000000</ele>
			</trkpt>
			<trkpt lat="48.942326" lon="20.392906">
				<ele>930.000000</ele>
			</trkpt>
			<trkpt lat="48.942403" lon="20.392979">
				<ele>930.000000</ele>
			</trkpt>
			<trkpt lat="48.942497" lon="20.393032">
				<ele>930.000000</ele>
			</trkpt>
			<trkpt lat="48.942674" lon="20.393113">
				<ele>930.000000</ele>
			</trkpt>
			<trkpt lat="48.942769" lon="20.393149">
				<ele>930.000000</ele>
			</trkpt>
			<trkpt lat="48.942834" lon="20.393195">
				<ele>930.000000</ele>
			</trkpt>
			<trkpt lat="48.942922" lon="20.393302">
				<ele>930.000000</ele>
			</trkpt>
			<trkpt lat="48.942993" lon="20.393401">
				<ele>930.000000</ele>
			</trkpt>
			<trkpt lat="48.943117" lon="20.393590">
				<ele>930.000000</ele>
			</trkpt>
			<trkpt lat="48.943176" lon="20.393671">
				<ele>930.000000</ele>
			</trkpt>
			<trkpt lat="48.943229" lon="20.393778">
				<ele>930.000000</ele>
			</trkpt>
			<trkpt lat="48.943270" lon="20.393895">
				<ele>929.000000</ele>
			</trkpt>
			<trkpt lat="48.943317" lon="20.394074">
				<ele>928.000000</ele>
			</trkpt>
			<trkpt lat="48.943388" lon="20.394254">
				<ele>927.000000</ele>
			</trkpt>
			<trkpt lat="48.943494" lon="20.394479">
				<ele>926.000000</ele>
			</trkpt>
			<trkpt lat="48.943577" lon="20.394659">
				<ele>925.000000</ele>
			</trkpt>
			<trkpt lat="48.943624" lon="20.394740">
				<ele>924.000000</ele>
			</trkpt>
			<trkpt lat="48.943671" lon="20.394811">
				<ele>923.000000</ele>
			</trkpt>
			<trkpt lat="48.943713" lon="20.394847">
				<ele>923.000000</ele>
			</trkpt>
			<trkpt lat="48.943789" lon="20.394900">
				<ele>922.000000</ele>
			</trkpt>
			<trkpt lat="48.943872" lon="20.394955">
				<ele>922.000000</ele>
			</trkpt>
			<trkpt lat="48.943949" lon="20.394982">
				<ele>921.000000</ele>
			</trkpt>
			<trkpt lat="48.944025" lon="20.395009">
				<ele>920.000000</ele>
			</trkpt>
			<trkpt lat="48.944314" lon="20.395080">
				<ele>918.000000</ele>
			</trkpt>
			<trkpt lat="48.944397" lon="20.395090">
				<ele>917.000000</ele>
			</trkpt>
			<trkpt lat="48.944474" lon="20.395080">
				<ele>916.000000</ele>
			</trkpt>
			<trkpt lat="48.944533" lon="20.395090">
				<ele>916.000000</ele>
			</trkpt>
			<trkpt lat="48.944574" lon="20.395080">
				<ele>915.000000</ele>
			</trkpt>
			<trkpt lat="48.944627" lon="20.395053">
				<ele>915.000000</ele>
			</trkpt>
			<trkpt lat="48.944710" lon="20.395000">
				<ele>914.000000</ele>
			</trkpt>
			<trkpt lat="48.944774" lon="20.394955">
				<ele>913.000000</ele>
			</trkpt>
			<trkpt lat="48.944833" lon="20.394929">
				<ele>913.000000</ele>
			</trkpt>
			<trkpt lat="48.944898" lon="20.394919">
				<ele>912.000000</ele>
			</trkpt>
			<trkpt lat="48.944946" lon="20.394919">
				<ele>912.000000</ele>
			</trkpt>
			<trkpt lat="48.945005" lon="20.394929">
				<ele>911.000000</ele>
			</trkpt>
			<trkpt lat="48.945088" lon="20.394946">
				<ele>911.000000</ele>
			</trkpt>
			<trkpt lat="48.945246" lon="20.394990">
				<ele>909.000000</ele>
			</trkpt>
			<trkpt lat="48.945312" lon="20.395018">
				<ele>909.000000</ele>
			</trkpt>
			<trkpt lat="48.945400" lon="20.395063">
				<ele>908.000000</ele>
			</trkpt>
			<trkpt lat="48.945483" lon="20.395116">
				<ele>908.000000</ele>
			</trkpt>
			<trkpt lat="48.945577" lon="20.395189">
				<ele>907.000000</ele>
			</trkpt>
			<trkpt lat="48.945819" lon="20.395287">
				<ele>905.000000</ele>
			</trkpt>
			<trkpt lat="48.945937" lon="20.395332">
				<ele>904.000000</ele>
			</trkpt>
			<trkpt lat="48.946049" lon="20.395350">
				<ele>903.000000</ele>
			</trkpt>
			<trkpt lat="48.946067" lon="20.395350">
				<ele>903.000000</ele>
			</trkpt>
			<trkpt lat="48.946149" lon="20.395350">
				<ele>903.000000</ele>
			</trkpt>
			<trkpt lat="48.946250" lon="20.395342">
				<ele>902.000000</ele>
			</trkpt>
			<trkpt lat="48.946315" lon="20.395323">
				<ele>901.000000</ele>
			</trkpt>
			<trkpt lat="48.946397" lon="20.395287">
				<ele>901.000000</ele>
			</trkpt>
			<trkpt lat="48.946474" lon="20.395242">
				<ele>900.000000</ele>
			</trkpt>
			<trkpt lat="48.946527" lon="20.395198">
				<ele>900.000000</ele>
			</trkpt>
			<trkpt lat="48.946574" lon="20.395135">
				<ele>901.000000</ele>
			</trkpt>
			<trkpt lat="48.946627" lon="20.395063">
				<ele>901.000000</ele>
			</trkpt>
			<trkpt lat="48.946686" lon="20.394955">
				<ele>902.000000</ele>
			</trkpt>
			<trkpt lat="48.946728" lon="20.394847">
				<ele>903.000000</ele>
			</trkpt>
			<trkpt lat="48.946757" lon="20.394757">
				<ele>903.000000</ele>
			</trkpt>
			<trkpt lat="48.946775" lon="20.394676">
				<ele>904.000000</ele>
			</trkpt>
			<trkpt lat="48.946775" lon="20.394560">
				<ele>904.000000</ele>
			</trkpt>
			<trkpt lat="48.946763" lon="20.394416">
				<ele>905.000000</ele>
			</trkpt>
			<trkpt lat="48.946763" lon="20.394300">
				<ele>906.000000</ele>
			</trkpt>
			<trkpt lat="48.946792" lon="20.394101">
				<ele>907.000000</ele>
			</trkpt>
			<trkpt lat="48.946840" lon="20.393797">
				<ele>909.000000</ele>
			</trkpt>
			<trkpt lat="48.946851" lon="20.393697">
				<ele>909.000000</ele>
			</trkpt>
			<trkpt lat="48.946881" lon="20.393590">
				<ele>910.000000</ele>
			</trkpt>
			<trkpt lat="48.946928" lon="20.393491">
				<ele>910.000000</ele>
			</trkpt>
			<trkpt lat="48.947017" lon="20.393329">
				<ele>909.000000</ele>
			</trkpt>
			<trkpt lat="48.947164" lon="20.393051">
				<ele>909.000000</ele>
			</trkpt>
			<trkpt lat="48.947247" lon="20.392853">
				<ele>908.000000</ele>
			</trkpt>
			<trkpt lat="48.947282" lon="20.392727">
				<ele>908.000000</ele>
			</trkpt>
			<trkpt lat="48.947329" lon="20.392547">
				<ele>907.000000</ele>
			</trkpt>
			<trkpt lat="48.947388" lon="20.392260">
				<ele>907.000000</ele>
			</trkpt>
			<trkpt lat="48.947406" lon="20.392116">
				<ele>906.000000</ele>
			</trkpt>
			<trkpt lat="48.947424" lon="20.391954">
				<ele>906.000000</ele>
			</trkpt>
			<trkpt lat="48.947424" lon="20.391774">
				<ele>905.000000</ele>
			</trkpt>
			<trkpt lat="48.947424" lon="20.391650">
				<ele>905.000000</ele>
			</trkpt>
			<trkpt lat="48.947441" lon="20.391550">
				<ele>905.000000</ele>
			</trkpt>
			<trkpt lat="48.947524" lon="20.391237">
				<ele>904.000000</ele>
			</trkpt>
			<trkpt lat="48.947660" lon="20.390715">
				<ele>903.000000</ele>
			</trkpt>
			<trkpt lat="48.947695" lon="20.390608">
				<ele>903.000000</ele>
			</trkpt>
			<trkpt lat="48.947742" lon="20.390499">
				<ele>902.000000</ele>
			</trkpt>
			<trkpt lat="48.947819" lon="20.390401">
				<ele>902.000000</ele>
			</trkpt>
			<trkpt lat="48.947896" lon="20.390302">
				<ele>902.000000</ele>
			</trkpt>
			<trkpt lat="48.947949" lon="20.390248">
				<ele>901.000000</ele>
			</trkpt>
			<trkpt lat="48.948067" lon="20.390149">
				<ele>901.000000</ele>
			</trkpt>
			<trkpt lat="48.948143" lon="20.390105">
				<ele>901.000000</ele>
			</trkpt>
			<trkpt lat="48.948226" lon="20.390059">
				<ele>900.000000</ele>
			</trkpt>
			<trkpt lat="48.948314" lon="20.390023">
				<ele>900.000000</ele>
			</trkpt>
			<trkpt lat="48.948391" lon="20.390005">
				<ele>899.000000</ele>
			</trkpt>
			<trkpt lat="48.948450" lon="20.390005">
				<ele>899.000000</ele>
			</trkpt>
			<trkpt lat="48.948527" lon="20.390015">
				<ele>898.000000</ele>
			</trkpt>
			<trkpt lat="48.948586" lon="20.390050">
				<ele>898.000000</ele>
			</trkpt>
			<trkpt lat="48.948639" lon="20.390086">
				<ele>897.000000</ele>
			</trkpt>
			<trkpt lat="48.948674" lon="20.390140">
				<ele>897.000000</ele>
			</trkpt>
			<trkpt lat="48.948692" lon="20.390212">
				<ele>896.000000</ele>
			</trkpt>
			<trkpt lat="48.948698" lon="20.390292">
				<ele>896.000000</ele>
			</trkpt>
			<trkpt lat="48.948704" lon="20.390418">
				<ele>895.000000</ele>
			</trkpt>
			<trkpt lat="48.948692" lon="20.390545">
				<ele>894.000000</ele>
			</trkpt>
			<trkpt lat="48.948674" lon="20.390751">
				<ele>893.000000</ele>
			</trkpt>
			<trkpt lat="48.948651" lon="20.391029">
				<ele>892.000000</ele>
			</trkpt>
			<trkpt lat="48.948645" lon="20.391271">
				<ele>890.000000</ele>
			</trkpt>
			<trkpt lat="48.948657" lon="20.391443">
				<ele>889.000000</ele>
			</trkpt>
			<trkpt lat="48.948704" lon="20.391739">
				<ele>887.000000</ele>
			</trkpt>
			<trkpt lat="48.948757" lon="20.392009">
				<ele>886.000000</ele>
			</trkpt>
			<trkpt lat="48.948804" lon="20.392179">
				<ele>885.000000</ele>
			</trkpt>
			<trkpt lat="48.948893" lon="20.392368">
				<ele>883.000000</ele>
			</trkpt>
			<trkpt lat="48.948975" lon="20.392512">
				<ele>882.000000</ele>
			</trkpt>
			<trkpt lat="48.949193" lon="20.392772">
				<ele>880.000000</ele>
			</trkpt>
			<trkpt lat="48.949441" lon="20.393051">
				<ele>878.000000</ele>
			</trkpt>
			<trkpt lat="48.949571" lon="20.393158">
				<ele>876.000000</ele>
			</trkpt>
			<trkpt lat="48.949654" lon="20.393212">
				<ele>876.000000</ele>
			</trkpt>
			<trkpt lat="48.949754" lon="20.393258">
				<ele>875.000000</ele>
			</trkpt>
			<trkpt lat="48.949831" lon="20.393275">
				<ele>874.000000</ele>
			</trkpt>
			<trkpt lat="48.950114" lon="20.393051">
				<ele>872.000000</ele>
			</trkpt>
			<trkpt lat="48.950197" lon="20.392996">
				<ele>871.000000</ele>
			</trkpt>
			<trkpt lat="48.950279" lon="20.392979">
				<ele>871.000000</ele>
			</trkpt>
			<trkpt lat="48.950338" lon="20.392969">
				<ele>870.000000</ele>
			</trkpt>
			<trkpt lat="48.950385" lon="20.392988">
				<ele>870.000000</ele>
			</trkpt>
			<trkpt lat="48.950427" lon="20.393015">
				<ele>869.000000</ele>
			</trkpt>
			<trkpt lat="48.950456" lon="20.393068">
				<ele>869.000000</ele>
			</trkpt>
			<trkpt lat="48.950473" lon="20.393132">
				<ele>869.000000</ele>
			</trkpt>
			<trkpt lat="48.950486" lon="20.393195">
				<ele>868.000000</ele>
			</trkpt>
			<trkpt lat="48.950486" lon="20.393292">
				<ele>868.000000</ele>
			</trkpt>
			<trkpt lat="48.950468" lon="20.393410">
				<ele>867.000000</ele>
			</trkpt>
			<trkpt lat="48.950444" lon="20.393491">
				<ele>867.000000</ele>
			</trkpt>
			<trkpt lat="48.950409" lon="20.393617">
				<ele>866.000000</ele>
			</trkpt>
			<trkpt lat="48.950574" lon="20.393877">
				<ele>861.000000</ele>
			</trkpt>
			<trkpt lat="48.950745" lon="20.394273">
				<ele>853.000000</ele>
			</trkpt>
			<trkpt lat="48.950975" lon="20.394497">
				<ele>846.000000</ele>
			</trkpt>
			<trkpt lat="48.951082" lon="20.394721">
				<ele>841.000000</ele>
			</trkpt>
			<trkpt lat="48.951264" lon="20.394650">
				<ele>839.000000</ele>
			</trkpt>
			<trkpt lat="48.951447" lon="20.394542">
				<ele>838.000000</ele>
			</trkpt>
			<trkpt lat="48.951654" lon="20.394398">
				<ele>835.000000</ele>
			</trkpt>
			<trkpt lat="48.951990" lon="20.394174">
				<ele>832.000000</ele>
			</trkpt>
			<trkpt lat="48.952120" lon="20.394057">
				<ele>830.000000</ele>
			</trkpt>
			<trkpt lat="48.952261" lon="20.393921">
				<ele>828.000000</ele>
			</trkpt>
			<trkpt lat="48.952391" lon="20.393832">
				<ele>827.000000</ele>
			</trkpt>
			<trkpt lat="48.952527" lon="20.393761">
				<ele>826.000000</ele>
			</trkpt>
			<trkpt lat="48.952627" lon="20.393707">
				<ele>825.000000</ele>
			</trkpt>
			<trkpt lat="48.952757" lon="20.393652">
				<ele>823.000000</ele>
			</trkpt>
			<trkpt lat="48.952875" lon="20.393608">
				<ele>822.000000</ele>
			</trkpt>
			<trkpt lat="48.952975" lon="20.393554">
				<ele>821.000000</ele>
			</trkpt>
			<trkpt lat="48.953058" lon="20.393472">
				<ele>820.000000</ele>
			</trkpt>
			<trkpt lat="48.953140" lon="20.393382">
				<ele>819.000000</ele>
			</trkpt>
			<trkpt lat="48.953258" lon="20.393248">
				<ele>818.000000</ele>
			</trkpt>
			<trkpt lat="48.953347" lon="20.393132">
				<ele>816.000000</ele>
			</trkpt>
			<trkpt lat="48.953388" lon="20.393059">
				<ele>816.000000</ele>
			</trkpt>
			<trkpt lat="48.953423" lon="20.392988">
				<ele>815.000000</ele>
			</trkpt>
			<trkpt lat="48.953447" lon="20.392898">
				<ele>815.000000</ele>
			</trkpt>
			<trkpt lat="48.953488" lon="20.392763">
				<ele>814.000000</ele>
			</trkpt>
			<trkpt lat="48.953500" lon="20.392673">
				<ele>813.000000</ele>
			</trkpt>
			<trkpt lat="48.953500" lon="20.392503">
				<ele>812.000000</ele>
			</trkpt>
			<trkpt lat="48.953471" lon="20.392305">
				<ele>811.000000</ele>
			</trkpt>
			<trkpt lat="48.953429" lon="20.392116">
				<ele>809.000000</ele>
			</trkpt>
			<trkpt lat="48.953323" lon="20.391820">
				<ele>808.000000</ele>
			</trkpt>
			<trkpt lat="48.953240" lon="20.391623">
				<ele>806.000000</ele>
			</trkpt>
			<trkpt lat="48.953205" lon="20.391550">
				<ele>806.000000</ele>
			</trkpt>
			<trkpt lat="48.953176" lon="20.391505">
				<ele>805.000000</ele>
			</trkpt>
			<trkpt lat="48.953146" lon="20.391478">
				<ele>805.000000</ele>
			</trkpt>
			<trkpt lat="48.953099" lon="20.391461">
				<ele>805.000000</ele>
			</trkpt>
			<trkpt lat="48.952993" lon="20.391424">
				<ele>804.000000</ele>
			</trkpt>
			<trkpt lat="48.952916" lon="20.391407">
				<ele>803.000000</ele>
			</trkpt>
			<trkpt lat="48.952857" lon="20.391388">
				<ele>803.000000</ele>
			</trkpt>
			<trkpt lat="48.952757" lon="20.391380">
				<ele>802.000000</ele>
			</trkpt>
			<trkpt lat="48.952645" lon="20.391371">
				<ele>801.000000</ele>
			</trkpt>
			<trkpt lat="48.952550" lon="20.391353">
				<ele>800.000000</ele>
			</trkpt>
			<trkpt lat="48.952415" lon="20.391298">
				<ele>799.000000</ele>
			</trkpt>
			<trkpt lat="48.952332" lon="20.391281">
				<ele>798.000000</ele>
			</trkpt>
			<trkpt lat="48.952226" lon="20.391254">
				<ele>796.000000</ele>
			</trkpt>
			<trkpt lat="48.952167" lon="20.391200">
				<ele>796.000000</ele>
			</trkpt>
			<trkpt lat="48.952143" lon="20.391147">
				<ele>795.000000</ele>
			</trkpt>
			<trkpt lat="48.952137" lon="20.391110">
				<ele>795.000000</ele>
			</trkpt>
			<trkpt lat="48.952126" lon="20.391047">
				<ele>794.000000</ele>
			</trkpt>
			<trkpt lat="48.952149" lon="20.390958">
				<ele>794.000000</ele>
			</trkpt>
			<trkpt lat="48.952196" lon="20.390877">
				<ele>793.000000</ele>
			</trkpt>
			<trkpt lat="48.952297" lon="20.390768">
				<ele>791.000000</ele>
			</trkpt>
			<trkpt lat="48.952356" lon="20.390697">
				<ele>790.000000</ele>
			</trkpt>
			<trkpt lat="48.952491" lon="20.390482">
				<ele>787.000000</ele>
			</trkpt>
			<trkpt lat="48.952592" lon="20.390329">
				<ele>785.000000</ele>
			</trkpt>
			<trkpt lat="48.952686" lon="20.390195">
				<ele>783.000000</ele>
			</trkpt>
			<trkpt lat="48.952739" lon="20.390105">
				<ele>781.000000</ele>
			</trkpt>
			<trkpt lat="48.952828" lon="20.389925">
				<ele>779.000000</ele>
			</trkpt>
			<trkpt lat="48.952898" lon="20.389816">
				<ele>777.000000</ele>
			</trkpt>
			<trkpt lat="48.952957" lon="20.389745">
				<ele>776.000000</ele>
			</trkpt>
			<trkpt lat="48.953022" lon="20.389690">
				<ele>774.000000</ele>
			</trkpt>
			<trkpt lat="48.953087" lon="20.389655">
				<ele>773.000000</ele>
			</trkpt>
			<trkpt lat="48.953158" lon="20.389637">
				<ele>772.000000</ele>
			</trkpt>
			<trkpt lat="48.953235" lon="20.389619">
				<ele>770.000000</ele>
			</trkpt>
			<trkpt lat="48.953305" lon="20.389583">
				<ele>769.000000</ele>
			</trkpt>
			<trkpt lat="48.953406" lon="20.389547">
				<ele>767.000000</ele>
			</trkpt>
			<trkpt lat="48.953506" lon="20.389520">
				<ele>765.000000</ele>
			</trkpt>
			<trkpt lat="48.953583" lon="20.389511">
				<ele>764.000000</ele>
			</trkpt>
			<trkpt lat="48.953653" lon="20.389476">
				<ele>763.000000</ele>
			</trkpt>
			<trkpt lat="48.953724" lon="20.389421">
				<ele>761.000000</ele>
			</trkpt>
			<trkpt lat="48.953777" lon="20.389394">
				<ele>760.000000</ele>
			</trkpt>
			<trkpt lat="48.953819" lon="20.389376">
				<ele>760.000000</ele>
			</trkpt>
			<trkpt lat="48.953872" lon="20.389376">
				<ele>759.000000</ele>
			</trkpt>
			<trkpt lat="48.953942" lon="20.389376">
				<ele>758.000000</ele>
			</trkpt>
			<trkpt lat="48.954084" lon="20.389340">
				<ele>755.000000</ele>
			</trkpt>
			<trkpt lat="48.954296" lon="20.389313">
				<ele>752.000000</ele>
			</trkpt>
			<trkpt lat="48.954344" lon="20.389304">
				<ele>751.000000</ele>
			</trkpt>
			<trkpt lat="48.954385" lon="20.389269">
				<ele>750.000000</ele>
			</trkpt>
			<trkpt lat="48.954438" lon="20.389260">
				<ele>750.000000</ele>
			</trkpt>
			<trkpt lat="48.954532" lon="20.389242">
				<ele>748.000000</ele>
			</trkpt>
			<trkpt lat="48.954597" lon="20.389250">
				<ele>748.000000</ele>
			</trkpt>
			<trkpt lat="48.954656" lon="20.389260">
				<ele>747.000000</ele>
			</trkpt>
			<trkpt lat="48.954739" lon="20.389296">
				<ele>746.000000</ele>
			</trkpt>
			<trkpt lat="48.954886" lon="20.389331">
				<ele>744.000000</ele>
			</trkpt>
			<trkpt lat="48.954981" lon="20.389350">
				<ele>743.000000</ele>
			</trkpt>
			<trkpt lat="48.955063" lon="20.389359">
				<ele>742.000000</ele>
			</trkpt>
			<trkpt lat="48.955146" lon="20.389359">
				<ele>741.000000</ele>
			</trkpt>
			<trkpt lat="48.955216" lon="20.389340">
				<ele>740.000000</ele>
			</trkpt>
			<trkpt lat="48.955352" lon="20.389296">
				<ele>738.000000</ele>
			</trkpt>
			<trkpt lat="48.955429" lon="20.389269">
				<ele>737.000000</ele>
			</trkpt>
			<trkpt lat="48.955511" lon="20.389206">
				<ele>736.000000</ele>
			</trkpt>
			<trkpt lat="48.955559" lon="20.389224">
				<ele>735.000000</ele>
			</trkpt>
			<trkpt lat="48.955606" lon="20.389224">
				<ele>734.000000</ele>
			</trkpt>
			<trkpt lat="48.955623" lon="20.389206">
				<ele>733.000000</ele>
			</trkpt>
			<trkpt lat="48.955682" lon="20.389242">
				<ele>731.000000</ele>
			</trkpt>
			<trkpt lat="48.955736" lon="20.389260">
				<ele>730.000000</ele>
			</trkpt>
			<trkpt lat="48.955759" lon="20.389269">
				<ele>729.000000</ele>
			</trkpt>
			<trkpt lat="48.955818" lon="20.389233">
				<ele>728.000000</ele>
			</trkpt>
			<trkpt lat="48.955877" lon="20.389233">
				<ele>726.000000</ele>
			</trkpt>
			<trkpt lat="48.955966" lon="20.389179">
				<ele>724.000000</ele>
			</trkpt>
			<trkpt lat="48.956019" lon="20.389179">
				<ele>723.000000</ele>
			</trkpt>
			<trkpt lat="48.956060" lon="20.389197">
				<ele>722.000000</ele>
			</trkpt>
			<trkpt lat="48.956101" lon="20.389242">
				<ele>721.000000</ele>
			</trkpt>
			<trkpt lat="48.956154" lon="20.389260">
				<ele>720.000000</ele>
			</trkpt>
			<trkpt lat="48.956213" lon="20.389269">
				<ele>719.000000</ele>
			</trkpt>
			<trkpt lat="48.956290" lon="20.389269">
				<ele>717.000000</ele>
			</trkpt>
			<trkpt lat="48.956337" lon="20.389287">
				<ele>716.000000</ele>
			</trkpt>
			<trkpt lat="48.956396" lon="20.389313">
				<ele>715.000000</ele>
			</trkpt>
			<trkpt lat="48.956443" lon="20.389340">
				<ele>714.000000</ele>
			</trkpt>
			<trkpt lat="48.956473" lon="20.389529">
				<ele>712.000000</ele>
			</trkpt>
			<trkpt lat="48.956496" lon="20.389637">
				<ele>711.000000</ele>
			</trkpt>
			<trkpt lat="48.956532" lon="20.389709">
				<ele>710.000000</ele>
			</trkpt>
			<trkpt lat="48.956585" lon="20.389780">
				<ele>710.000000</ele>
			</trkpt>
			<trkpt lat="48.956639" lon="20.389826">
				<ele>709.000000</ele>
			</trkpt>
			<trkpt lat="48.956721" lon="20.389843">
				<ele>708.000000</ele>
			</trkpt>
			<trkpt lat="48.956815" lon="20.389879">
				<ele>707.000000</ele>
			</trkpt>
			<trkpt lat="48.956874" lon="20.389889">
				<ele>706.000000</ele>
			</trkpt>
			<trkpt lat="48.956915" lon="20.389879">
				<ele>705.000000</ele>
			</trkpt>
			<trkpt lat="48.957045" lon="20.389897">
				<ele>704.000000</ele>
			</trkpt>
			<trkpt lat="48.957122" lon="20.389897">
				<ele>703.000000</ele>
			</trkpt>
			<trkpt lat="48.957181" lon="20.389879">
				<ele>702.000000</ele>
			</trkpt>
			<trkpt lat="48.957293" lon="20.389853">
				<ele>701.000000</ele>
			</trkpt>
			<trkpt lat="48.957352" lon="20.389835">
				<ele>700.000000</ele>
			</trkpt>
			<trkpt lat="48.957458" lon="20.389789">
				<ele>698.000000</ele>
			</trkpt>
			<trkpt lat="48.957664" lon="20.389637">
				<ele>693.000000</ele>
			</trkpt>
			<trkpt lat="48.957759" lon="20.389502">
				<ele>691.000000</ele>
			</trkpt>
			<trkpt lat="48.957829" lon="20.389386">
				<ele>688.000000</ele>
			</trkpt>
			<trkpt lat="48.957930" lon="20.389269">
				<ele>684.000000</ele>
			</trkpt>
			<trkpt lat="48.958006" lon="20.389179">
				<ele>682.000000</ele>
			</trkpt>
			<trkpt lat="48.958030" lon="20.389107">
				<ele>680.000000</ele>
			</trkpt>
			<trkpt lat="48.958107" lon="20.389000">
				<ele>677.000000</ele>
			</trkpt>
			<trkpt lat="48.958225" lon="20.388891">
				<ele>672.000000</ele>
			</trkpt>
			<trkpt lat="48.958255" lon="20.388864">
				<ele>671.000000</ele>
			</trkpt>
			<trkpt lat="48.958278" lon="20.388801">
				<ele>670.000000</ele>
			</trkpt>
			<trkpt lat="48.958325" lon="20.388738">
				<ele>667.000000</ele>
			</trkpt>
			<trkpt lat="48.958390" lon="20.388711">
				<ele>665.000000</ele>
			</trkpt>
			<trkpt lat="48.958443" lon="20.388676">
				<ele>663.000000</ele>
			</trkpt>
			<trkpt lat="48.958514" lon="20.388658">
				<ele>660.000000</ele>
			</trkpt>
			<trkpt lat="48.958567" lon="20.388648">
				<ele>659.000000</ele>
			</trkpt>
			<trkpt lat="48.958609" lon="20.388640">
				<ele>658.000000</ele>
			</trkpt>
			<trkpt lat="48.958668" lon="20.388631">
				<ele>655.000000</ele>
			</trkpt>
			<trkpt lat="48.958696" lon="20.388604">
				<ele>654.000000</ele>
			</trkpt>
			<trkpt lat="48.958768" lon="20.388523">
				<ele>651.000000</ele>
			</trkpt>
			<trkpt lat="48.959021" lon="20.388487">
				<ele>642.000000</ele>
			</trkpt>
			<trkpt lat="48.959240" lon="20.388407">
				<ele>636.000000</ele>
			</trkpt>
			<trkpt lat="48.959352" lon="20.388352">
				<ele>632.000000</ele>
			</trkpt>
			<trkpt lat="48.959588" lon="20.388334">
				<ele>626.000000</ele>
			</trkpt>
			<trkpt lat="48.959681" lon="20.388298">
				<ele>624.000000</ele>
			</trkpt>
			<trkpt lat="48.959953" lon="20.388208">
				<ele>617.000000</ele>
			</trkpt>
			<trkpt lat="48.960101" lon="20.388128">
				<ele>614.000000</ele>
			</trkpt>
			<trkpt lat="48.960254" lon="20.388047">
				<ele>610.000000</ele>
			</trkpt>
			<trkpt lat="48.960413" lon="20.387992">
				<ele>606.000000</ele>
			</trkpt>
			<trkpt lat="48.960508" lon="20.387975">
				<ele>603.000000</ele>
			</trkpt>
			<trkpt lat="48.960649" lon="20.387984">
				<ele>599.000000</ele>
			</trkpt>
			<trkpt lat="48.960691" lon="20.387958">
				<ele>600.000000</ele>
			</trkpt>
			<trkpt lat="48.960926" lon="20.387958">
				<ele>596.000000</ele>
			</trkpt>
			<trkpt lat="48.960980" lon="20.387966">
				<ele>595.000000</ele>
			</trkpt>
			<trkpt lat="48.961097" lon="20.387958">
				<ele>593.000000</ele>
			</trkpt>
			<trkpt lat="48.961133" lon="20.387939">
				<ele>592.000000</ele>
			</trkpt>
			<trkpt lat="48.961186" lon="20.387903">
				<ele>591.000000</ele>
			</trkpt>
			<trkpt lat="48.961215" lon="20.387858">
				<ele>590.000000</ele>
			</trkpt>
			<trkpt lat="48.961251" lon="20.387813">
				<ele>590.000000</ele>
			</trkpt>
			<trkpt lat="48.961286" lon="20.387778">
				<ele>589.000000</ele>
			</trkpt>
			<trkpt lat="48.961322" lon="20.387732">
				<ele>588.000000</ele>
			</trkpt>
			<trkpt lat="48.961357" lon="20.387625">
				<ele>587.000000</ele>
			</trkpt>
			<trkpt lat="48.961404" lon="20.387418">
				<ele>584.000000</ele>
			</trkpt>
			<trkpt lat="48.961434" lon="20.387319">
				<ele>583.000000</ele>
			</trkpt>
			<trkpt lat="48.961457" lon="20.387266">
				<ele>582.000000</ele>
			</trkpt>
			<trkpt lat="48.961493" lon="20.387193">
				<ele>581.000000</ele>
			</trkpt>
			<trkpt lat="48.961546" lon="20.387139">
				<ele>580.000000</ele>
			</trkpt>
			<trkpt lat="48.961611" lon="20.387076">
				<ele>579.000000</ele>
			</trkpt>
			<trkpt lat="48.961634" lon="20.387050">
				<ele>579.000000</ele>
			</trkpt>
			<trkpt lat="48.961670" lon="20.387023">
				<ele>578.000000</ele>
			</trkpt>
			<trkpt lat="48.961687" lon="20.386979">
				<ele>578.000000</ele>
			</trkpt>
			<trkpt lat="48.961711" lon="20.386933">
				<ele>578.000000</ele>
			</trkpt>
			<trkpt lat="48.961752" lon="20.386870">
				<ele>577.000000</ele>
			</trkpt>
			<trkpt lat="48.961817" lon="20.386799">
				<ele>576.000000</ele>
			</trkpt>
			<trkpt lat="48.961876" lon="20.386717">
				<ele>576.000000</ele>
			</trkpt>
			<trkpt lat="48.961976" lon="20.386583">
				<ele>574.000000</ele>
			</trkpt>
			<trkpt lat="48.962018" lon="20.386547">
				<ele>574.000000</ele>
			</trkpt>
			<trkpt lat="48.962130" lon="20.386474">
				<ele>573.000000</ele>
			</trkpt>
			<trkpt lat="48.962171" lon="20.386439">
				<ele>572.000000</ele>
			</trkpt>
			<trkpt lat="48.962230" lon="20.386340">
				<ele>571.000000</ele>
			</trkpt>
			<trkpt lat="48.962360" lon="20.386260">
				<ele>570.000000</ele>
			</trkpt>
			<trkpt lat="48.962466" lon="20.386205">
				<ele>568.000000</ele>
			</trkpt>
			<trkpt lat="48.962578" lon="20.386170">
				<ele>566.000000</ele>
			</trkpt>
			<trkpt lat="48.962708" lon="20.386143">
				<ele>564.000000</ele>
			</trkpt>
			<trkpt lat="48.962808" lon="20.386124">
				<ele>562.000000</ele>
			</trkpt>
			<trkpt lat="48.962867" lon="20.386115">
				<ele>561.000000</ele>
			</trkpt>
			<trkpt lat="48.962926" lon="20.386088">
				<ele>560.000000</ele>
			</trkpt>
			<trkpt lat="48.962967" lon="20.386053">
				<ele>559.000000</ele>
			</trkpt>
			<trkpt lat="48.963026" lon="20.386034">
				<ele>557.000000</ele>
			</trkpt>
			<trkpt lat="48.963091" lon="20.385990">
				<ele>556.000000</ele>
			</trkpt>
			<trkpt lat="48.963185" lon="20.385908">
				<ele>553.000000</ele>
			</trkpt>
			<trkpt lat="48.963209" lon="20.385873">
				<ele>552.000000</ele>
			</trkpt>
			<trkpt lat="48.963333" lon="20.385936">
				<ele>551.000000</ele>
			</trkpt>
			<trkpt lat="48.963533" lon="20.386026">
				<ele>550.000000</ele>
			</trkpt>
			<trkpt lat="48.963734" lon="20.386080">
				<ele>550.000000</ele>
			</trkpt>
			<trkpt lat="48.963810" lon="20.386088">
				<ele>550.000000</ele>
			</trkpt>
			<trkpt lat="48.963875" lon="20.386107">
				<ele>550.000000</ele>
			</trkpt>
			<trkpt lat="48.963999" lon="20.386107">
				<ele>550.000000</ele>
			</trkpt>
			<trkpt lat="48.964046" lon="20.386008">
				<ele>550.000000</ele>
			</trkpt>
			<trkpt lat="48.964076" lon="20.385936">
				<ele>550.000000</ele>
			</trkpt>
			<trkpt lat="48.964094" lon="20.385855">
				<ele>550.000000</ele>
			</trkpt>
			<trkpt lat="48.964105" lon="20.385810">
				<ele>550.000000</ele>
			</trkpt>
			<trkpt lat="48.964129" lon="20.385612">
				<ele>550.000000</ele>
			</trkpt>
			<trkpt lat="48.964141" lon="20.385514">
				<ele>550.000000</ele>
			</trkpt>
			<trkpt lat="48.964247" lon="20.385128">
				<ele>550.000000</ele>
			</trkpt>
			<trkpt lat="48.964442" lon="20.385244">
				<ele>550.000000</ele>
			</trkpt>
			<trkpt lat="48.964524" lon="20.385271">
				<ele>550.000000</ele>
			</trkpt>
			<trkpt lat="48.964778" lon="20.385514">
				<ele>550.000000</ele>
			</trkpt>
			<trkpt lat="48.964860" lon="20.385684">
				<ele>550.000000</ele>
			</trkpt>
			<trkpt lat="48.964913" lon="20.385765">
				<ele>550.000000</ele>
			</trkpt>
			<trkpt lat="48.964961" lon="20.385828">
				<ele>550.000000</ele>
			</trkpt>
			<trkpt lat="48.965014" lon="20.385873">
				<ele>550.000000</ele>
			</trkpt>
			<trkpt lat="48.965096" lon="20.385927">
				<ele>550.000000</ele>
			</trkpt>
			<trkpt lat="48.965196" lon="20.385900">
				<ele>550.000000</ele>
			</trkpt>
			<trkpt lat="48.965314" lon="20.385864">
				<ele>550.000000</ele>
			</trkpt>
			<trkpt lat="48.965403" lon="20.385847">
				<ele>550.000000</ele>
			</trkpt>
			<trkpt lat="48.965562" lon="20.385810">
				<ele>550.000000</ele>
			</trkpt>
			<trkpt lat="48.965751" lon="20.385765">
				<ele>550.000000</ele>
			</trkpt>
			<trkpt lat="48.965822" lon="20.385747">
				<ele>550.000000</ele>
			</trkpt>
			<trkpt lat="48.965863" lon="20.386026">
				<ele>550.000000</ele>
			</trkpt>
			<trkpt lat="48.965886" lon="20.386214">
				<ele>550.000000</ele>
			</trkpt>
			<trkpt lat="48.965945" lon="20.386287">
				<ele>550.000000</ele>
			</trkpt>
			<trkpt lat="48.965993" lon="20.386323">
				<ele>550.000000</ele>
			</trkpt>
			<trkpt lat="48.966040" lon="20.386350">
				<ele>550.000000</ele>
			</trkpt>
			<trkpt lat="48.965998" lon="20.386088">
				<ele>550.000000</ele>
			</trkpt>
		</trkseg>
	</trk>
</gpx>

