<?xml version="1.0" encoding="utf-8"?>
<gpx xmlns="http://www.topografix.com/GPX/1/1" version="1.1" creator="https://mapy.com/">
	<trk>
		<name>Vöröstorony-hágó</name>
		<trkseg>
			<trkpt lat="49.159044" lon="20.224544">
				<ele>1280.000000</ele>
			</trkpt>
			<trkpt lat="49.159044" lon="20.224553">
				<ele>1280.000000</ele>
			</trkpt>
			<trkpt lat="49.159021" lon="20.224643">
				<ele>1280.000000</ele>
			</trkpt>
			<trkpt lat="49.158956" lon="20.224750">
				<ele>1280.000000</ele>
			</trkpt>
			<trkpt lat="49.158850" lon="20.224886">
				<ele>1280.000000</ele>
			</trkpt>
			<trkpt lat="49.158791" lon="20.225003">
				<ele>1280.000000</ele>
			</trkpt>
			<trkpt lat="49.158826" lon="20.225029">
				<ele>1279.000000</ele>
			</trkpt>
			<trkpt lat="49.158879" lon="20.224966">
				<ele>1278.000000</ele>
			</trkpt>
			<trkpt lat="49.158926" lon="20.224922">
				<ele>1277.000000</ele>
			</trkpt>
			<trkpt lat="49.158932" lon="20.224949">
				<ele>1277.000000</ele>
			</trkpt>
			<trkpt lat="49.158932" lon="20.225012">
				<ele>1276.000000</ele>
			</trkpt>
			<trkpt lat="49.158909" lon="20.225102">
				<ele>1275.000000</ele>
			</trkpt>
			<trkpt lat="49.158879" lon="20.225209">
				<ele>1274.000000</ele>
			</trkpt>
			<trkpt lat="49.158850" lon="20.225308">
				<ele>1272.000000</ele>
			</trkpt>
			<trkpt lat="49.158821" lon="20.225406">
				<ele>1271.000000</ele>
			</trkpt>
			<trkpt lat="49.158791" lon="20.225532">
				<ele>1269.000000</ele>
			</trkpt>
			<trkpt lat="49.158738" lon="20.225731">
				<ele>1264.000000</ele>
			</trkpt>
			<trkpt lat="49.158738" lon="20.225775">
				<ele>1263.000000</ele>
			</trkpt>
			<trkpt lat="49.158832" lon="20.225605">
				<ele>1262.000000</ele>
			</trkpt>
			<trkpt lat="49.159008" lon="20.225263">
				<ele>1261.000000</ele>
			</trkpt>
			<trkpt lat="49.159108" lon="20.225102">
				<ele>1260.000000</ele>
			</trkpt>
			<trkpt lat="49.159267" lon="20.224850">
				<ele>1259.000000</ele>
			</trkpt>
			<trkpt lat="49.159461" lon="20.224607">
				<ele>1259.000000</ele>
			</trkpt>
			<trkpt lat="49.159596" lon="20.224482">
				<ele>1258.000000</ele>
			</trkpt>
			<trkpt lat="49.159719" lon="20.224410">
				<ele>1258.000000</ele>
			</trkpt>
			<trkpt lat="49.159819" lon="20.224356">
				<ele>1257.000000</ele>
			</trkpt>
			<trkpt lat="49.160077" lon="20.224203">
				<ele>1256.000000</ele>
			</trkpt>
			<trkpt lat="49.160224" lon="20.224096">
				<ele>1256.000000</ele>
			</trkpt>
			<trkpt lat="49.160289" lon="20.224068">
				<ele>1255.000000</ele>
			</trkpt>
			<trkpt lat="49.160336" lon="20.224006">
				<ele>1255.000000</ele>
			</trkpt>
			<trkpt lat="49.160419" lon="20.223888">
				<ele>1255.000000</ele>
			</trkpt>
			<trkpt lat="49.160494" lon="20.223790">
				<ele>1254.000000</ele>
			</trkpt>
			<trkpt lat="49.160618" lon="20.223655">
				<ele>1254.000000</ele>
			</trkpt>
			<trkpt lat="49.160788" lon="20.223511">
				<ele>1253.000000</ele>
			</trkpt>
			<trkpt lat="49.160964" lon="20.223440">
				<ele>1253.000000</ele>
			</trkpt>
			<trkpt lat="49.161070" lon="20.223421">
				<ele>1252.000000</ele>
			</trkpt>
			<trkpt lat="49.161141" lon="20.223395">
				<ele>1252.000000</ele>
			</trkpt>
			<trkpt lat="49.161247" lon="20.223377">
				<ele>1252.000000</ele>
			</trkpt>
			<trkpt lat="49.161352" lon="20.223395">
				<ele>1251.000000</ele>
			</trkpt>
			<trkpt lat="49.161470" lon="20.223458">
				<ele>1251.000000</ele>
			</trkpt>
			<trkpt lat="49.161570" lon="20.223484">
				<ele>1250.000000</ele>
			</trkpt>
			<trkpt lat="49.161799" lon="20.223521">
				<ele>1248.000000</ele>
			</trkpt>
			<trkpt lat="49.161916" lon="20.223538">
				<ele>1245.000000</ele>
			</trkpt>
			<trkpt lat="49.162016" lon="20.223511">
				<ele>1244.000000</ele>
			</trkpt>
			<trkpt lat="49.162039" lon="20.223548">
				<ele>1243.000000</ele>
			</trkpt>
			<trkpt lat="49.161964" lon="20.223637">
				<ele>1241.000000</ele>
			</trkpt>
			<trkpt lat="49.161964" lon="20.223700">
				<ele>1241.000000</ele>
			</trkpt>
			<trkpt lat="49.162039" lon="20.223727">
				<ele>1239.000000</ele>
			</trkpt>
			<trkpt lat="49.162216" lon="20.223700">
				<ele>1237.000000</ele>
			</trkpt>
			<trkpt lat="49.162351" lon="20.223601">
				<ele>1235.000000</ele>
			</trkpt>
			<trkpt lat="49.162498" lon="20.223565">
				<ele>1233.000000</ele>
			</trkpt>
			<trkpt lat="49.162539" lon="20.223620">
				<ele>1232.000000</ele>
			</trkpt>
			<trkpt lat="49.162528" lon="20.223674">
				<ele>1232.000000</ele>
			</trkpt>
			<trkpt lat="49.162357" lon="20.223817">
				<ele>1229.000000</ele>
			</trkpt>
			<trkpt lat="49.162339" lon="20.223880">
				<ele>1229.000000</ele>
			</trkpt>
			<trkpt lat="49.162357" lon="20.223924">
				<ele>1228.000000</ele>
			</trkpt>
			<trkpt lat="49.162433" lon="20.223951">
				<ele>1227.000000</ele>
			</trkpt>
			<trkpt lat="49.162586" lon="20.223888">
				<ele>1225.000000</ele>
			</trkpt>
			<trkpt lat="49.162692" lon="20.223898">
				<ele>1224.000000</ele>
			</trkpt>
			<trkpt lat="49.162756" lon="20.223978">
				<ele>1223.000000</ele>
			</trkpt>
			<trkpt lat="49.162839" lon="20.224266">
				<ele>1220.000000</ele>
			</trkpt>
			<trkpt lat="49.162933" lon="20.224392">
				<ele>1220.000000</ele>
			</trkpt>
			<trkpt lat="49.163044" lon="20.224500">
				<ele>1220.000000</ele>
			</trkpt>
			<trkpt lat="49.163156" lon="20.224544">
				<ele>1220.000000</ele>
			</trkpt>
			<trkpt lat="49.163320" lon="20.224544">
				<ele>1220.000000</ele>
			</trkpt>
			<trkpt lat="49.163450" lon="20.224463">
				<ele>1220.000000</ele>
			</trkpt>
			<trkpt lat="49.163573" lon="20.224364">
				<ele>1220.000000</ele>
			</trkpt>
			<trkpt lat="49.163720" lon="20.224257">
				<ele>1220.000000</ele>
			</trkpt>
			<trkpt lat="49.163790" lon="20.224176">
				<ele>1220.000000</ele>
			</trkpt>
			<trkpt lat="49.163849" lon="20.224006">
				<ele>1222.000000</ele>
			</trkpt>
			<trkpt lat="49.163908" lon="20.223853">
				<ele>1223.000000</ele>
			</trkpt>
			<trkpt lat="49.163978" lon="20.223664">
				<ele>1226.000000</ele>
			</trkpt>
			<trkpt lat="49.164031" lon="20.223521">
				<ele>1227.000000</ele>
			</trkpt>
			<trkpt lat="49.164131" lon="20.223341">
				<ele>1230.000000</ele>
			</trkpt>
			<trkpt lat="49.164390" lon="20.223161">
				<ele>1232.000000</ele>
			</trkpt>
			<trkpt lat="49.164501" lon="20.223026">
				<ele>1233.000000</ele>
			</trkpt>
			<trkpt lat="49.164589" lon="20.222945">
				<ele>1234.000000</ele>
			</trkpt>
			<trkpt lat="49.164654" lon="20.222856">
				<ele>1235.000000</ele>
			</trkpt>
			<trkpt lat="49.164754" lon="20.222712">
				<ele>1236.000000</ele>
			</trkpt>
			<trkpt lat="49.164765" lon="20.222640">
				<ele>1236.000000</ele>
			</trkpt>
			<trkpt lat="49.164783" lon="20.222469">
				<ele>1237.000000</ele>
			</trkpt>
			<trkpt lat="49.164818" lon="20.222335">
				<ele>1238.000000</ele>
			</trkpt>
			<trkpt lat="49.164901" lon="20.222190">
				<ele>1239.000000</ele>
			</trkpt>
			<trkpt lat="49.164889" lon="20.222074">
				<ele>1239.000000</ele>
			</trkpt>
			<trkpt lat="49.164912" lon="20.221957">
				<ele>1240.000000</ele>
			</trkpt>
			<trkpt lat="49.164948" lon="20.221886">
				<ele>1241.000000</ele>
			</trkpt>
			<trkpt lat="49.164995" lon="20.221832">
				<ele>1242.000000</ele>
			</trkpt>
			<trkpt lat="49.165059" lon="20.221787">
				<ele>1243.000000</ele>
			</trkpt>
			<trkpt lat="49.165306" lon="20.221607">
				<ele>1249.000000</ele>
			</trkpt>
			<trkpt lat="49.165370" lon="20.221517">
				<ele>1250.000000</ele>
			</trkpt>
			<trkpt lat="49.165435" lon="20.221418">
				<ele>1252.000000</ele>
			</trkpt>
			<trkpt lat="49.165540" lon="20.221374">
				<ele>1252.000000</ele>
			</trkpt>
			<trkpt lat="49.165540" lon="20.221374">
				<ele>1252.000000</ele>
			</trkpt>
			<trkpt lat="49.165576" lon="20.221356">
				<ele>1253.000000</ele>
			</trkpt>
			<trkpt lat="49.165664" lon="20.221337">
				<ele>1255.000000</ele>
			</trkpt>
			<trkpt lat="49.165746" lon="20.221274">
				<ele>1256.000000</ele>
			</trkpt>
			<trkpt lat="49.165817" lon="20.221284">
				<ele>1257.000000</ele>
			</trkpt>
			<trkpt lat="49.165876" lon="20.221203">
				<ele>1258.000000</ele>
			</trkpt>
			<trkpt lat="49.165923" lon="20.221131">
				<ele>1258.000000</ele>
			</trkpt>
			<trkpt lat="49.165981" lon="20.221104">
				<ele>1259.000000</ele>
			</trkpt>
			<trkpt lat="49.166016" lon="20.221058">
				<ele>1260.000000</ele>
			</trkpt>
			<trkpt lat="49.165981" lon="20.221014">
				<ele>1261.000000</ele>
			</trkpt>
			<trkpt lat="49.165946" lon="20.221005">
				<ele>1261.000000</ele>
			</trkpt>
			<trkpt lat="49.165917" lon="20.220987">
				<ele>1262.000000</ele>
			</trkpt>
			<trkpt lat="49.165899" lon="20.220934">
				<ele>1263.000000</ele>
			</trkpt>
			<trkpt lat="49.165934" lon="20.220871">
				<ele>1264.000000</ele>
			</trkpt>
			<trkpt lat="49.166004" lon="20.220852">
				<ele>1265.000000</ele>
			</trkpt>
			<trkpt lat="49.166081" lon="20.220852">
				<ele>1266.000000</ele>
			</trkpt>
			<trkpt lat="49.166151" lon="20.220825">
				<ele>1268.000000</ele>
			</trkpt>
			<trkpt lat="49.166210" lon="20.220781">
				<ele>1269.000000</ele>
			</trkpt>
			<trkpt lat="49.166240" lon="20.220718">
				<ele>1270.000000</ele>
			</trkpt>
			<trkpt lat="49.166251" lon="20.220610">
				<ele>1271.000000</ele>
			</trkpt>
			<trkpt lat="49.166287" lon="20.220521">
				<ele>1271.000000</ele>
			</trkpt>
			<trkpt lat="49.166393" lon="20.220431">
				<ele>1272.000000</ele>
			</trkpt>
			<trkpt lat="49.166504" lon="20.220395">
				<ele>1274.000000</ele>
			</trkpt>
			<trkpt lat="49.166592" lon="20.220395">
				<ele>1275.000000</ele>
			</trkpt>
			<trkpt lat="49.166663" lon="20.220395">
				<ele>1275.000000</ele>
			</trkpt>
			<trkpt lat="49.166721" lon="20.220439">
				<ele>1276.000000</ele>
			</trkpt>
			<trkpt lat="49.166804" lon="20.220439">
				<ele>1277.000000</ele>
			</trkpt>
			<trkpt lat="49.166932" lon="20.220448">
				<ele>1278.000000</ele>
			</trkpt>
			<trkpt lat="49.167062" lon="20.220431">
				<ele>1279.000000</ele>
			</trkpt>
			<trkpt lat="49.167138" lon="20.220448">
				<ele>1280.000000</ele>
			</trkpt>
			<trkpt lat="49.167291" lon="20.220637">
				<ele>1281.000000</ele>
			</trkpt>
			<trkpt lat="49.167396" lon="20.220735">
				<ele>1282.000000</ele>
			</trkpt>
			<trkpt lat="49.167491" lon="20.220781">
				<ele>1282.000000</ele>
			</trkpt>
			<trkpt lat="49.167543" lon="20.220762">
				<ele>1283.000000</ele>
			</trkpt>
			<trkpt lat="49.167596" lon="20.220708">
				<ele>1283.000000</ele>
			</trkpt>
			<trkpt lat="49.167638" lon="20.220619">
				<ele>1283.000000</ele>
			</trkpt>
			<trkpt lat="49.167655" lon="20.220431">
				<ele>1284.000000</ele>
			</trkpt>
			<trkpt lat="49.167643" lon="20.220322">
				<ele>1285.000000</ele>
			</trkpt>
			<trkpt lat="49.167626" lon="20.220196">
				<ele>1285.000000</ele>
			</trkpt>
			<trkpt lat="49.167602" lon="20.220098">
				<ele>1285.000000</ele>
			</trkpt>
			<trkpt lat="49.167561" lon="20.219945">
				<ele>1286.000000</ele>
			</trkpt>
			<trkpt lat="49.167526" lon="20.219810">
				<ele>1287.000000</ele>
			</trkpt>
			<trkpt lat="49.167520" lon="20.219577">
				<ele>1287.000000</ele>
			</trkpt>
			<trkpt lat="49.167502" lon="20.219379">
				<ele>1288.000000</ele>
			</trkpt>
			<trkpt lat="49.167479" lon="20.219272">
				<ele>1289.000000</ele>
			</trkpt>
			<trkpt lat="49.167461" lon="20.219226">
				<ele>1289.000000</ele>
			</trkpt>
			<trkpt lat="49.167402" lon="20.219190">
				<ele>1289.000000</ele>
			</trkpt>
			<trkpt lat="49.167332" lon="20.219163">
				<ele>1290.000000</ele>
			</trkpt>
			<trkpt lat="49.167291" lon="20.219110">
				<ele>1290.000000</ele>
			</trkpt>
			<trkpt lat="49.167256" lon="20.219029">
				<ele>1290.000000</ele>
			</trkpt>
			<trkpt lat="49.167221" lon="20.218957">
				<ele>1290.000000</ele>
			</trkpt>
			<trkpt lat="49.167209" lon="20.218831">
				<ele>1291.000000</ele>
			</trkpt>
			<trkpt lat="49.167179" lon="20.218670">
				<ele>1292.000000</ele>
			</trkpt>
			<trkpt lat="49.167150" lon="20.218481">
				<ele>1293.000000</ele>
			</trkpt>
			<trkpt lat="49.167185" lon="20.218292">
				<ele>1294.000000</ele>
			</trkpt>
			<trkpt lat="49.167226" lon="20.218274">
				<ele>1294.000000</ele>
			</trkpt>
			<trkpt lat="49.167309" lon="20.218184">
				<ele>1294.000000</ele>
			</trkpt>
			<trkpt lat="49.167402" lon="20.218085">
				<ele>1295.000000</ele>
			</trkpt>
			<trkpt lat="49.167455" lon="20.218041">
				<ele>1295.000000</ele>
			</trkpt>
			<trkpt lat="49.167485" lon="20.217995">
				<ele>1295.000000</ele>
			</trkpt>
			<trkpt lat="49.167526" lon="20.217924">
				<ele>1296.000000</ele>
			</trkpt>
			<trkpt lat="49.167579" lon="20.217808">
				<ele>1296.000000</ele>
			</trkpt>
			<trkpt lat="49.167632" lon="20.217708">
				<ele>1296.000000</ele>
			</trkpt>
			<trkpt lat="49.167696" lon="20.217664">
				<ele>1297.000000</ele>
			</trkpt>
			<trkpt lat="49.167738" lon="20.217636">
				<ele>1297.000000</ele>
			</trkpt>
			<trkpt lat="49.167767" lon="20.217609">
				<ele>1297.000000</ele>
			</trkpt>
			<trkpt lat="49.167785" lon="20.217546">
				<ele>1297.000000</ele>
			</trkpt>
			<trkpt lat="49.167796" lon="20.217475">
				<ele>1298.000000</ele>
			</trkpt>
			<trkpt lat="49.167832" lon="20.217376">
				<ele>1298.000000</ele>
			</trkpt>
			<trkpt lat="49.167885" lon="20.217277">
				<ele>1298.000000</ele>
			</trkpt>
			<trkpt lat="49.167932" lon="20.217188">
				<ele>1299.000000</ele>
			</trkpt>
			<trkpt lat="49.167978" lon="20.217142">
				<ele>1299.000000</ele>
			</trkpt>
			<trkpt lat="49.168025" lon="20.217079">
				<ele>1299.000000</ele>
			</trkpt>
			<trkpt lat="49.168060" lon="20.217026">
				<ele>1300.000000</ele>
			</trkpt>
			<trkpt lat="49.168143" lon="20.216945">
				<ele>1300.000000</ele>
			</trkpt>
			<trkpt lat="49.168219" lon="20.216900">
				<ele>1300.000000</ele>
			</trkpt>
			<trkpt lat="49.168390" lon="20.216792">
				<ele>1300.000000</ele>
			</trkpt>
			<trkpt lat="49.168501" lon="20.216855">
				<ele>1300.000000</ele>
			</trkpt>
			<trkpt lat="49.168548" lon="20.216863">
				<ele>1300.000000</ele>
			</trkpt>
			<trkpt lat="49.168665" lon="20.216819">
				<ele>1302.000000</ele>
			</trkpt>
			<trkpt lat="49.168718" lon="20.216783">
				<ele>1303.000000</ele>
			</trkpt>
			<trkpt lat="49.168871" lon="20.216613">
				<ele>1305.000000</ele>
			</trkpt>
			<trkpt lat="49.169071" lon="20.216324">
				<ele>1309.000000</ele>
			</trkpt>
			<trkpt lat="49.169206" lon="20.216064">
				<ele>1312.000000</ele>
			</trkpt>
			<trkpt lat="49.169294" lon="20.215848">
				<ele>1314.000000</ele>
			</trkpt>
			<trkpt lat="49.169417" lon="20.215418">
				<ele>1318.000000</ele>
			</trkpt>
			<trkpt lat="49.169435" lon="20.215364">
				<ele>1319.000000</ele>
			</trkpt>
			<trkpt lat="49.169488" lon="20.215229">
				<ele>1320.000000</ele>
			</trkpt>
			<trkpt lat="49.169523" lon="20.215121">
				<ele>1321.000000</ele>
			</trkpt>
			<trkpt lat="49.169546" lon="20.215005">
				<ele>1322.000000</ele>
			</trkpt>
			<trkpt lat="49.169552" lon="20.214942">
				<ele>1323.000000</ele>
			</trkpt>
			<trkpt lat="49.169564" lon="20.214861">
				<ele>1323.000000</ele>
			</trkpt>
			<trkpt lat="49.169570" lon="20.214771">
				<ele>1324.000000</ele>
			</trkpt>
			<trkpt lat="49.169582" lon="20.214735">
				<ele>1324.000000</ele>
			</trkpt>
			<trkpt lat="49.169599" lon="20.214726">
				<ele>1324.000000</ele>
			</trkpt>
			<trkpt lat="49.169611" lon="20.214745">
				<ele>1325.000000</ele>
			</trkpt>
			<trkpt lat="49.169646" lon="20.214825">
				<ele>1325.000000</ele>
			</trkpt>
			<trkpt lat="49.169670" lon="20.214915">
				<ele>1326.000000</ele>
			</trkpt>
			<trkpt lat="49.169682" lon="20.214995">
				<ele>1327.000000</ele>
			</trkpt>
			<trkpt lat="49.169682" lon="20.215049">
				<ele>1327.000000</ele>
			</trkpt>
			<trkpt lat="49.169676" lon="20.215139">
				<ele>1328.000000</ele>
			</trkpt>
			<trkpt lat="49.169693" lon="20.215282">
				<ele>1329.000000</ele>
			</trkpt>
			<trkpt lat="49.169711" lon="20.215364">
				<ele>1330.000000</ele>
			</trkpt>
			<trkpt lat="49.169782" lon="20.215534">
				<ele>1331.000000</ele>
			</trkpt>
			<trkpt lat="49.169928" lon="20.215903">
				<ele>1335.000000</ele>
			</trkpt>
			<trkpt lat="49.170040" lon="20.216244">
				<ele>1338.000000</ele>
			</trkpt>
			<trkpt lat="49.170081" lon="20.216387">
				<ele>1340.000000</ele>
			</trkpt>
			<trkpt lat="49.170104" lon="20.216523">
				<ele>1341.000000</ele>
			</trkpt>
			<trkpt lat="49.170128" lon="20.216666">
				<ele>1342.000000</ele>
			</trkpt>
			<trkpt lat="49.170140" lon="20.216783">
				<ele>1343.000000</ele>
			</trkpt>
			<trkpt lat="49.170146" lon="20.216999">
				<ele>1345.000000</ele>
			</trkpt>
			<trkpt lat="49.170146" lon="20.217295">
				<ele>1347.000000</ele>
			</trkpt>
			<trkpt lat="49.170140" lon="20.217511">
				<ele>1349.000000</ele>
			</trkpt>
			<trkpt lat="49.170152" lon="20.217609">
				<ele>1350.000000</ele>
			</trkpt>
			<trkpt lat="49.170163" lon="20.217682">
				<ele>1350.000000</ele>
			</trkpt>
			<trkpt lat="49.170204" lon="20.217789">
				<ele>1351.000000</ele>
			</trkpt>
			<trkpt lat="49.170246" lon="20.217871">
				<ele>1352.000000</ele>
			</trkpt>
			<trkpt lat="49.170263" lon="20.217924">
				<ele>1352.000000</ele>
			</trkpt>
			<trkpt lat="49.170310" lon="20.218095">
				<ele>1353.000000</ele>
			</trkpt>
			<trkpt lat="49.170333" lon="20.218184">
				<ele>1353.000000</ele>
			</trkpt>
			<trkpt lat="49.170351" lon="20.218265">
				<ele>1354.000000</ele>
			</trkpt>
			<trkpt lat="49.170374" lon="20.218427">
				<ele>1355.000000</ele>
			</trkpt>
			<trkpt lat="49.170351" lon="20.218580">
				<ele>1356.000000</ele>
			</trkpt>
			<trkpt lat="49.170293" lon="20.218714">
				<ele>1357.000000</ele>
			</trkpt>
			<trkpt lat="49.170246" lon="20.218867">
				<ele>1357.000000</ele>
			</trkpt>
			<trkpt lat="49.170227" lon="20.218903">
				<ele>1358.000000</ele>
			</trkpt>
			<trkpt lat="49.170216" lon="20.218948">
				<ele>1358.000000</ele>
			</trkpt>
			<trkpt lat="49.170216" lon="20.218984">
				<ele>1358.000000</ele>
			</trkpt>
			<trkpt lat="49.170257" lon="20.219083">
				<ele>1359.000000</ele>
			</trkpt>
			<trkpt lat="49.170287" lon="20.219119">
				<ele>1359.000000</ele>
			</trkpt>
			<trkpt lat="49.170293" lon="20.219146">
				<ele>1359.000000</ele>
			</trkpt>
			<trkpt lat="49.170333" lon="20.219263">
				<ele>1360.000000</ele>
			</trkpt>
			<trkpt lat="49.170474" lon="20.219577">
				<ele>1363.000000</ele>
			</trkpt>
			<trkpt lat="49.170639" lon="20.219882">
				<ele>1366.000000</ele>
			</trkpt>
			<trkpt lat="49.170680" lon="20.219963">
				<ele>1366.000000</ele>
			</trkpt>
			<trkpt lat="49.170686" lon="20.220008">
				<ele>1367.000000</ele>
			</trkpt>
			<trkpt lat="49.170686" lon="20.220035">
				<ele>1367.000000</ele>
			</trkpt>
			<trkpt lat="49.170663" lon="20.220089">
				<ele>1367.000000</ele>
			</trkpt>
			<trkpt lat="49.170610" lon="20.220179">
				<ele>1368.000000</ele>
			</trkpt>
			<trkpt lat="49.170527" lon="20.220314">
				<ele>1370.000000</ele>
			</trkpt>
			<trkpt lat="49.170445" lon="20.220448">
				<ele>1371.000000</ele>
			</trkpt>
			<trkpt lat="49.170404" lon="20.220529">
				<ele>1372.000000</ele>
			</trkpt>
			<trkpt lat="49.170380" lon="20.220592">
				<ele>1373.000000</ele>
			</trkpt>
			<trkpt lat="49.170327" lon="20.220817">
				<ele>1375.000000</ele>
			</trkpt>
			<trkpt lat="49.170263" lon="20.221140">
				<ele>1378.000000</ele>
			</trkpt>
			<trkpt lat="49.170204" lon="20.221410">
				<ele>1381.000000</ele>
			</trkpt>
			<trkpt lat="49.170181" lon="20.221607">
				<ele>1383.000000</ele>
			</trkpt>
			<trkpt lat="49.170152" lon="20.221796">
				<ele>1385.000000</ele>
			</trkpt>
			<trkpt lat="49.170099" lon="20.222163">
				<ele>1388.000000</ele>
			</trkpt>
			<trkpt lat="49.170046" lon="20.222622">
				<ele>1393.000000</ele>
			</trkpt>
			<trkpt lat="49.169987" lon="20.223062">
				<ele>1397.000000</ele>
			</trkpt>
			<trkpt lat="49.169957" lon="20.223261">
				<ele>1399.000000</ele>
			</trkpt>
			<trkpt lat="49.169928" lon="20.223448">
				<ele>1401.000000</ele>
			</trkpt>
			<trkpt lat="49.169852" lon="20.223844">
				<ele>1406.000000</ele>
			</trkpt>
			<trkpt lat="49.169835" lon="20.223943">
				<ele>1407.000000</ele>
			</trkpt>
			<trkpt lat="49.169822" lon="20.224006">
				<ele>1407.000000</ele>
			</trkpt>
			<trkpt lat="49.169811" lon="20.224068">
				<ele>1408.000000</ele>
			</trkpt>
			<trkpt lat="49.169799" lon="20.224131">
				<ele>1409.000000</ele>
			</trkpt>
			<trkpt lat="49.169805" lon="20.224167">
				<ele>1409.000000</ele>
			</trkpt>
			<trkpt lat="49.169816" lon="20.224176">
				<ele>1409.000000</ele>
			</trkpt>
			<trkpt lat="49.169822" lon="20.224176">
				<ele>1410.000000</ele>
			</trkpt>
			<trkpt lat="49.169852" lon="20.224150">
				<ele>1410.000000</ele>
			</trkpt>
			<trkpt lat="49.169869" lon="20.224113">
				<ele>1410.000000</ele>
			</trkpt>
			<trkpt lat="49.169910" lon="20.223951">
				<ele>1411.000000</ele>
			</trkpt>
			<trkpt lat="49.169963" lon="20.223808">
				<ele>1412.000000</ele>
			</trkpt>
			<trkpt lat="49.170052" lon="20.223601">
				<ele>1414.000000</ele>
			</trkpt>
			<trkpt lat="49.170099" lon="20.223494">
				<ele>1414.000000</ele>
			</trkpt>
			<trkpt lat="49.170216" lon="20.223215">
				<ele>1416.000000</ele>
			</trkpt>
			<trkpt lat="49.170404" lon="20.222792">
				<ele>1419.000000</ele>
			</trkpt>
			<trkpt lat="49.170592" lon="20.222353">
				<ele>1423.000000</ele>
			</trkpt>
			<trkpt lat="49.170698" lon="20.222110">
				<ele>1425.000000</ele>
			</trkpt>
			<trkpt lat="49.170804" lon="20.221867">
				<ele>1427.000000</ele>
			</trkpt>
			<trkpt lat="49.170903" lon="20.221714">
				<ele>1428.000000</ele>
			</trkpt>
			<trkpt lat="49.170932" lon="20.221670">
				<ele>1429.000000</ele>
			</trkpt>
			<trkpt lat="49.170974" lon="20.221634">
				<ele>1429.000000</ele>
			</trkpt>
			<trkpt lat="49.171027" lon="20.221598">
				<ele>1430.000000</ele>
			</trkpt>
			<trkpt lat="49.171056" lon="20.221580">
				<ele>1430.000000</ele>
			</trkpt>
			<trkpt lat="49.171085" lon="20.221553">
				<ele>1431.000000</ele>
			</trkpt>
			<trkpt lat="49.171121" lon="20.221490">
				<ele>1431.000000</ele>
			</trkpt>
			<trkpt lat="49.171185" lon="20.221410">
				<ele>1432.000000</ele>
			</trkpt>
			<trkpt lat="49.171361" lon="20.221203">
				<ele>1434.000000</ele>
			</trkpt>
			<trkpt lat="49.171449" lon="20.221121">
				<ele>1435.000000</ele>
			</trkpt>
			<trkpt lat="49.171491" lon="20.221104">
				<ele>1436.000000</ele>
			</trkpt>
			<trkpt lat="49.171532" lon="20.221104">
				<ele>1436.000000</ele>
			</trkpt>
			<trkpt lat="49.171643" lon="20.221087">
				<ele>1437.000000</ele>
			</trkpt>
			<trkpt lat="49.171726" lon="20.221087">
				<ele>1438.000000</ele>
			</trkpt>
			<trkpt lat="49.171766" lon="20.221104">
				<ele>1439.000000</ele>
			</trkpt>
			<trkpt lat="49.171878" lon="20.221131">
				<ele>1440.000000</ele>
			</trkpt>
			<trkpt lat="49.172084" lon="20.221194">
				<ele>1442.000000</ele>
			</trkpt>
			<trkpt lat="49.172196" lon="20.221203">
				<ele>1443.000000</ele>
			</trkpt>
			<trkpt lat="49.172289" lon="20.221194">
				<ele>1444.000000</ele>
			</trkpt>
			<trkpt lat="49.172383" lon="20.221184">
				<ele>1445.000000</ele>
			</trkpt>
			<trkpt lat="49.172442" lon="20.221167">
				<ele>1446.000000</ele>
			</trkpt>
			<trkpt lat="49.172483" lon="20.221140">
				<ele>1446.000000</ele>
			</trkpt>
			<trkpt lat="49.172524" lon="20.221087">
				<ele>1447.000000</ele>
			</trkpt>
			<trkpt lat="49.172554" lon="20.221041">
				<ele>1447.000000</ele>
			</trkpt>
			<trkpt lat="49.172565" lon="20.220997">
				<ele>1448.000000</ele>
			</trkpt>
			<trkpt lat="49.172565" lon="20.220897">
				<ele>1448.000000</ele>
			</trkpt>
			<trkpt lat="49.172565" lon="20.220817">
				<ele>1449.000000</ele>
			</trkpt>
			<trkpt lat="49.172583" lon="20.220735">
				<ele>1450.000000</ele>
			</trkpt>
			<trkpt lat="49.172601" lon="20.220655">
				<ele>1450.000000</ele>
			</trkpt>
			<trkpt lat="49.172607" lon="20.220574">
				<ele>1451.000000</ele>
			</trkpt>
			<trkpt lat="49.172607" lon="20.220502">
				<ele>1451.000000</ele>
			</trkpt>
			<trkpt lat="49.172595" lon="20.220439">
				<ele>1452.000000</ele>
			</trkpt>
			<trkpt lat="49.172560" lon="20.220368">
				<ele>1452.000000</ele>
			</trkpt>
			<trkpt lat="49.172495" lon="20.220305">
				<ele>1453.000000</ele>
			</trkpt>
			<trkpt lat="49.172460" lon="20.220269">
				<ele>1454.000000</ele>
			</trkpt>
			<trkpt lat="49.172430" lon="20.220215">
				<ele>1454.000000</ele>
			</trkpt>
			<trkpt lat="49.172413" lon="20.220169">
				<ele>1454.000000</ele>
			</trkpt>
			<trkpt lat="49.172418" lon="20.220116">
				<ele>1455.000000</ele>
			</trkpt>
			<trkpt lat="49.172430" lon="20.220062">
				<ele>1455.000000</ele>
			</trkpt>
			<trkpt lat="49.172477" lon="20.219982">
				<ele>1456.000000</ele>
			</trkpt>
			<trkpt lat="49.172513" lon="20.219918">
				<ele>1456.000000</ele>
			</trkpt>
			<trkpt lat="49.172554" lon="20.219846">
				<ele>1457.000000</ele>
			</trkpt>
			<trkpt lat="49.172607" lon="20.219766">
				<ele>1458.000000</ele>
			</trkpt>
			<trkpt lat="49.172718" lon="20.219595">
				<ele>1460.000000</ele>
			</trkpt>
			<trkpt lat="49.172794" lon="20.219496">
				<ele>1461.000000</ele>
			</trkpt>
			<trkpt lat="49.172865" lon="20.219442">
				<ele>1461.000000</ele>
			</trkpt>
			<trkpt lat="49.172888" lon="20.219424">
				<ele>1462.000000</ele>
			</trkpt>
			<trkpt lat="49.172924" lon="20.219433">
				<ele>1462.000000</ele>
			</trkpt>
			<trkpt lat="49.173024" lon="20.219487">
				<ele>1463.000000</ele>
			</trkpt>
			<trkpt lat="49.173129" lon="20.219496">
				<ele>1464.000000</ele>
			</trkpt>
			<trkpt lat="49.173176" lon="20.219496">
				<ele>1464.000000</ele>
			</trkpt>
			<trkpt lat="49.173370" lon="20.219460">
				<ele>1466.000000</ele>
			</trkpt>
			<trkpt lat="49.173405" lon="20.219460">
				<ele>1466.000000</ele>
			</trkpt>
			<trkpt lat="49.173517" lon="20.219442">
				<ele>1467.000000</ele>
			</trkpt>
			<trkpt lat="49.173546" lon="20.219424">
				<ele>1467.000000</ele>
			</trkpt>
			<trkpt lat="49.173576" lon="20.219406">
				<ele>1467.000000</ele>
			</trkpt>
			<trkpt lat="49.173775" lon="20.219307">
				<ele>1469.000000</ele>
			</trkpt>
			<trkpt lat="49.173834" lon="20.219299">
				<ele>1469.000000</ele>
			</trkpt>
			<trkpt lat="49.173875" lon="20.219290">
				<ele>1470.000000</ele>
			</trkpt>
			<trkpt lat="49.173922" lon="20.219272">
				<ele>1470.000000</ele>
			</trkpt>
			<trkpt lat="49.173981" lon="20.219236">
				<ele>1471.000000</ele>
			</trkpt>
			<trkpt lat="49.174016" lon="20.219200">
				<ele>1471.000000</ele>
			</trkpt>
			<trkpt lat="49.174057" lon="20.219119">
				<ele>1472.000000</ele>
			</trkpt>
			<trkpt lat="49.174139" lon="20.218930">
				<ele>1473.000000</ele>
			</trkpt>
			<trkpt lat="49.174116" lon="20.218787">
				<ele>1473.000000</ele>
			</trkpt>
			<trkpt lat="49.174087" lon="20.218697">
				<ele>1474.000000</ele>
			</trkpt>
			<trkpt lat="49.174045" lon="20.218624">
				<ele>1474.000000</ele>
			</trkpt>
			<trkpt lat="49.174021" lon="20.218607">
				<ele>1475.000000</ele>
			</trkpt>
			<trkpt lat="49.174016" lon="20.218588">
				<ele>1475.000000</ele>
			</trkpt>
			<trkpt lat="49.174016" lon="20.218571">
				<ele>1475.000000</ele>
			</trkpt>
			<trkpt lat="49.174034" lon="20.218544">
				<ele>1475.000000</ele>
			</trkpt>
			<trkpt lat="49.174116" lon="20.218418">
				<ele>1476.000000</ele>
			</trkpt>
			<trkpt lat="49.174145" lon="20.218400">
				<ele>1476.000000</ele>
			</trkpt>
			<trkpt lat="49.174180" lon="20.218400">
				<ele>1477.000000</ele>
			</trkpt>
			<trkpt lat="49.174192" lon="20.218391">
				<ele>1477.000000</ele>
			</trkpt>
			<trkpt lat="49.174204" lon="20.218364">
				<ele>1477.000000</ele>
			</trkpt>
			<trkpt lat="49.174210" lon="20.218311">
				<ele>1477.000000</ele>
			</trkpt>
			<trkpt lat="49.174239" lon="20.218257">
				<ele>1477.000000</ele>
			</trkpt>
			<trkpt lat="49.174327" lon="20.218158">
				<ele>1478.000000</ele>
			</trkpt>
			<trkpt lat="49.174374" lon="20.218131">
				<ele>1479.000000</ele>
			</trkpt>
			<trkpt lat="49.174409" lon="20.218077">
				<ele>1479.000000</ele>
			</trkpt>
			<trkpt lat="49.174457" lon="20.217978">
				<ele>1480.000000</ele>
			</trkpt>
			<trkpt lat="49.174474" lon="20.217905">
				<ele>1480.000000</ele>
			</trkpt>
			<trkpt lat="49.174474" lon="20.217808">
				<ele>1481.000000</ele>
			</trkpt>
			<trkpt lat="49.174462" lon="20.217726">
				<ele>1482.000000</ele>
			</trkpt>
			<trkpt lat="49.174451" lon="20.217618">
				<ele>1483.000000</ele>
			</trkpt>
			<trkpt lat="49.174480" lon="20.217574">
				<ele>1483.000000</ele>
			</trkpt>
			<trkpt lat="49.174504" lon="20.217555">
				<ele>1484.000000</ele>
			</trkpt>
			<trkpt lat="49.174532" lon="20.217555">
				<ele>1484.000000</ele>
			</trkpt>
			<trkpt lat="49.174756" lon="20.217592">
				<ele>1487.000000</ele>
			</trkpt>
			<trkpt lat="49.174909" lon="20.217655">
				<ele>1489.000000</ele>
			</trkpt>
			<trkpt lat="49.175049" lon="20.217735">
				<ele>1492.000000</ele>
			</trkpt>
			<trkpt lat="49.175126" lon="20.217735">
				<ele>1493.000000</ele>
			</trkpt>
			<trkpt lat="49.175167" lon="20.217745">
				<ele>1494.000000</ele>
			</trkpt>
			<trkpt lat="49.175220" lon="20.217781">
				<ele>1495.000000</ele>
			</trkpt>
			<trkpt lat="49.175267" lon="20.217771">
				<ele>1496.000000</ele>
			</trkpt>
			<trkpt lat="49.175337" lon="20.217762">
				<ele>1497.000000</ele>
			</trkpt>
			<trkpt lat="49.175349" lon="20.217745">
				<ele>1497.000000</ele>
			</trkpt>
			<trkpt lat="49.175361" lon="20.217708">
				<ele>1497.000000</ele>
			</trkpt>
			<trkpt lat="49.175390" lon="20.217682">
				<ele>1498.000000</ele>
			</trkpt>
			<trkpt lat="49.175454" lon="20.217645">
				<ele>1499.000000</ele>
			</trkpt>
			<trkpt lat="49.175478" lon="20.217628">
				<ele>1500.000000</ele>
			</trkpt>
			<trkpt lat="49.175526" lon="20.217601">
				<ele>1500.000000</ele>
			</trkpt>
			<trkpt lat="49.175572" lon="20.217592">
				<ele>1501.000000</ele>
			</trkpt>
			<trkpt lat="49.175648" lon="20.217601">
				<ele>1503.000000</ele>
			</trkpt>
			<trkpt lat="49.175737" lon="20.217628">
				<ele>1504.000000</ele>
			</trkpt>
			<trkpt lat="49.175807" lon="20.217655">
				<ele>1505.000000</ele>
			</trkpt>
			<trkpt lat="49.175842" lon="20.217645">
				<ele>1506.000000</ele>
			</trkpt>
			<trkpt lat="49.175866" lon="20.217618">
				<ele>1506.000000</ele>
			</trkpt>
			<trkpt lat="49.175890" lon="20.217546">
				<ele>1507.000000</ele>
			</trkpt>
			<trkpt lat="49.175913" lon="20.217519">
				<ele>1508.000000</ele>
			</trkpt>
			<trkpt lat="49.175989" lon="20.217456">
				<ele>1509.000000</ele>
			</trkpt>
			<trkpt lat="49.176054" lon="20.217421">
				<ele>1510.000000</ele>
			</trkpt>
			<trkpt lat="49.176130" lon="20.217403">
				<ele>1512.000000</ele>
			</trkpt>
			<trkpt lat="49.176195" lon="20.217439">
				<ele>1513.000000</ele>
			</trkpt>
			<trkpt lat="49.176236" lon="20.217439">
				<ele>1514.000000</ele>
			</trkpt>
			<trkpt lat="49.176359" lon="20.217421">
				<ele>1516.000000</ele>
			</trkpt>
			<trkpt lat="49.176406" lon="20.217421">
				<ele>1517.000000</ele>
			</trkpt>
			<trkpt lat="49.176471" lon="20.217429">
				<ele>1518.000000</ele>
			</trkpt>
			<trkpt lat="49.176512" lon="20.217448">
				<ele>1519.000000</ele>
			</trkpt>
			<trkpt lat="49.176541" lon="20.217439">
				<ele>1519.000000</ele>
			</trkpt>
			<trkpt lat="49.176588" lon="20.217403">
				<ele>1520.000000</ele>
			</trkpt>
			<trkpt lat="49.176623" lon="20.217395">
				<ele>1521.000000</ele>
			</trkpt>
			<trkpt lat="49.176712" lon="20.217395">
				<ele>1523.000000</ele>
			</trkpt>
			<trkpt lat="49.176782" lon="20.217376">
				<ele>1524.000000</ele>
			</trkpt>
			<trkpt lat="49.176811" lon="20.217349">
				<ele>1525.000000</ele>
			</trkpt>
			<trkpt lat="49.176829" lon="20.217313">
				<ele>1525.000000</ele>
			</trkpt>
			<trkpt lat="49.176847" lon="20.217232">
				<ele>1526.000000</ele>
			</trkpt>
			<trkpt lat="49.176870" lon="20.217169">
				<ele>1527.000000</ele>
			</trkpt>
			<trkpt lat="49.176887" lon="20.217152">
				<ele>1527.000000</ele>
			</trkpt>
			<trkpt lat="49.176911" lon="20.217152">
				<ele>1528.000000</ele>
			</trkpt>
			<trkpt lat="49.176970" lon="20.217188">
				<ele>1529.000000</ele>
			</trkpt>
			<trkpt lat="49.177011" lon="20.217196">
				<ele>1530.000000</ele>
			</trkpt>
			<trkpt lat="49.177040" lon="20.217188">
				<ele>1530.000000</ele>
			</trkpt>
			<trkpt lat="49.177064" lon="20.217160">
				<ele>1531.000000</ele>
			</trkpt>
			<trkpt lat="49.177111" lon="20.217089">
				<ele>1533.000000</ele>
			</trkpt>
			<trkpt lat="49.177152" lon="20.217053">
				<ele>1534.000000</ele>
			</trkpt>
			<trkpt lat="49.177170" lon="20.217053">
				<ele>1535.000000</ele>
			</trkpt>
			<trkpt lat="49.177311" lon="20.217098">
				<ele>1538.000000</ele>
			</trkpt>
			<trkpt lat="49.177369" lon="20.217116">
				<ele>1540.000000</ele>
			</trkpt>
			<trkpt lat="49.177428" lon="20.217106">
				<ele>1540.000000</ele>
			</trkpt>
			<trkpt lat="49.177457" lon="20.217079">
				<ele>1541.000000</ele>
			</trkpt>
			<trkpt lat="49.177492" lon="20.217026">
				<ele>1541.000000</ele>
			</trkpt>
			<trkpt lat="49.177504" lon="20.216999">
				<ele>1542.000000</ele>
			</trkpt>
			<trkpt lat="49.177504" lon="20.216963">
				<ele>1542.000000</ele>
			</trkpt>
			<trkpt lat="49.177481" lon="20.216900">
				<ele>1542.000000</ele>
			</trkpt>
			<trkpt lat="49.177487" lon="20.216800">
				<ele>1543.000000</ele>
			</trkpt>
			<trkpt lat="49.177528" lon="20.216639">
				<ele>1544.000000</ele>
			</trkpt>
			<trkpt lat="49.177569" lon="20.216594">
				<ele>1545.000000</ele>
			</trkpt>
			<trkpt lat="49.177745" lon="20.216496">
				<ele>1547.000000</ele>
			</trkpt>
			<trkpt lat="49.177798" lon="20.216469">
				<ele>1547.000000</ele>
			</trkpt>
			<trkpt lat="49.177828" lon="20.216460">
				<ele>1548.000000</ele>
			</trkpt>
			<trkpt lat="49.177851" lon="20.216460">
				<ele>1548.000000</ele>
			</trkpt>
			<trkpt lat="49.177874" lon="20.216442">
				<ele>1548.000000</ele>
			</trkpt>
			<trkpt lat="49.177903" lon="20.216414">
				<ele>1549.000000</ele>
			</trkpt>
			<trkpt lat="49.177950" lon="20.216379">
				<ele>1549.000000</ele>
			</trkpt>
			<trkpt lat="49.178050" lon="20.216316">
				<ele>1550.000000</ele>
			</trkpt>
			<trkpt lat="49.178168" lon="20.216244">
				<ele>1552.000000</ele>
			</trkpt>
			<trkpt lat="49.178220" lon="20.216208">
				<ele>1552.000000</ele>
			</trkpt>
			<trkpt lat="49.178250" lon="20.216154">
				<ele>1553.000000</ele>
			</trkpt>
			<trkpt lat="49.178273" lon="20.216110">
				<ele>1553.000000</ele>
			</trkpt>
			<trkpt lat="49.178379" lon="20.215840">
				<ele>1555.000000</ele>
			</trkpt>
			<trkpt lat="49.178397" lon="20.215795">
				<ele>1556.000000</ele>
			</trkpt>
			<trkpt lat="49.178409" lon="20.215732">
				<ele>1556.000000</ele>
			</trkpt>
			<trkpt lat="49.178409" lon="20.215615">
				<ele>1557.000000</ele>
			</trkpt>
			<trkpt lat="49.178426" lon="20.215544">
				<ele>1557.000000</ele>
			</trkpt>
			<trkpt lat="49.178520" lon="20.215408">
				<ele>1559.000000</ele>
			</trkpt>
			<trkpt lat="49.178591" lon="20.215292">
				<ele>1560.000000</ele>
			</trkpt>
			<trkpt lat="49.178632" lon="20.215238">
				<ele>1560.000000</ele>
			</trkpt>
			<trkpt lat="49.178638" lon="20.215202">
				<ele>1560.000000</ele>
			</trkpt>
			<trkpt lat="49.178661" lon="20.215103">
				<ele>1560.000000</ele>
			</trkpt>
			<trkpt lat="49.178702" lon="20.215014">
				<ele>1562.000000</ele>
			</trkpt>
			<trkpt lat="49.178737" lon="20.214905">
				<ele>1563.000000</ele>
			</trkpt>
			<trkpt lat="49.178802" lon="20.214716">
				<ele>1565.000000</ele>
			</trkpt>
			<trkpt lat="49.178855" lon="20.214626">
				<ele>1567.000000</ele>
			</trkpt>
			<trkpt lat="49.178878" lon="20.214573">
				<ele>1567.000000</ele>
			</trkpt>
			<trkpt lat="49.178908" lon="20.214529">
				<ele>1568.000000</ele>
			</trkpt>
			<trkpt lat="49.178949" lon="20.214456">
				<ele>1569.000000</ele>
			</trkpt>
			<trkpt lat="49.179037" lon="20.214339">
				<ele>1570.000000</ele>
			</trkpt>
			<trkpt lat="49.179049" lon="20.214303">
				<ele>1571.000000</ele>
			</trkpt>
			<trkpt lat="49.179078" lon="20.214213">
				<ele>1571.000000</ele>
			</trkpt>
			<trkpt lat="49.179108" lon="20.214124">
				<ele>1571.000000</ele>
			</trkpt>
			<trkpt lat="49.179125" lon="20.214026">
				<ele>1572.000000</ele>
			</trkpt>
			<trkpt lat="49.179161" lon="20.213926">
				<ele>1572.000000</ele>
			</trkpt>
			<trkpt lat="49.179201" lon="20.213756">
				<ele>1573.000000</ele>
			</trkpt>
			<trkpt lat="49.179248" lon="20.213684">
				<ele>1573.000000</ele>
			</trkpt>
			<trkpt lat="49.179278" lon="20.213630">
				<ele>1573.000000</ele>
			</trkpt>
			<trkpt lat="49.179313" lon="20.213567">
				<ele>1574.000000</ele>
			</trkpt>
			<trkpt lat="49.179395" lon="20.213397">
				<ele>1575.000000</ele>
			</trkpt>
			<trkpt lat="49.179495" lon="20.213208">
				<ele>1575.000000</ele>
			</trkpt>
			<trkpt lat="49.179712" lon="20.212947">
				<ele>1577.000000</ele>
			</trkpt>
			<trkpt lat="49.179724" lon="20.212911">
				<ele>1577.000000</ele>
			</trkpt>
			<trkpt lat="49.179730" lon="20.212848">
				<ele>1577.000000</ele>
			</trkpt>
			<trkpt lat="49.179747" lon="20.212812">
				<ele>1578.000000</ele>
			</trkpt>
			<trkpt lat="49.179824" lon="20.212750">
				<ele>1578.000000</ele>
			</trkpt>
			<trkpt lat="49.179924" lon="20.212660">
				<ele>1579.000000</ele>
			</trkpt>
			<trkpt lat="49.180000" lon="20.212579">
				<ele>1579.000000</ele>
			</trkpt>
			<trkpt lat="49.180124" lon="20.212498">
				<ele>1580.000000</ele>
			</trkpt>
			<trkpt lat="49.180217" lon="20.212391">
				<ele>1582.000000</ele>
			</trkpt>
			<trkpt lat="49.180270" lon="20.212309">
				<ele>1582.000000</ele>
			</trkpt>
			<trkpt lat="49.180388" lon="20.212175">
				<ele>1584.000000</ele>
			</trkpt>
			<trkpt lat="49.180482" lon="20.212085">
				<ele>1585.000000</ele>
			</trkpt>
			<trkpt lat="49.180505" lon="20.212040">
				<ele>1586.000000</ele>
			</trkpt>
			<trkpt lat="49.180522" lon="20.211959">
				<ele>1586.000000</ele>
			</trkpt>
			<trkpt lat="49.180529" lon="20.211869">
				<ele>1587.000000</ele>
			</trkpt>
			<trkpt lat="49.180546" lon="20.211762">
				<ele>1588.000000</ele>
			</trkpt>
			<trkpt lat="49.180563" lon="20.211689">
				<ele>1588.000000</ele>
			</trkpt>
			<trkpt lat="49.180599" lon="20.211618">
				<ele>1589.000000</ele>
			</trkpt>
			<trkpt lat="49.180628" lon="20.211500">
				<ele>1590.000000</ele>
			</trkpt>
			<trkpt lat="49.180669" lon="20.211447">
				<ele>1590.000000</ele>
			</trkpt>
			<trkpt lat="49.180740" lon="20.211366">
				<ele>1591.000000</ele>
			</trkpt>
			<trkpt lat="49.180799" lon="20.211339">
				<ele>1592.000000</ele>
			</trkpt>
			<trkpt lat="49.180834" lon="20.211303">
				<ele>1592.000000</ele>
			</trkpt>
			<trkpt lat="49.180887" lon="20.211250">
				<ele>1593.000000</ele>
			</trkpt>
			<trkpt lat="49.180916" lon="20.211204">
				<ele>1593.000000</ele>
			</trkpt>
			<trkpt lat="49.180993" lon="20.211124">
				<ele>1594.000000</ele>
			</trkpt>
			<trkpt lat="49.181027" lon="20.211052">
				<ele>1595.000000</ele>
			</trkpt>
			<trkpt lat="49.181092" lon="20.211016">
				<ele>1596.000000</ele>
			</trkpt>
			<trkpt lat="49.181251" lon="20.210953">
				<ele>1597.000000</ele>
			</trkpt>
			<trkpt lat="49.181462" lon="20.210953">
				<ele>1600.000000</ele>
			</trkpt>
			<trkpt lat="49.181527" lon="20.210934">
				<ele>1601.000000</ele>
			</trkpt>
			<trkpt lat="49.181638" lon="20.210908">
				<ele>1602.000000</ele>
			</trkpt>
			<trkpt lat="49.181726" lon="20.210810">
				<ele>1604.000000</ele>
			</trkpt>
			<trkpt lat="49.181844" lon="20.210737">
				<ele>1605.000000</ele>
			</trkpt>
			<trkpt lat="49.181938" lon="20.210657">
				<ele>1607.000000</ele>
			</trkpt>
			<trkpt lat="49.182114" lon="20.210397">
				<ele>1610.000000</ele>
			</trkpt>
			<trkpt lat="49.182132" lon="20.210324">
				<ele>1610.000000</ele>
			</trkpt>
			<trkpt lat="49.182179" lon="20.210271">
				<ele>1611.000000</ele>
			</trkpt>
			<trkpt lat="49.182243" lon="20.210190">
				<ele>1611.000000</ele>
			</trkpt>
			<trkpt lat="49.182267" lon="20.210100">
				<ele>1612.000000</ele>
			</trkpt>
			<trkpt lat="49.182337" lon="20.210037">
				<ele>1612.000000</ele>
			</trkpt>
			<trkpt lat="49.182354" lon="20.209982">
				<ele>1612.000000</ele>
			</trkpt>
			<trkpt lat="49.182384" lon="20.209929">
				<ele>1613.000000</ele>
			</trkpt>
			<trkpt lat="49.182419" lon="20.209902">
				<ele>1613.000000</ele>
			</trkpt>
			<trkpt lat="49.182466" lon="20.209911">
				<ele>1613.000000</ele>
			</trkpt>
			<trkpt lat="49.182490" lon="20.209911">
				<ele>1614.000000</ele>
			</trkpt>
			<trkpt lat="49.182507" lon="20.209911">
				<ele>1614.000000</ele>
			</trkpt>
			<trkpt lat="49.182513" lon="20.209892">
				<ele>1614.000000</ele>
			</trkpt>
			<trkpt lat="49.182519" lon="20.209875">
				<ele>1614.000000</ele>
			</trkpt>
			<trkpt lat="49.182537" lon="20.209839">
				<ele>1614.000000</ele>
			</trkpt>
			<trkpt lat="49.182619" lon="20.209768">
				<ele>1615.000000</ele>
			</trkpt>
			<trkpt lat="49.182631" lon="20.209758">
				<ele>1615.000000</ele>
			</trkpt>
			<trkpt lat="49.182654" lon="20.209731">
				<ele>1615.000000</ele>
			</trkpt>
			<trkpt lat="49.182842" lon="20.209471">
				<ele>1617.000000</ele>
			</trkpt>
			<trkpt lat="49.182883" lon="20.209381">
				<ele>1617.000000</ele>
			</trkpt>
			<trkpt lat="49.182971" lon="20.209265">
				<ele>1618.000000</ele>
			</trkpt>
			<trkpt lat="49.182995" lon="20.209237">
				<ele>1618.000000</ele>
			</trkpt>
			<trkpt lat="49.183095" lon="20.209139">
				<ele>1619.000000</ele>
			</trkpt>
			<trkpt lat="49.183159" lon="20.209085">
				<ele>1620.000000</ele>
			</trkpt>
			<trkpt lat="49.183259" lon="20.209022">
				<ele>1621.000000</ele>
			</trkpt>
			<trkpt lat="49.183300" lon="20.208995">
				<ele>1622.000000</ele>
			</trkpt>
			<trkpt lat="49.183382" lon="20.208940">
				<ele>1623.000000</ele>
			</trkpt>
			<trkpt lat="49.183412" lon="20.208913">
				<ele>1624.000000</ele>
			</trkpt>
			<trkpt lat="49.183435" lon="20.208887">
				<ele>1624.000000</ele>
			</trkpt>
			<trkpt lat="49.183500" lon="20.208770">
				<ele>1626.000000</ele>
			</trkpt>
			<trkpt lat="49.183570" lon="20.208707">
				<ele>1627.000000</ele>
			</trkpt>
			<trkpt lat="49.183717" lon="20.208609">
				<ele>1630.000000</ele>
			</trkpt>
			<trkpt lat="49.183758" lon="20.208590">
				<ele>1631.000000</ele>
			</trkpt>
			<trkpt lat="49.183775" lon="20.208582">
				<ele>1631.000000</ele>
			</trkpt>
			<trkpt lat="49.183781" lon="20.208554">
				<ele>1631.000000</ele>
			</trkpt>
			<trkpt lat="49.183781" lon="20.208519">
				<ele>1632.000000</ele>
			</trkpt>
			<trkpt lat="49.183793" lon="20.208474">
				<ele>1632.000000</ele>
			</trkpt>
			<trkpt lat="49.183805" lon="20.208420">
				<ele>1633.000000</ele>
			</trkpt>
			<trkpt lat="49.183840" lon="20.208366">
				<ele>1633.000000</ele>
			</trkpt>
			<trkpt lat="49.183858" lon="20.208303">
				<ele>1634.000000</ele>
			</trkpt>
			<trkpt lat="49.183893" lon="20.208258">
				<ele>1635.000000</ele>
			</trkpt>
			<trkpt lat="49.183928" lon="20.208168">
				<ele>1636.000000</ele>
			</trkpt>
			<trkpt lat="49.183958" lon="20.208133">
				<ele>1636.000000</ele>
			</trkpt>
			<trkpt lat="49.184005" lon="20.208087">
				<ele>1637.000000</ele>
			</trkpt>
			<trkpt lat="49.184069" lon="20.208024">
				<ele>1638.000000</ele>
			</trkpt>
			<trkpt lat="49.184139" lon="20.207971">
				<ele>1639.000000</ele>
			</trkpt>
			<trkpt lat="49.184310" lon="20.207890">
				<ele>1642.000000</ele>
			</trkpt>
			<trkpt lat="49.184410" lon="20.207881">
				<ele>1644.000000</ele>
			</trkpt>
			<trkpt lat="49.184533" lon="20.207845">
				<ele>1646.000000</ele>
			</trkpt>
			<trkpt lat="49.184586" lon="20.207818">
				<ele>1647.000000</ele>
			</trkpt>
			<trkpt lat="49.184621" lon="20.207781">
				<ele>1648.000000</ele>
			</trkpt>
			<trkpt lat="49.184644" lon="20.207764">
				<ele>1648.000000</ele>
			</trkpt>
			<trkpt lat="49.184721" lon="20.207747">
				<ele>1650.000000</ele>
			</trkpt>
			<trkpt lat="49.184809" lon="20.207747">
				<ele>1651.000000</ele>
			</trkpt>
			<trkpt lat="49.185003" lon="20.207773">
				<ele>1654.000000</ele>
			</trkpt>
			<trkpt lat="49.185032" lon="20.207773">
				<ele>1655.000000</ele>
			</trkpt>
			<trkpt lat="49.185074" lon="20.207755">
				<ele>1655.000000</ele>
			</trkpt>
			<trkpt lat="49.185108" lon="20.207728">
				<ele>1656.000000</ele>
			</trkpt>
			<trkpt lat="49.185173" lon="20.207710">
				<ele>1657.000000</ele>
			</trkpt>
			<trkpt lat="49.185343" lon="20.207737">
				<ele>1660.000000</ele>
			</trkpt>
			<trkpt lat="49.185408" lon="20.207773">
				<ele>1661.000000</ele>
			</trkpt>
			<trkpt lat="49.185479" lon="20.207791">
				<ele>1662.000000</ele>
			</trkpt>
			<trkpt lat="49.185537" lon="20.207854">
				<ele>1663.000000</ele>
			</trkpt>
			<trkpt lat="49.185584" lon="20.207890">
				<ele>1663.000000</ele>
			</trkpt>
			<trkpt lat="49.185613" lon="20.207890">
				<ele>1664.000000</ele>
			</trkpt>
			<trkpt lat="49.185643" lon="20.207881">
				<ele>1664.000000</ele>
			</trkpt>
			<trkpt lat="49.185678" lon="20.207863">
				<ele>1665.000000</ele>
			</trkpt>
			<trkpt lat="49.185696" lon="20.207836">
				<ele>1665.000000</ele>
			</trkpt>
			<trkpt lat="49.185702" lon="20.207800">
				<ele>1665.000000</ele>
			</trkpt>
			<trkpt lat="49.185702" lon="20.207764">
				<ele>1666.000000</ele>
			</trkpt>
			<trkpt lat="49.185713" lon="20.207718">
				<ele>1666.000000</ele>
			</trkpt>
			<trkpt lat="49.185772" lon="20.207657">
				<ele>1667.000000</ele>
			</trkpt>
			<trkpt lat="49.185784" lon="20.207638">
				<ele>1667.000000</ele>
			</trkpt>
			<trkpt lat="49.185790" lon="20.207594">
				<ele>1668.000000</ele>
			</trkpt>
			<trkpt lat="49.185813" lon="20.207567">
				<ele>1668.000000</ele>
			</trkpt>
			<trkpt lat="49.185831" lon="20.207531">
				<ele>1668.000000</ele>
			</trkpt>
			<trkpt lat="49.185843" lon="20.207512">
				<ele>1668.000000</ele>
			</trkpt>
			<trkpt lat="49.185871" lon="20.207512">
				<ele>1669.000000</ele>
			</trkpt>
			<trkpt lat="49.185901" lon="20.207494">
				<ele>1669.000000</ele>
			</trkpt>
			<trkpt lat="49.185948" lon="20.207441">
				<ele>1670.000000</ele>
			</trkpt>
			<trkpt lat="49.185960" lon="20.207395">
				<ele>1670.000000</ele>
			</trkpt>
			<trkpt lat="49.185971" lon="20.207288">
				<ele>1671.000000</ele>
			</trkpt>
			<trkpt lat="49.185971" lon="20.207261">
				<ele>1672.000000</ele>
			</trkpt>
			<trkpt lat="49.185995" lon="20.207234">
				<ele>1672.000000</ele>
			</trkpt>
			<trkpt lat="49.186030" lon="20.207162">
				<ele>1673.000000</ele>
			</trkpt>
			<trkpt lat="49.186077" lon="20.207108">
				<ele>1673.000000</ele>
			</trkpt>
			<trkpt lat="49.186148" lon="20.207072">
				<ele>1674.000000</ele>
			</trkpt>
			<trkpt lat="49.186171" lon="20.207063">
				<ele>1675.000000</ele>
			</trkpt>
			<trkpt lat="49.186195" lon="20.207028">
				<ele>1675.000000</ele>
			</trkpt>
			<trkpt lat="49.186230" lon="20.206946">
				<ele>1676.000000</ele>
			</trkpt>
			<trkpt lat="49.186259" lon="20.206929">
				<ele>1676.000000</ele>
			</trkpt>
			<trkpt lat="49.186324" lon="20.206919">
				<ele>1677.000000</ele>
			</trkpt>
			<trkpt lat="49.186412" lon="20.206892">
				<ele>1678.000000</ele>
			</trkpt>
			<trkpt lat="49.186512" lon="20.206875">
				<ele>1680.000000</ele>
			</trkpt>
			<trkpt lat="49.186553" lon="20.206848">
				<ele>1680.000000</ele>
			</trkpt>
			<trkpt lat="49.186629" lon="20.206758">
				<ele>1681.000000</ele>
			</trkpt>
			<trkpt lat="49.186723" lon="20.206739">
				<ele>1683.000000</ele>
			</trkpt>
			<trkpt lat="49.186870" lon="20.206533">
				<ele>1685.000000</ele>
			</trkpt>
			<trkpt lat="49.186929" lon="20.206479">
				<ele>1686.000000</ele>
			</trkpt>
			<trkpt lat="49.186999" lon="20.206462">
				<ele>1687.000000</ele>
			</trkpt>
			<trkpt lat="49.187046" lon="20.206426">
				<ele>1688.000000</ele>
			</trkpt>
			<trkpt lat="49.187093" lon="20.206363">
				<ele>1688.000000</ele>
			</trkpt>
			<trkpt lat="49.187128" lon="20.206309">
				<ele>1689.000000</ele>
			</trkpt>
			<trkpt lat="49.187128" lon="20.206290">
				<ele>1689.000000</ele>
			</trkpt>
			<trkpt lat="49.187123" lon="20.206219">
				<ele>1690.000000</ele>
			</trkpt>
			<trkpt lat="49.187075" lon="20.206093">
				<ele>1693.000000</ele>
			</trkpt>
			<trkpt lat="49.187064" lon="20.206003">
				<ele>1694.000000</ele>
			</trkpt>
			<trkpt lat="49.187052" lon="20.205950">
				<ele>1696.000000</ele>
			</trkpt>
			<trkpt lat="49.187052" lon="20.205904">
				<ele>1696.000000</ele>
			</trkpt>
			<trkpt lat="49.187064" lon="20.205904">
				<ele>1697.000000</ele>
			</trkpt>
			<trkpt lat="49.187087" lon="20.205923">
				<ele>1698.000000</ele>
			</trkpt>
			<trkpt lat="49.187111" lon="20.205959">
				<ele>1699.000000</ele>
			</trkpt>
			<trkpt lat="49.187123" lon="20.205950">
				<ele>1699.000000</ele>
			</trkpt>
			<trkpt lat="49.187117" lon="20.205913">
				<ele>1700.000000</ele>
			</trkpt>
			<trkpt lat="49.187093" lon="20.205806">
				<ele>1702.000000</ele>
			</trkpt>
			<trkpt lat="49.187075" lon="20.205680">
				<ele>1703.000000</ele>
			</trkpt>
			<trkpt lat="49.187058" lon="20.205347">
				<ele>1708.000000</ele>
			</trkpt>
			<trkpt lat="49.187064" lon="20.205186">
				<ele>1711.000000</ele>
			</trkpt>
			<trkpt lat="49.187070" lon="20.205123">
				<ele>1713.000000</ele>
			</trkpt>
			<trkpt lat="49.187075" lon="20.205114">
				<ele>1713.000000</ele>
			</trkpt>
			<trkpt lat="49.187087" lon="20.205123">
				<ele>1714.000000</ele>
			</trkpt>
			<trkpt lat="49.187117" lon="20.205195">
				<ele>1716.000000</ele>
			</trkpt>
			<trkpt lat="49.187128" lon="20.205213">
				<ele>1716.000000</ele>
			</trkpt>
			<trkpt lat="49.187140" lon="20.205195">
				<ele>1717.000000</ele>
			</trkpt>
			<trkpt lat="49.187158" lon="20.205158">
				<ele>1718.000000</ele>
			</trkpt>
			<trkpt lat="49.187199" lon="20.205034">
				<ele>1721.000000</ele>
			</trkpt>
			<trkpt lat="49.187251" lon="20.204764">
				<ele>1726.000000</ele>
			</trkpt>
			<trkpt lat="49.187298" lon="20.204665">
				<ele>1728.000000</ele>
			</trkpt>
			<trkpt lat="49.187322" lon="20.204602">
				<ele>1730.000000</ele>
			</trkpt>
			<trkpt lat="49.187410" lon="20.204458">
				<ele>1731.000000</ele>
			</trkpt>
			<trkpt lat="49.187445" lon="20.204378">
				<ele>1732.000000</ele>
			</trkpt>
			<trkpt lat="49.187504" lon="20.204315">
				<ele>1733.000000</ele>
			</trkpt>
			<trkpt lat="49.187533" lon="20.204261">
				<ele>1733.000000</ele>
			</trkpt>
			<trkpt lat="49.187545" lon="20.204225">
				<ele>1733.000000</ele>
			</trkpt>
			<trkpt lat="49.187580" lon="20.204179">
				<ele>1734.000000</ele>
			</trkpt>
			<trkpt lat="49.187586" lon="20.204144">
				<ele>1734.000000</ele>
			</trkpt>
			<trkpt lat="49.187598" lon="20.204089">
				<ele>1734.000000</ele>
			</trkpt>
			<trkpt lat="49.187622" lon="20.204045">
				<ele>1735.000000</ele>
			</trkpt>
			<trkpt lat="49.187680" lon="20.203982">
				<ele>1736.000000</ele>
			</trkpt>
			<trkpt lat="49.187727" lon="20.203946">
				<ele>1736.000000</ele>
			</trkpt>
			<trkpt lat="49.187803" lon="20.203892">
				<ele>1737.000000</ele>
			</trkpt>
			<trkpt lat="49.187821" lon="20.203847">
				<ele>1737.000000</ele>
			</trkpt>
			<trkpt lat="49.187850" lon="20.203829">
				<ele>1738.000000</ele>
			</trkpt>
			<trkpt lat="49.187862" lon="20.203793">
				<ele>1738.000000</ele>
			</trkpt>
			<trkpt lat="49.187880" lon="20.203739">
				<ele>1738.000000</ele>
			</trkpt>
			<trkpt lat="49.187874" lon="20.203650">
				<ele>1739.000000</ele>
			</trkpt>
			<trkpt lat="49.187862" lon="20.203515">
				<ele>1740.000000</ele>
			</trkpt>
			<trkpt lat="49.187844" lon="20.203452">
				<ele>1741.000000</ele>
			</trkpt>
			<trkpt lat="49.187833" lon="20.203380">
				<ele>1741.000000</ele>
			</trkpt>
			<trkpt lat="49.187797" lon="20.203300">
				<ele>1743.000000</ele>
			</trkpt>
			<trkpt lat="49.187768" lon="20.203282">
				<ele>1743.000000</ele>
			</trkpt>
			<trkpt lat="49.187762" lon="20.203273">
				<ele>1743.000000</ele>
			</trkpt>
			<trkpt lat="49.187756" lon="20.203246">
				<ele>1744.000000</ele>
			</trkpt>
			<trkpt lat="49.187739" lon="20.203192">
				<ele>1745.000000</ele>
			</trkpt>
			<trkpt lat="49.187709" lon="20.203147">
				<ele>1745.000000</ele>
			</trkpt>
			<trkpt lat="49.187651" lon="20.203084">
				<ele>1747.000000</ele>
			</trkpt>
			<trkpt lat="49.187610" lon="20.203030">
				<ele>1748.000000</ele>
			</trkpt>
			<trkpt lat="49.187586" lon="20.202994">
				<ele>1748.000000</ele>
			</trkpt>
			<trkpt lat="49.187569" lon="20.202976">
				<ele>1748.000000</ele>
			</trkpt>
			<trkpt lat="49.187569" lon="20.202976">
				<ele>1748.000000</ele>
			</trkpt>
			<trkpt lat="49.187569" lon="20.202976">
				<ele>1749.000000</ele>
			</trkpt>
			<trkpt lat="49.187533" lon="20.202967">
				<ele>1750.000000</ele>
			</trkpt>
			<trkpt lat="49.187528" lon="20.202958">
				<ele>1750.000000</ele>
			</trkpt>
			<trkpt lat="49.187481" lon="20.202923">
				<ele>1751.000000</ele>
			</trkpt>
			<trkpt lat="49.187292" lon="20.202814">
				<ele>1756.000000</ele>
			</trkpt>
			<trkpt lat="49.187245" lon="20.202787">
				<ele>1757.000000</ele>
			</trkpt>
			<trkpt lat="49.187187" lon="20.202770">
				<ele>1758.000000</ele>
			</trkpt>
			<trkpt lat="49.187140" lon="20.202734">
				<ele>1760.000000</ele>
			</trkpt>
			<trkpt lat="49.186917" lon="20.202590">
				<ele>1766.000000</ele>
			</trkpt>
			<trkpt lat="49.186834" lon="20.202518">
				<ele>1769.000000</ele>
			</trkpt>
			<trkpt lat="49.186806" lon="20.202518">
				<ele>1770.000000</ele>
			</trkpt>
			<trkpt lat="49.186764" lon="20.202508">
				<ele>1771.000000</ele>
			</trkpt>
			<trkpt lat="49.186735" lon="20.202481">
				<ele>1772.000000</ele>
			</trkpt>
			<trkpt lat="49.186700" lon="20.202473">
				<ele>1773.000000</ele>
			</trkpt>
			<trkpt lat="49.186670" lon="20.202473">
				<ele>1774.000000</ele>
			</trkpt>
			<trkpt lat="49.186506" lon="20.202347">
				<ele>1780.000000</ele>
			</trkpt>
			<trkpt lat="49.186500" lon="20.202329">
				<ele>1780.000000</ele>
			</trkpt>
			<trkpt lat="49.186518" lon="20.202321">
				<ele>1781.000000</ele>
			</trkpt>
			<trkpt lat="49.186535" lon="20.202321">
				<ele>1781.000000</ele>
			</trkpt>
			<trkpt lat="49.186547" lon="20.202302">
				<ele>1782.000000</ele>
			</trkpt>
			<trkpt lat="49.186559" lon="20.202275">
				<ele>1782.000000</ele>
			</trkpt>
			<trkpt lat="49.186547" lon="20.202239">
				<ele>1783.000000</ele>
			</trkpt>
			<trkpt lat="49.186529" lon="20.202231">
				<ele>1784.000000</ele>
			</trkpt>
			<trkpt lat="49.186506" lon="20.202239">
				<ele>1784.000000</ele>
			</trkpt>
			<trkpt lat="49.186500" lon="20.202221">
				<ele>1785.000000</ele>
			</trkpt>
			<trkpt lat="49.186506" lon="20.202194">
				<ele>1785.000000</ele>
			</trkpt>
			<trkpt lat="49.186523" lon="20.202177">
				<ele>1786.000000</ele>
			</trkpt>
			<trkpt lat="49.186670" lon="20.202078">
				<ele>1790.000000</ele>
			</trkpt>
			<trkpt lat="49.186712" lon="20.202032">
				<ele>1792.000000</ele>
			</trkpt>
			<trkpt lat="49.186864" lon="20.201942">
				<ele>1797.000000</ele>
			</trkpt>
			<trkpt lat="49.186905" lon="20.201934">
				<ele>1798.000000</ele>
			</trkpt>
			<trkpt lat="49.186934" lon="20.201907">
				<ele>1799.000000</ele>
			</trkpt>
			<trkpt lat="49.186946" lon="20.201889">
				<ele>1800.000000</ele>
			</trkpt>
			<trkpt lat="49.187040" lon="20.201791">
				<ele>1803.000000</ele>
			</trkpt>
			<trkpt lat="49.187181" lon="20.201682">
				<ele>1808.000000</ele>
			</trkpt>
			<trkpt lat="49.187217" lon="20.201682">
				<ele>1809.000000</ele>
			</trkpt>
			<trkpt lat="49.187234" lon="20.201646">
				<ele>1810.000000</ele>
			</trkpt>
			<trkpt lat="49.187234" lon="20.201629">
				<ele>1811.000000</ele>
			</trkpt>
			<trkpt lat="49.187217" lon="20.201592">
				<ele>1811.000000</ele>
			</trkpt>
			<trkpt lat="49.186834" lon="20.201466">
				<ele>1822.000000</ele>
			</trkpt>
			<trkpt lat="49.186787" lon="20.201422">
				<ele>1824.000000</ele>
			</trkpt>
			<trkpt lat="49.186753" lon="20.201376">
				<ele>1825.000000</ele>
			</trkpt>
			<trkpt lat="49.186747" lon="20.201350">
				<ele>1826.000000</ele>
			</trkpt>
			<trkpt lat="49.186747" lon="20.201332">
				<ele>1826.000000</ele>
			</trkpt>
			<trkpt lat="49.186770" lon="20.201332">
				<ele>1827.000000</ele>
			</trkpt>
			<trkpt lat="49.186800" lon="20.201332">
				<ele>1828.000000</ele>
			</trkpt>
			<trkpt lat="49.186811" lon="20.201332">
				<ele>1828.000000</ele>
			</trkpt>
			<trkpt lat="49.186840" lon="20.201323">
				<ele>1829.000000</ele>
			</trkpt>
			<trkpt lat="49.186858" lon="20.201315">
				<ele>1830.000000</ele>
			</trkpt>
			<trkpt lat="49.186940" lon="20.201233">
				<ele>1834.000000</ele>
			</trkpt>
			<trkpt lat="49.187017" lon="20.201108">
				<ele>1839.000000</ele>
			</trkpt>
			<trkpt lat="49.187028" lon="20.201089">
				<ele>1840.000000</ele>
			</trkpt>
			<trkpt lat="49.187023" lon="20.201072">
				<ele>1840.000000</ele>
			</trkpt>
			<trkpt lat="49.186970" lon="20.201063">
				<ele>1842.000000</ele>
			</trkpt>
			<trkpt lat="49.186870" lon="20.201045">
				<ele>1844.000000</ele>
			</trkpt>
			<trkpt lat="49.186846" lon="20.201026">
				<ele>1845.000000</ele>
			</trkpt>
			<trkpt lat="49.186846" lon="20.201009">
				<ele>1845.000000</ele>
			</trkpt>
			<trkpt lat="49.186858" lon="20.201000">
				<ele>1845.000000</ele>
			</trkpt>
			<trkpt lat="49.186958" lon="20.200946">
				<ele>1848.000000</ele>
			</trkpt>
			<trkpt lat="49.187011" lon="20.200900">
				<ele>1850.000000</ele>
			</trkpt>
			<trkpt lat="49.187087" lon="20.200802">
				<ele>1853.000000</ele>
			</trkpt>
			<trkpt lat="49.187140" lon="20.200757">
				<ele>1855.000000</ele>
			</trkpt>
			<trkpt lat="49.187234" lon="20.200676">
				<ele>1859.000000</ele>
			</trkpt>
			<trkpt lat="49.187264" lon="20.200623">
				<ele>1860.000000</ele>
			</trkpt>
			<trkpt lat="49.187281" lon="20.200586">
				<ele>1861.000000</ele>
			</trkpt>
			<trkpt lat="49.187287" lon="20.200577">
				<ele>1861.000000</ele>
			</trkpt>
			<trkpt lat="49.187281" lon="20.200560">
				<ele>1862.000000</ele>
			</trkpt>
			<trkpt lat="49.187251" lon="20.200569">
				<ele>1862.000000</ele>
			</trkpt>
			<trkpt lat="49.187222" lon="20.200586">
				<ele>1863.000000</ele>
			</trkpt>
			<trkpt lat="49.187199" lon="20.200586">
				<ele>1864.000000</ele>
			</trkpt>
			<trkpt lat="49.187193" lon="20.200560">
				<ele>1864.000000</ele>
			</trkpt>
			<trkpt lat="49.187205" lon="20.200550">
				<ele>1865.000000</ele>
			</trkpt>
			<trkpt lat="49.187240" lon="20.200506">
				<ele>1866.000000</ele>
			</trkpt>
			<trkpt lat="49.187281" lon="20.200470">
				<ele>1867.000000</ele>
			</trkpt>
			<trkpt lat="49.187310" lon="20.200460">
				<ele>1868.000000</ele>
			</trkpt>
			<trkpt lat="49.187328" lon="20.200443">
				<ele>1868.000000</ele>
			</trkpt>
			<trkpt lat="49.187351" lon="20.200407">
				<ele>1869.000000</ele>
			</trkpt>
			<trkpt lat="49.187404" lon="20.200380">
				<ele>1871.000000</ele>
			</trkpt>
			<trkpt lat="49.187434" lon="20.200334">
				<ele>1872.000000</ele>
			</trkpt>
			<trkpt lat="49.187457" lon="20.200317">
				<ele>1872.000000</ele>
			</trkpt>
			<trkpt lat="49.187516" lon="20.200290">
				<ele>1874.000000</ele>
			</trkpt>
			<trkpt lat="49.187551" lon="20.200263">
				<ele>1875.000000</ele>
			</trkpt>
			<trkpt lat="49.187580" lon="20.200210">
				<ele>1876.000000</ele>
			</trkpt>
			<trkpt lat="49.187622" lon="20.200128">
				<ele>1878.000000</ele>
			</trkpt>
			<trkpt lat="49.187675" lon="20.200074">
				<ele>1880.000000</ele>
			</trkpt>
			<trkpt lat="49.187692" lon="20.200030">
				<ele>1880.000000</ele>
			</trkpt>
			<trkpt lat="49.187698" lon="20.199948">
				<ele>1882.000000</ele>
			</trkpt>
			<trkpt lat="49.187698" lon="20.199841">
				<ele>1883.000000</ele>
			</trkpt>
			<trkpt lat="49.187709" lon="20.199805">
				<ele>1884.000000</ele>
			</trkpt>
			<trkpt lat="49.187745" lon="20.199697">
				<ele>1886.000000</ele>
			</trkpt>
			<trkpt lat="49.187762" lon="20.199571">
				<ele>1888.000000</ele>
			</trkpt>
			<trkpt lat="49.187833" lon="20.199311">
				<ele>1892.000000</ele>
			</trkpt>
			<trkpt lat="49.187839" lon="20.199248">
				<ele>1893.000000</ele>
			</trkpt>
			<trkpt lat="49.187827" lon="20.199149">
				<ele>1895.000000</ele>
			</trkpt>
			<trkpt lat="49.187727" lon="20.198799">
				<ele>1901.000000</ele>
			</trkpt>
			<trkpt lat="49.187722" lon="20.198736">
				<ele>1901.000000</ele>
			</trkpt>
			<trkpt lat="49.187733" lon="20.198673">
				<ele>1902.000000</ele>
			</trkpt>
			<trkpt lat="49.187745" lon="20.198646">
				<ele>1903.000000</ele>
			</trkpt>
			<trkpt lat="49.187762" lon="20.198628">
				<ele>1903.000000</ele>
			</trkpt>
			<trkpt lat="49.187792" lon="20.198619">
				<ele>1904.000000</ele>
			</trkpt>
			<trkpt lat="49.187880" lon="20.198610">
				<ele>1906.000000</ele>
			</trkpt>
			<trkpt lat="49.187921" lon="20.198610">
				<ele>1907.000000</ele>
			</trkpt>
			<trkpt lat="49.187956" lon="20.198602">
				<ele>1907.000000</ele>
			</trkpt>
			<trkpt lat="49.187986" lon="20.198583">
				<ele>1908.000000</ele>
			</trkpt>
			<trkpt lat="49.188027" lon="20.198556">
				<ele>1909.000000</ele>
			</trkpt>
			<trkpt lat="49.188044" lon="20.198547">
				<ele>1909.000000</ele>
			</trkpt>
			<trkpt lat="49.188062" lon="20.198556">
				<ele>1910.000000</ele>
			</trkpt>
			<trkpt lat="49.188167" lon="20.198520">
				<ele>1912.000000</ele>
			</trkpt>
			<trkpt lat="49.188185" lon="20.198502">
				<ele>1912.000000</ele>
			</trkpt>
			<trkpt lat="49.188203" lon="20.198449">
				<ele>1913.000000</ele>
			</trkpt>
			<trkpt lat="49.188220" lon="20.198422">
				<ele>1913.000000</ele>
			</trkpt>
			<trkpt lat="49.188255" lon="20.198430">
				<ele>1914.000000</ele>
			</trkpt>
			<trkpt lat="49.188267" lon="20.198430">
				<ele>1914.000000</ele>
			</trkpt>
			<trkpt lat="49.188308" lon="20.198368">
				<ele>1915.000000</ele>
			</trkpt>
			<trkpt lat="49.188320" lon="20.198305">
				<ele>1916.000000</ele>
			</trkpt>
			<trkpt lat="49.188326" lon="20.198278">
				<ele>1917.000000</ele>
			</trkpt>
			<trkpt lat="49.188355" lon="20.198269">
				<ele>1917.000000</ele>
			</trkpt>
			<trkpt lat="49.188391" lon="20.198278">
				<ele>1918.000000</ele>
			</trkpt>
			<trkpt lat="49.188473" lon="20.198340">
				<ele>1920.000000</ele>
			</trkpt>
			<trkpt lat="49.188502" lon="20.198359">
				<ele>1920.000000</ele>
			</trkpt>
			<trkpt lat="49.188526" lon="20.198359">
				<ele>1921.000000</ele>
			</trkpt>
			<trkpt lat="49.188543" lon="20.198359">
				<ele>1922.000000</ele>
			</trkpt>
			<trkpt lat="49.188590" lon="20.198313">
				<ele>1923.000000</ele>
			</trkpt>
			<trkpt lat="49.188613" lon="20.198296">
				<ele>1924.000000</ele>
			</trkpt>
			<trkpt lat="49.188643" lon="20.198286">
				<ele>1925.000000</ele>
			</trkpt>
			<trkpt lat="49.188649" lon="20.198305">
				<ele>1925.000000</ele>
			</trkpt>
			<trkpt lat="49.188637" lon="20.198350">
				<ele>1926.000000</ele>
			</trkpt>
			<trkpt lat="49.188619" lon="20.198458">
				<ele>1928.000000</ele>
			</trkpt>
			<trkpt lat="49.188619" lon="20.198493">
				<ele>1929.000000</ele>
			</trkpt>
			<trkpt lat="49.188625" lon="20.198502">
				<ele>1929.000000</ele>
			</trkpt>
			<trkpt lat="49.188655" lon="20.198485">
				<ele>1930.000000</ele>
			</trkpt>
			<trkpt lat="49.188702" lon="20.198439">
				<ele>1932.000000</ele>
			</trkpt>
			<trkpt lat="49.188755" lon="20.198439">
				<ele>1934.000000</ele>
			</trkpt>
			<trkpt lat="49.188790" lon="20.198413">
				<ele>1935.000000</ele>
			</trkpt>
			<trkpt lat="49.188825" lon="20.198395">
				<ele>1936.000000</ele>
			</trkpt>
			<trkpt lat="49.188854" lon="20.198413">
				<ele>1937.000000</ele>
			</trkpt>
			<trkpt lat="49.188878" lon="20.198485">
				<ele>1938.000000</ele>
			</trkpt>
			<trkpt lat="49.188919" lon="20.198592">
				<ele>1940.000000</ele>
			</trkpt>
			<trkpt lat="49.188943" lon="20.198709">
				<ele>1942.000000</ele>
			</trkpt>
			<trkpt lat="49.188925" lon="20.198808">
				<ele>1943.000000</ele>
			</trkpt>
			<trkpt lat="49.188907" lon="20.198844">
				<ele>1944.000000</ele>
			</trkpt>
			<trkpt lat="49.188731" lon="20.199095">
				<ele>1948.000000</ele>
			</trkpt>
			<trkpt lat="49.188731" lon="20.199131">
				<ele>1949.000000</ele>
			</trkpt>
			<trkpt lat="49.188737" lon="20.199149">
				<ele>1949.000000</ele>
			</trkpt>
			<trkpt lat="49.188813" lon="20.199176">
				<ele>1951.000000</ele>
			</trkpt>
			<trkpt lat="49.188837" lon="20.199202">
				<ele>1952.000000</ele>
			</trkpt>
			<trkpt lat="49.188849" lon="20.199257">
				<ele>1953.000000</ele>
			</trkpt>
			<trkpt lat="49.188890" lon="20.199329">
				<ele>1955.000000</ele>
			</trkpt>
			<trkpt lat="49.188925" lon="20.199401">
				<ele>1956.000000</ele>
			</trkpt>
			<trkpt lat="49.188954" lon="20.199410">
				<ele>1957.000000</ele>
			</trkpt>
			<trkpt lat="49.188977" lon="20.199392">
				<ele>1958.000000</ele>
			</trkpt>
			<trkpt lat="49.189048" lon="20.199275">
				<ele>1961.000000</ele>
			</trkpt>
			<trkpt lat="49.189171" lon="20.199185">
				<ele>1964.000000</ele>
			</trkpt>
			<trkpt lat="49.189236" lon="20.199141">
				<ele>1966.000000</ele>
			</trkpt>
			<trkpt lat="49.189277" lon="20.199122">
				<ele>1967.000000</ele>
			</trkpt>
			<trkpt lat="49.189283" lon="20.199131">
				<ele>1967.000000</ele>
			</trkpt>
			<trkpt lat="49.189265" lon="20.199257">
				<ele>1969.000000</ele>
			</trkpt>
			<trkpt lat="49.189254" lon="20.199311">
				<ele>1970.000000</ele>
			</trkpt>
			<trkpt lat="49.189265" lon="20.199320">
				<ele>1970.000000</ele>
			</trkpt>
			<trkpt lat="49.189277" lon="20.199311">
				<ele>1970.000000</ele>
			</trkpt>
			<trkpt lat="49.189359" lon="20.199168">
				<ele>1973.000000</ele>
			</trkpt>
			<trkpt lat="49.189377" lon="20.199131">
				<ele>1974.000000</ele>
			</trkpt>
			<trkpt lat="49.189389" lon="20.199141">
				<ele>1974.000000</ele>
			</trkpt>
			<trkpt lat="49.189395" lon="20.199158">
				<ele>1974.000000</ele>
			</trkpt>
			<trkpt lat="49.189395" lon="20.199212">
				<ele>1975.000000</ele>
			</trkpt>
			<trkpt lat="49.189401" lon="20.199365">
				<ele>1977.000000</ele>
			</trkpt>
			<trkpt lat="49.189406" lon="20.199382">
				<ele>1977.000000</ele>
			</trkpt>
			<trkpt lat="49.189424" lon="20.199374">
				<ele>1978.000000</ele>
			</trkpt>
			<trkpt lat="49.189429" lon="20.199355">
				<ele>1978.000000</ele>
			</trkpt>
			<trkpt lat="49.189454" lon="20.199265">
				<ele>1980.000000</ele>
			</trkpt>
			<trkpt lat="49.189477" lon="20.199239">
				<ele>1980.000000</ele>
			</trkpt>
			<trkpt lat="49.189494" lon="20.199239">
				<ele>1981.000000</ele>
			</trkpt>
			<trkpt lat="49.189512" lon="20.199265">
				<ele>1981.000000</ele>
			</trkpt>
			<trkpt lat="49.189518" lon="20.199410">
				<ele>1983.000000</ele>
			</trkpt>
			<trkpt lat="49.189506" lon="20.199607">
				<ele>1986.000000</ele>
			</trkpt>
			<trkpt lat="49.189512" lon="20.199661">
				<ele>1987.000000</ele>
			</trkpt>
			<trkpt lat="49.189623" lon="20.199831">
				<ele>1991.000000</ele>
			</trkpt>
			<trkpt lat="49.189635" lon="20.199831">
				<ele>1991.000000</ele>
			</trkpt>
			<trkpt lat="49.189647" lon="20.199814">
				<ele>1992.000000</ele>
			</trkpt>
			<trkpt lat="49.189618" lon="20.199707">
				<ele>1993.000000</ele>
			</trkpt>
			<trkpt lat="49.189618" lon="20.199688">
				<ele>1994.000000</ele>
			</trkpt>
			<trkpt lat="49.189629" lon="20.199688">
				<ele>1994.000000</ele>
			</trkpt>
			<trkpt lat="49.189653" lon="20.199707">
				<ele>1995.000000</ele>
			</trkpt>
			<trkpt lat="49.189700" lon="20.199768">
				<ele>1996.000000</ele>
			</trkpt>
			<trkpt lat="49.189747" lon="20.199931">
				<ele>1999.000000</ele>
			</trkpt>
			<trkpt lat="49.189765" lon="20.199948">
				<ele>1999.000000</ele>
			</trkpt>
			<trkpt lat="49.189782" lon="20.199948">
				<ele>2000.000000</ele>
			</trkpt>
			<trkpt lat="49.189806" lon="20.199921">
				<ele>2000.000000</ele>
			</trkpt>
			<trkpt lat="49.189840" lon="20.199913">
				<ele>2000.000000</ele>
			</trkpt>
			<trkpt lat="49.189853" lon="20.199921">
				<ele>2000.000000</ele>
			</trkpt>
			<trkpt lat="49.189864" lon="20.199984">
				<ele>2001.000000</ele>
			</trkpt>
			<trkpt lat="49.189876" lon="20.200003">
				<ele>2001.000000</ele>
			</trkpt>
			<trkpt lat="49.189934" lon="20.200011">
				<ele>2001.000000</ele>
			</trkpt>
			<trkpt lat="49.189976" lon="20.200003">
				<ele>2001.000000</ele>
			</trkpt>
			<trkpt lat="49.190017" lon="20.199913">
				<ele>2002.000000</ele>
			</trkpt>
			<trkpt lat="49.190052" lon="20.199831">
				<ele>2002.000000</ele>
			</trkpt>
			<trkpt lat="49.190064" lon="20.199724">
				<ele>2002.000000</ele>
			</trkpt>
			<trkpt lat="49.190081" lon="20.199670">
				<ele>2003.000000</ele>
			</trkpt>
			<trkpt lat="49.190099" lon="20.199644">
				<ele>2003.000000</ele>
			</trkpt>
			<trkpt lat="49.190140" lon="20.199607">
				<ele>2003.000000</ele>
			</trkpt>
			<trkpt lat="49.190164" lon="20.199535">
				<ele>2003.000000</ele>
			</trkpt>
			<trkpt lat="49.190170" lon="20.199508">
				<ele>2003.000000</ele>
			</trkpt>
			<trkpt lat="49.190158" lon="20.199464">
				<ele>2004.000000</ele>
			</trkpt>
			<trkpt lat="49.190134" lon="20.199428">
				<ele>2004.000000</ele>
			</trkpt>
			<trkpt lat="49.190158" lon="20.199401">
				<ele>2004.000000</ele>
			</trkpt>
			<trkpt lat="49.190175" lon="20.199355">
				<ele>2004.000000</ele>
			</trkpt>
			<trkpt lat="49.190199" lon="20.199265">
				<ele>2004.000000</ele>
			</trkpt>
			<trkpt lat="49.190246" lon="20.199212">
				<ele>2005.000000</ele>
			</trkpt>
			<trkpt lat="49.190275" lon="20.199149">
				<ele>2005.000000</ele>
			</trkpt>
			<trkpt lat="49.190287" lon="20.199086">
				<ele>2005.000000</ele>
			</trkpt>
			<trkpt lat="49.190287" lon="20.199051">
				<ele>2005.000000</ele>
			</trkpt>
			<trkpt lat="49.190264" lon="20.199015">
				<ele>2005.000000</ele>
			</trkpt>
			<trkpt lat="49.190222" lon="20.198996">
				<ele>2006.000000</ele>
			</trkpt>
			<trkpt lat="49.190298" lon="20.198915">
				<ele>2006.000000</ele>
			</trkpt>
			<trkpt lat="49.190351" lon="20.198879">
				<ele>2007.000000</ele>
			</trkpt>
			<trkpt lat="49.190387" lon="20.198862">
				<ele>2007.000000</ele>
			</trkpt>
			<trkpt lat="49.190445" lon="20.198835">
				<ele>2007.000000</ele>
			</trkpt>
			<trkpt lat="49.190516" lon="20.198826">
				<ele>2007.000000</ele>
			</trkpt>
			<trkpt lat="49.190575" lon="20.198816">
				<ele>2008.000000</ele>
			</trkpt>
			<trkpt lat="49.190633" lon="20.198789">
				<ele>2008.000000</ele>
			</trkpt>
			<trkpt lat="49.190680" lon="20.198781">
				<ele>2008.000000</ele>
			</trkpt>
			<trkpt lat="49.190722" lon="20.198755">
				<ele>2009.000000</ele>
			</trkpt>
			<trkpt lat="49.190756" lon="20.198691">
				<ele>2009.000000</ele>
			</trkpt>
			<trkpt lat="49.190803" lon="20.198619">
				<ele>2009.000000</ele>
			</trkpt>
			<trkpt lat="49.190862" lon="20.198476">
				<ele>2010.000000</ele>
			</trkpt>
			<trkpt lat="49.190880" lon="20.198413">
				<ele>2010.000000</ele>
			</trkpt>
			<trkpt lat="49.190892" lon="20.198313">
				<ele>2010.000000</ele>
			</trkpt>
			<trkpt lat="49.190886" lon="20.198250">
				<ele>2011.000000</ele>
			</trkpt>
			<trkpt lat="49.190856" lon="20.198080">
				<ele>2011.000000</ele>
			</trkpt>
			<trkpt lat="49.190862" lon="20.198017">
				<ele>2012.000000</ele>
			</trkpt>
			<trkpt lat="49.190909" lon="20.197820">
				<ele>2012.000000</ele>
			</trkpt>
			<trkpt lat="49.190944" lon="20.197649">
				<ele>2013.000000</ele>
			</trkpt>
			<trkpt lat="49.190950" lon="20.197541">
				<ele>2013.000000</ele>
			</trkpt>
			<trkpt lat="49.190944" lon="20.197470">
				<ele>2014.000000</ele>
			</trkpt>
			<trkpt lat="49.190939" lon="20.197407">
				<ele>2014.000000</ele>
			</trkpt>
			<trkpt lat="49.190944" lon="20.197326">
				<ele>2014.000000</ele>
			</trkpt>
			<trkpt lat="49.190974" lon="20.197298">
				<ele>2014.000000</ele>
			</trkpt>
			<trkpt lat="49.191033" lon="20.197281">
				<ele>2015.000000</ele>
			</trkpt>
			<trkpt lat="49.191121" lon="20.197218">
				<ele>2015.000000</ele>
			</trkpt>
			<trkpt lat="49.191150" lon="20.196768">
				<ele>2017.000000</ele>
			</trkpt>
			<trkpt lat="49.191156" lon="20.196715">
				<ele>2017.000000</ele>
			</trkpt>
			<trkpt lat="49.191174" lon="20.196661">
				<ele>2017.000000</ele>
			</trkpt>
			<trkpt lat="49.191191" lon="20.196562">
				<ele>2017.000000</ele>
			</trkpt>
			<trkpt lat="49.191185" lon="20.196418">
				<ele>2018.000000</ele>
			</trkpt>
			<trkpt lat="49.191180" lon="20.196311">
				<ele>2018.000000</ele>
			</trkpt>
			<trkpt lat="49.191185" lon="20.196202">
				<ele>2019.000000</ele>
			</trkpt>
			<trkpt lat="49.191185" lon="20.196095">
				<ele>2019.000000</ele>
			</trkpt>
			<trkpt lat="49.191191" lon="20.196041">
				<ele>2019.000000</ele>
			</trkpt>
			<trkpt lat="49.191180" lon="20.195906">
				<ele>2020.000000</ele>
			</trkpt>
			<trkpt lat="49.191168" lon="20.195816">
				<ele>2021.000000</ele>
			</trkpt>
			<trkpt lat="49.191174" lon="20.195699">
				<ele>2023.000000</ele>
			</trkpt>
			<trkpt lat="49.191156" lon="20.195376">
				<ele>2029.000000</ele>
			</trkpt>
			<trkpt lat="49.191161" lon="20.195269">
				<ele>2031.000000</ele>
			</trkpt>
			<trkpt lat="49.191185" lon="20.195116">
				<ele>2034.000000</ele>
			</trkpt>
			<trkpt lat="49.191197" lon="20.194990">
				<ele>2037.000000</ele>
			</trkpt>
			<trkpt lat="49.191214" lon="20.194855">
				<ele>2040.000000</ele>
			</trkpt>
			<trkpt lat="49.191244" lon="20.194747">
				<ele>2042.000000</ele>
			</trkpt>
			<trkpt lat="49.191250" lon="20.194730">
				<ele>2043.000000</ele>
			</trkpt>
			<trkpt lat="49.191244" lon="20.194720">
				<ele>2043.000000</ele>
			</trkpt>
			<trkpt lat="49.191232" lon="20.194720">
				<ele>2043.000000</ele>
			</trkpt>
			<trkpt lat="49.191180" lon="20.194730">
				<ele>2045.000000</ele>
			</trkpt>
			<trkpt lat="49.191038" lon="20.194730">
				<ele>2049.000000</ele>
			</trkpt>
			<trkpt lat="49.190939" lon="20.194684">
				<ele>2050.000000</ele>
			</trkpt>
			<trkpt lat="49.190874" lon="20.194676">
				<ele>2050.000000</ele>
			</trkpt>
			<trkpt lat="49.190798" lon="20.194648">
				<ele>2050.000000</ele>
			</trkpt>
			<trkpt lat="49.190786" lon="20.194631">
				<ele>2050.000000</ele>
			</trkpt>
			<trkpt lat="49.190786" lon="20.194586">
				<ele>2050.000000</ele>
			</trkpt>
			<trkpt lat="49.190780" lon="20.194568">
				<ele>2050.000000</ele>
			</trkpt>
			<trkpt lat="49.190756" lon="20.194523">
				<ele>2050.000000</ele>
			</trkpt>
			<trkpt lat="49.190722" lon="20.194424">
				<ele>2050.000000</ele>
			</trkpt>
			<trkpt lat="49.190722" lon="20.194325">
				<ele>2050.000000</ele>
			</trkpt>
			<trkpt lat="49.190727" lon="20.194289">
				<ele>2050.000000</ele>
			</trkpt>
			<trkpt lat="49.190769" lon="20.194199">
				<ele>2050.000000</ele>
			</trkpt>
			<trkpt lat="49.190774" lon="20.194164">
				<ele>2050.000000</ele>
			</trkpt>
			<trkpt lat="49.190745" lon="20.194091">
				<ele>2050.000000</ele>
			</trkpt>
			<trkpt lat="49.190750" lon="20.194055">
				<ele>2050.000000</ele>
			</trkpt>
			<trkpt lat="49.190821" lon="20.193948">
				<ele>2050.000000</ele>
			</trkpt>
			<trkpt lat="49.190833" lon="20.193931">
				<ele>2050.000000</ele>
			</trkpt>
			<trkpt lat="49.190833" lon="20.193885">
				<ele>2050.000000</ele>
			</trkpt>
			<trkpt lat="49.190821" lon="20.193822">
				<ele>2050.000000</ele>
			</trkpt>
			<trkpt lat="49.190769" lon="20.193768">
				<ele>2050.000000</ele>
			</trkpt>
			<trkpt lat="49.190733" lon="20.193759">
				<ele>2051.000000</ele>
			</trkpt>
			<trkpt lat="49.190692" lon="20.193732">
				<ele>2054.000000</ele>
			</trkpt>
			<trkpt lat="49.190692" lon="20.193696">
				<ele>2055.000000</ele>
			</trkpt>
			<trkpt lat="49.190710" lon="20.193589">
				<ele>2059.000000</ele>
			</trkpt>
			<trkpt lat="49.190733" lon="20.193489">
				<ele>2062.000000</ele>
			</trkpt>
			<trkpt lat="49.190727" lon="20.193481">
				<ele>2063.000000</ele>
			</trkpt>
			<trkpt lat="49.190703" lon="20.193489">
				<ele>2064.000000</ele>
			</trkpt>
			<trkpt lat="49.190628" lon="20.193516">
				<ele>2068.000000</ele>
			</trkpt>
			<trkpt lat="49.190598" lon="20.193516">
				<ele>2069.000000</ele>
			</trkpt>
			<trkpt lat="49.190586" lon="20.193481">
				<ele>2070.000000</ele>
			</trkpt>
			<trkpt lat="49.190598" lon="20.193418">
				<ele>2072.000000</ele>
			</trkpt>
			<trkpt lat="49.190628" lon="20.193319">
				<ele>2075.000000</ele>
			</trkpt>
			<trkpt lat="49.190639" lon="20.193239">
				<ele>2077.000000</ele>
			</trkpt>
			<trkpt lat="49.190645" lon="20.193185">
				<ele>2078.000000</ele>
			</trkpt>
			<trkpt lat="49.190645" lon="20.193157">
				<ele>2079.000000</ele>
			</trkpt>
			<trkpt lat="49.190651" lon="20.193130">
				<ele>2080.000000</ele>
			</trkpt>
			<trkpt lat="49.190645" lon="20.193103">
				<ele>2080.000000</ele>
			</trkpt>
			<trkpt lat="49.190633" lon="20.193095">
				<ele>2081.000000</ele>
			</trkpt>
			<trkpt lat="49.190604" lon="20.193103">
				<ele>2082.000000</ele>
			</trkpt>
			<trkpt lat="49.190498" lon="20.193185">
				<ele>2088.000000</ele>
			</trkpt>
			<trkpt lat="49.190434" lon="20.193220">
				<ele>2091.000000</ele>
			</trkpt>
			<trkpt lat="49.190340" lon="20.193239">
				<ele>2096.000000</ele>
			</trkpt>
			<trkpt lat="49.190281" lon="20.193247">
				<ele>2099.000000</ele>
			</trkpt>
			<trkpt lat="49.190205" lon="20.193229">
				<ele>2102.000000</ele>
			</trkpt>
			<trkpt lat="49.190175" lon="20.193229">
				<ele>2103.000000</ele>
			</trkpt>
			<trkpt lat="49.190152" lon="20.193212">
				<ele>2104.000000</ele>
			</trkpt>
			<trkpt lat="49.190087" lon="20.193166">
				<ele>2107.000000</ele>
			</trkpt>
			<trkpt lat="49.190058" lon="20.193122">
				<ele>2109.000000</ele>
			</trkpt>
			<trkpt lat="49.190023" lon="20.193040">
				<ele>2111.000000</ele>
			</trkpt>
			<trkpt lat="49.190029" lon="20.193013">
				<ele>2112.000000</ele>
			</trkpt>
			<trkpt lat="49.190070" lon="20.192960">
				<ele>2114.000000</ele>
			</trkpt>
			<trkpt lat="49.190123" lon="20.192933">
				<ele>2116.000000</ele>
			</trkpt>
			<trkpt lat="49.190170" lon="20.192933">
				<ele>2118.000000</ele>
			</trkpt>
			<trkpt lat="49.190193" lon="20.192915">
				<ele>2119.000000</ele>
			</trkpt>
			<trkpt lat="49.190222" lon="20.192897">
				<ele>2121.000000</ele>
			</trkpt>
			<trkpt lat="49.190217" lon="20.192870">
				<ele>2121.000000</ele>
			</trkpt>
			<trkpt lat="49.190193" lon="20.192834">
				<ele>2122.000000</ele>
			</trkpt>
			<trkpt lat="49.190146" lon="20.192807">
				<ele>2123.000000</ele>
			</trkpt>
			<trkpt lat="49.190099" lon="20.192762">
				<ele>2125.000000</ele>
			</trkpt>
			<trkpt lat="49.190011" lon="20.192736">
				<ele>2128.000000</ele>
			</trkpt>
			<trkpt lat="49.189987" lon="20.192709">
				<ele>2128.000000</ele>
			</trkpt>
			<trkpt lat="49.189958" lon="20.192654">
				<ele>2130.000000</ele>
			</trkpt>
			<trkpt lat="49.189929" lon="20.192591">
				<ele>2131.000000</ele>
			</trkpt>
			<trkpt lat="49.189917" lon="20.192466">
				<ele>2134.000000</ele>
			</trkpt>
			<trkpt lat="49.189899" lon="20.192340">
				<ele>2136.000000</ele>
			</trkpt>
			<trkpt lat="49.189887" lon="20.192294">
				<ele>2137.000000</ele>
			</trkpt>
			<trkpt lat="49.189870" lon="20.192250">
				<ele>2138.000000</ele>
			</trkpt>
			<trkpt lat="49.189864" lon="20.192197">
				<ele>2140.000000</ele>
			</trkpt>
			<trkpt lat="49.189882" lon="20.192187">
				<ele>2140.000000</ele>
			</trkpt>
			<trkpt lat="49.189917" lon="20.192197">
				<ele>2140.000000</ele>
			</trkpt>
			<trkpt lat="49.189964" lon="20.192187">
				<ele>2141.000000</ele>
			</trkpt>
			<trkpt lat="49.190046" lon="20.192170">
				<ele>2141.000000</ele>
			</trkpt>
			<trkpt lat="49.190081" lon="20.192143">
				<ele>2141.000000</ele>
			</trkpt>
			<trkpt lat="49.190105" lon="20.192070">
				<ele>2142.000000</ele>
			</trkpt>
			<trkpt lat="49.190111" lon="20.192017">
				<ele>2142.000000</ele>
			</trkpt>
			<trkpt lat="49.190140" lon="20.191944">
				<ele>2142.000000</ele>
			</trkpt>
			<trkpt lat="49.190152" lon="20.191864">
				<ele>2143.000000</ele>
			</trkpt>
			<trkpt lat="49.190146" lon="20.191774">
				<ele>2143.000000</ele>
			</trkpt>
			<trkpt lat="49.190134" lon="20.191747">
				<ele>2143.000000</ele>
			</trkpt>
			<trkpt lat="49.190134" lon="20.191711">
				<ele>2143.000000</ele>
			</trkpt>
			<trkpt lat="49.190134" lon="20.191675">
				<ele>2143.000000</ele>
			</trkpt>
			<trkpt lat="49.190146" lon="20.191522">
				<ele>2144.000000</ele>
			</trkpt>
			<trkpt lat="49.190170" lon="20.191405">
				<ele>2145.000000</ele>
			</trkpt>
			<trkpt lat="49.190193" lon="20.191342">
				<ele>2145.000000</ele>
			</trkpt>
			<trkpt lat="49.190228" lon="20.191298">
				<ele>2145.000000</ele>
			</trkpt>
			<trkpt lat="49.190275" lon="20.191208">
				<ele>2146.000000</ele>
			</trkpt>
			<trkpt lat="49.190364" lon="20.191128">
				<ele>2146.000000</ele>
			</trkpt>
			<trkpt lat="49.190439" lon="20.191055">
				<ele>2147.000000</ele>
			</trkpt>
			<trkpt lat="49.190522" lon="20.190956">
				<ele>2147.000000</ele>
			</trkpt>
			<trkpt lat="49.190610" lon="20.190866">
				<ele>2148.000000</ele>
			</trkpt>
			<trkpt lat="49.190639" lon="20.190812">
				<ele>2148.000000</ele>
			</trkpt>
			<trkpt lat="49.190675" lon="20.190732">
				<ele>2149.000000</ele>
			</trkpt>
			<trkpt lat="49.190716" lon="20.190633">
				<ele>2149.000000</ele>
			</trkpt>
			<trkpt lat="49.190727" lon="20.190597">
				<ele>2149.000000</ele>
			</trkpt>
			<trkpt lat="49.190745" lon="20.190535">
				<ele>2150.000000</ele>
			</trkpt>
			<trkpt lat="49.190750" lon="20.190453">
				<ele>2150.000000</ele>
			</trkpt>
			<trkpt lat="49.190769" lon="20.190373">
				<ele>2150.000000</ele>
			</trkpt>
			<trkpt lat="49.190786" lon="20.190319">
				<ele>2150.000000</ele>
			</trkpt>
			<trkpt lat="49.190786" lon="20.190273">
				<ele>2150.000000</ele>
			</trkpt>
			<trkpt lat="49.190780" lon="20.190220">
				<ele>2150.000000</ele>
			</trkpt>
			<trkpt lat="49.190792" lon="20.189986">
				<ele>2150.000000</ele>
			</trkpt>
			<trkpt lat="49.190792" lon="20.189879">
				<ele>2149.000000</ele>
			</trkpt>
			<trkpt lat="49.190792" lon="20.189780">
				<ele>2148.000000</ele>
			</trkpt>
			<trkpt lat="49.190774" lon="20.189654">
				<ele>2146.000000</ele>
			</trkpt>
			<trkpt lat="49.190756" lon="20.189564">
				<ele>2145.000000</ele>
			</trkpt>
			<trkpt lat="49.190733" lon="20.189483">
				<ele>2144.000000</ele>
			</trkpt>
			<trkpt lat="49.190710" lon="20.189375">
				<ele>2143.000000</ele>
			</trkpt>
			<trkpt lat="49.190680" lon="20.189277">
				<ele>2142.000000</ele>
			</trkpt>
			<trkpt lat="49.190610" lon="20.189115">
				<ele>2140.000000</ele>
			</trkpt>
			<trkpt lat="49.190598" lon="20.189061">
				<ele>2141.000000</ele>
			</trkpt>
			<trkpt lat="49.190604" lon="20.189007">
				<ele>2141.000000</ele>
			</trkpt>
			<trkpt lat="49.190604" lon="20.188837">
				<ele>2142.000000</ele>
			</trkpt>
			<trkpt lat="49.190610" lon="20.188738">
				<ele>2142.000000</ele>
			</trkpt>
			<trkpt lat="49.190598" lon="20.188513">
				<ele>2144.000000</ele>
			</trkpt>
			<trkpt lat="49.190604" lon="20.188432">
				<ele>2144.000000</ele>
			</trkpt>
			<trkpt lat="49.190622" lon="20.188298">
				<ele>2145.000000</ele>
			</trkpt>
			<trkpt lat="49.190616" lon="20.187992">
				<ele>2146.000000</ele>
			</trkpt>
			<trkpt lat="49.190610" lon="20.187857">
				<ele>2147.000000</ele>
			</trkpt>
			<trkpt lat="49.190610" lon="20.187839">
				<ele>2147.000000</ele>
			</trkpt>
			<trkpt lat="49.190445" lon="20.187678">
				<ele>2127.000000</ele>
			</trkpt>
			<trkpt lat="49.190392" lon="20.187588">
				<ele>2125.000000</ele>
			</trkpt>
			<trkpt lat="49.190375" lon="20.187570">
				<ele>2124.000000</ele>
			</trkpt>
			<trkpt lat="49.190264" lon="20.187543">
				<ele>2121.000000</ele>
			</trkpt>
			<trkpt lat="49.190193" lon="20.187499">
				<ele>2120.000000</ele>
			</trkpt>
			<trkpt lat="49.190152" lon="20.187426">
				<ele>2121.000000</ele>
			</trkpt>
			<trkpt lat="49.190123" lon="20.187327">
				<ele>2123.000000</ele>
			</trkpt>
			<trkpt lat="49.190081" lon="20.187247">
				<ele>2125.000000</ele>
			</trkpt>
			<trkpt lat="49.190064" lon="20.187237">
				<ele>2126.000000</ele>
			</trkpt>
			<trkpt lat="49.190040" lon="20.187256">
				<ele>2126.000000</ele>
			</trkpt>
			<trkpt lat="49.190011" lon="20.187300">
				<ele>2128.000000</ele>
			</trkpt>
			<trkpt lat="49.189976" lon="20.187310">
				<ele>2129.000000</ele>
			</trkpt>
			<trkpt lat="49.189934" lon="20.187354">
				<ele>2130.000000</ele>
			</trkpt>
			<trkpt lat="49.189893" lon="20.187436">
				<ele>2131.000000</ele>
			</trkpt>
			<trkpt lat="49.189870" lon="20.187499">
				<ele>2132.000000</ele>
			</trkpt>
			<trkpt lat="49.189800" lon="20.187579">
				<ele>2134.000000</ele>
			</trkpt>
			<trkpt lat="49.189712" lon="20.187642">
				<ele>2135.000000</ele>
			</trkpt>
			<trkpt lat="49.189670" lon="20.187660">
				<ele>2136.000000</ele>
			</trkpt>
			<trkpt lat="49.189629" lon="20.187696">
				<ele>2137.000000</ele>
			</trkpt>
			<trkpt lat="49.189559" lon="20.187740">
				<ele>2138.000000</ele>
			</trkpt>
			<trkpt lat="49.189494" lon="20.187803">
				<ele>2139.000000</ele>
			</trkpt>
			<trkpt lat="49.189389" lon="20.187866">
				<ele>2142.000000</ele>
			</trkpt>
			<trkpt lat="49.189336" lon="20.187912">
				<ele>2144.000000</ele>
			</trkpt>
			<trkpt lat="49.189318" lon="20.187912">
				<ele>2144.000000</ele>
			</trkpt>
			<trkpt lat="49.189312" lon="20.187885">
				<ele>2145.000000</ele>
			</trkpt>
			<trkpt lat="49.189354" lon="20.187705">
				<ele>2148.000000</ele>
			</trkpt>
			<trkpt lat="49.189401" lon="20.187552">
				<ele>2152.000000</ele>
			</trkpt>
			<trkpt lat="49.189435" lon="20.187399">
				<ele>2157.000000</ele>
			</trkpt>
			<trkpt lat="49.189448" lon="20.187247">
				<ele>2161.000000</ele>
			</trkpt>
			<trkpt lat="49.189471" lon="20.187139">
				<ele>2164.000000</ele>
			</trkpt>
			<trkpt lat="49.189471" lon="20.187067">
				<ele>2166.000000</ele>
			</trkpt>
			<trkpt lat="49.189442" lon="20.187057">
				<ele>2167.000000</ele>
			</trkpt>
			<trkpt lat="49.189435" lon="20.187023">
				<ele>2168.000000</ele>
			</trkpt>
			<trkpt lat="49.189435" lon="20.186977">
				<ele>2169.000000</ele>
			</trkpt>
			<trkpt lat="49.189424" lon="20.186968">
				<ele>2170.000000</ele>
			</trkpt>
			<trkpt lat="49.189401" lon="20.186977">
				<ele>2171.000000</ele>
			</trkpt>
			<trkpt lat="49.189348" lon="20.187013">
				<ele>2173.000000</ele>
			</trkpt>
			<trkpt lat="49.189301" lon="20.187040">
				<ele>2175.000000</ele>
			</trkpt>
			<trkpt lat="49.189242" lon="20.187057">
				<ele>2177.000000</ele>
			</trkpt>
			<trkpt lat="49.189171" lon="20.187084">
				<ele>2180.000000</ele>
			</trkpt>
			<trkpt lat="49.189136" lon="20.187112">
				<ele>2182.000000</ele>
			</trkpt>
			<trkpt lat="49.189077" lon="20.187120">
				<ele>2184.000000</ele>
			</trkpt>
			<trkpt lat="49.188984" lon="20.187157">
				<ele>2188.000000</ele>
			</trkpt>
			<trkpt lat="49.188954" lon="20.187166">
				<ele>2189.000000</ele>
			</trkpt>
			<trkpt lat="49.188937" lon="20.187139">
				<ele>2190.000000</ele>
			</trkpt>
			<trkpt lat="49.188949" lon="20.187103">
				<ele>2191.000000</ele>
			</trkpt>
			<trkpt lat="49.188990" lon="20.186986">
				<ele>2194.000000</ele>
			</trkpt>
			<trkpt lat="49.189077" lon="20.186753">
				<ele>2200.000000</ele>
			</trkpt>
			<trkpt lat="49.189113" lon="20.186671">
				<ele>2202.000000</ele>
			</trkpt>
			<trkpt lat="49.189118" lon="20.186627">
				<ele>2203.000000</ele>
			</trkpt>
			<trkpt lat="49.189054" lon="20.186591">
				<ele>2206.000000</ele>
			</trkpt>
			<trkpt lat="49.188996" lon="20.186618">
				<ele>2208.000000</ele>
			</trkpt>
			<trkpt lat="49.188949" lon="20.186654">
				<ele>2210.000000</ele>
			</trkpt>
			<trkpt lat="49.188937" lon="20.186654">
				<ele>2210.000000</ele>
			</trkpt>
			<trkpt lat="49.188943" lon="20.186600">
				<ele>2211.000000</ele>
			</trkpt>
			<trkpt lat="49.188996" lon="20.186447">
				<ele>2215.000000</ele>
			</trkpt>
			<trkpt lat="49.189030" lon="20.186348">
				<ele>2218.000000</ele>
			</trkpt>
			<trkpt lat="49.189066" lon="20.186294">
				<ele>2220.000000</ele>
			</trkpt>
			<trkpt lat="49.189118" lon="20.186187">
				<ele>2227.000000</ele>
			</trkpt>
			<trkpt lat="49.189118" lon="20.185998">
				<ele>2239.000000</ele>
			</trkpt>
			<trkpt lat="49.189071" lon="20.185881">
				<ele>2248.000000</ele>
			</trkpt>
			<trkpt lat="49.188972" lon="20.185585">
				<ele>2267.000000</ele>
			</trkpt>
			<trkpt lat="49.188890" lon="20.185449">
				<ele>2277.000000</ele>
			</trkpt>
			<trkpt lat="49.188854" lon="20.185396">
				<ele>2282.000000</ele>
			</trkpt>
			<trkpt lat="49.188849" lon="20.185315">
				<ele>2288.000000</ele>
			</trkpt>
			<trkpt lat="49.188901" lon="20.185172">
				<ele>2303.000000</ele>
			</trkpt>
			<trkpt lat="49.188896" lon="20.185063">
				<ele>2310.000000</ele>
			</trkpt>
			<trkpt lat="49.188860" lon="20.184929">
				<ele>2307.000000</ele>
			</trkpt>
			<trkpt lat="49.188784" lon="20.184920">
				<ele>2304.000000</ele>
			</trkpt>
			<trkpt lat="49.188737" lon="20.184929">
				<ele>2303.000000</ele>
			</trkpt>
			<trkpt lat="49.188713" lon="20.184883">
				<ele>2301.000000</ele>
			</trkpt>
			<trkpt lat="49.188684" lon="20.184920">
				<ele>2300.000000</ele>
			</trkpt>
			<trkpt lat="49.188655" lon="20.184938">
				<ele>2298.000000</ele>
			</trkpt>
			<trkpt lat="49.188602" lon="20.184902">
				<ele>2294.000000</ele>
			</trkpt>
			<trkpt lat="49.188590" lon="20.184910">
				<ele>2293.000000</ele>
			</trkpt>
			<trkpt lat="49.188555" lon="20.185036">
				<ele>2287.000000</ele>
			</trkpt>
			<trkpt lat="49.188526" lon="20.185046">
				<ele>2284.000000</ele>
			</trkpt>
			<trkpt lat="49.188444" lon="20.185055">
				<ele>2279.000000</ele>
			</trkpt>
			<trkpt lat="49.188373" lon="20.185046">
				<ele>2273.000000</ele>
			</trkpt>
			<trkpt lat="49.188320" lon="20.185082">
				<ele>2269.000000</ele>
			</trkpt>
			<trkpt lat="49.188291" lon="20.185073">
				<ele>2267.000000</ele>
			</trkpt>
			<trkpt lat="49.188255" lon="20.185073">
				<ele>2264.000000</ele>
			</trkpt>
			<trkpt lat="49.188197" lon="20.185036">
				<ele>2259.000000</ele>
			</trkpt>
			<trkpt lat="49.188208" lon="20.184973">
				<ele>2257.000000</ele>
			</trkpt>
			<trkpt lat="49.188180" lon="20.184866">
				<ele>2254.000000</ele>
			</trkpt>
			<trkpt lat="49.188138" lon="20.184857">
				<ele>2252.000000</ele>
			</trkpt>
			<trkpt lat="49.188108" lon="20.184910">
				<ele>2250.000000</ele>
			</trkpt>
			<trkpt lat="49.188108" lon="20.184992">
				<ele>2250.000000</ele>
			</trkpt>
			<trkpt lat="49.188068" lon="20.185010">
				<ele>2249.000000</ele>
			</trkpt>
			<trkpt lat="49.188062" lon="20.184929">
				<ele>2247.000000</ele>
			</trkpt>
			<trkpt lat="49.188050" lon="20.184849">
				<ele>2244.000000</ele>
			</trkpt>
			<trkpt lat="49.188033" lon="20.184803">
				<ele>2243.000000</ele>
			</trkpt>
			<trkpt lat="49.188044" lon="20.184740">
				<ele>2241.000000</ele>
			</trkpt>
			<trkpt lat="49.188056" lon="20.184650">
				<ele>2240.000000</ele>
			</trkpt>
			<trkpt lat="49.188068" lon="20.184551">
				<ele>2239.000000</ele>
			</trkpt>
			<trkpt lat="49.188085" lon="20.184497">
				<ele>2238.000000</ele>
			</trkpt>
			<trkpt lat="49.188103" lon="20.184417">
				<ele>2238.000000</ele>
			</trkpt>
			<trkpt lat="49.188114" lon="20.184291">
				<ele>2237.000000</ele>
			</trkpt>
			<trkpt lat="49.188138" lon="20.184165">
				<ele>2236.000000</ele>
			</trkpt>
			<trkpt lat="49.188144" lon="20.184021">
				<ele>2234.000000</ele>
			</trkpt>
			<trkpt lat="49.188156" lon="20.183841">
				<ele>2233.000000</ele>
			</trkpt>
			<trkpt lat="49.188150" lon="20.183644">
				<ele>2232.000000</ele>
			</trkpt>
			<trkpt lat="49.188138" lon="20.183537">
				<ele>2231.000000</ele>
			</trkpt>
			<trkpt lat="49.188114" lon="20.183428">
				<ele>2230.000000</ele>
			</trkpt>
			<trkpt lat="49.188108" lon="20.183365">
				<ele>2229.000000</ele>
			</trkpt>
			<trkpt lat="49.188114" lon="20.183241">
				<ele>2227.000000</ele>
			</trkpt>
			<trkpt lat="49.188127" lon="20.183115">
				<ele>2225.000000</ele>
			</trkpt>
			<trkpt lat="49.188138" lon="20.183061">
				<ele>2224.000000</ele>
			</trkpt>
			<trkpt lat="49.188144" lon="20.182952">
				<ele>2223.000000</ele>
			</trkpt>
			<trkpt lat="49.188156" lon="20.182782">
				<ele>2220.000000</ele>
			</trkpt>
			<trkpt lat="49.188138" lon="20.182675">
				<ele>2219.000000</ele>
			</trkpt>
			<trkpt lat="49.188127" lon="20.182647">
				<ele>2219.000000</ele>
			</trkpt>
			<trkpt lat="49.188127" lon="20.182612">
				<ele>2218.000000</ele>
			</trkpt>
			<trkpt lat="49.188138" lon="20.182557">
				<ele>2218.000000</ele>
			</trkpt>
			<trkpt lat="49.188133" lon="20.182495">
				<ele>2217.000000</ele>
			</trkpt>
			<trkpt lat="49.188133" lon="20.182360">
				<ele>2215.000000</ele>
			</trkpt>
			<trkpt lat="49.188133" lon="20.182180">
				<ele>2214.000000</ele>
			</trkpt>
			<trkpt lat="49.188133" lon="20.182063">
				<ele>2212.000000</ele>
			</trkpt>
			<trkpt lat="49.188127" lon="20.182019">
				<ele>2212.000000</ele>
			</trkpt>
			<trkpt lat="49.188114" lon="20.181991">
				<ele>2211.000000</ele>
			</trkpt>
			<trkpt lat="49.188080" lon="20.181901">
				<ele>2210.000000</ele>
			</trkpt>
			<trkpt lat="49.188044" lon="20.181874">
				<ele>2210.000000</ele>
			</trkpt>
			<trkpt lat="49.188003" lon="20.181847">
				<ele>2209.000000</ele>
			</trkpt>
			<trkpt lat="49.187944" lon="20.181767">
				<ele>2208.000000</ele>
			</trkpt>
			<trkpt lat="49.187897" lon="20.181694">
				<ele>2207.000000</ele>
			</trkpt>
			<trkpt lat="49.187809" lon="20.181515">
				<ele>2204.000000</ele>
			</trkpt>
			<trkpt lat="49.187762" lon="20.181453">
				<ele>2203.000000</ele>
			</trkpt>
			<trkpt lat="49.187722" lon="20.181363">
				<ele>2202.000000</ele>
			</trkpt>
			<trkpt lat="49.187686" lon="20.181281">
				<ele>2201.000000</ele>
			</trkpt>
			<trkpt lat="49.187686" lon="20.181281">
				<ele>2201.000000</ele>
			</trkpt>
			<trkpt lat="49.187510" lon="20.180841">
				<ele>2195.000000</ele>
			</trkpt>
			<trkpt lat="49.187469" lon="20.180824">
				<ele>2194.000000</ele>
			</trkpt>
			<trkpt lat="49.187422" lon="20.180832">
				<ele>2193.000000</ele>
			</trkpt>
			<trkpt lat="49.187392" lon="20.180851">
				<ele>2192.000000</ele>
			</trkpt>
			<trkpt lat="49.187334" lon="20.180832">
				<ele>2191.000000</ele>
			</trkpt>
			<trkpt lat="49.187093" lon="20.180581">
				<ele>2182.000000</ele>
			</trkpt>
			<trkpt lat="49.186976" lon="20.180402">
				<ele>2175.000000</ele>
			</trkpt>
			<trkpt lat="49.186858" lon="20.180266">
				<ele>2169.000000</ele>
			</trkpt>
			<trkpt lat="49.186770" lon="20.180123">
				<ele>2164.000000</ele>
			</trkpt>
			<trkpt lat="49.186612" lon="20.180006">
				<ele>2158.000000</ele>
			</trkpt>
			<trkpt lat="49.186476" lon="20.179862">
				<ele>2151.000000</ele>
			</trkpt>
			<trkpt lat="49.186429" lon="20.179755">
				<ele>2148.000000</ele>
			</trkpt>
			<trkpt lat="49.186329" lon="20.179709">
				<ele>2145.000000</ele>
			</trkpt>
			<trkpt lat="49.186154" lon="20.179396">
				<ele>2137.000000</ele>
			</trkpt>
			<trkpt lat="49.186042" lon="20.179314">
				<ele>2131.000000</ele>
			</trkpt>
			<trkpt lat="49.186007" lon="20.179180">
				<ele>2128.000000</ele>
			</trkpt>
			<trkpt lat="49.185866" lon="20.179170">
				<ele>2122.000000</ele>
			</trkpt>
			<trkpt lat="49.185731" lon="20.179216">
				<ele>2119.000000</ele>
			</trkpt>
			<trkpt lat="49.185543" lon="20.179216">
				<ele>2116.000000</ele>
			</trkpt>
			<trkpt lat="49.185490" lon="20.179170">
				<ele>2115.000000</ele>
			</trkpt>
			<trkpt lat="49.185191" lon="20.178757">
				<ele>2108.000000</ele>
			</trkpt>
			<trkpt lat="49.185149" lon="20.178667">
				<ele>2108.000000</ele>
			</trkpt>
			<trkpt lat="49.185097" lon="20.178578">
				<ele>2107.000000</ele>
			</trkpt>
			<trkpt lat="49.185074" lon="20.178488">
				<ele>2106.000000</ele>
			</trkpt>
			<trkpt lat="49.185079" lon="20.178380">
				<ele>2105.000000</ele>
			</trkpt>
			<trkpt lat="49.185074" lon="20.178281">
				<ele>2104.000000</ele>
			</trkpt>
			<trkpt lat="49.185085" lon="20.178084">
				<ele>2102.000000</ele>
			</trkpt>
			<trkpt lat="49.185108" lon="20.178012">
				<ele>2102.000000</ele>
			</trkpt>
			<trkpt lat="49.185155" lon="20.177931">
				<ele>2101.000000</ele>
			</trkpt>
			<trkpt lat="49.185285" lon="20.177904">
				<ele>2099.000000</ele>
			</trkpt>
			<trkpt lat="49.185390" lon="20.177788">
				<ele>2098.000000</ele>
			</trkpt>
			<trkpt lat="49.185432" lon="20.177715">
				<ele>2097.000000</ele>
			</trkpt>
			<trkpt lat="49.185449" lon="20.177643">
				<ele>2096.000000</ele>
			</trkpt>
			<trkpt lat="49.185461" lon="20.177526">
				<ele>2095.000000</ele>
			</trkpt>
			<trkpt lat="49.185485" lon="20.177499">
				<ele>2095.000000</ele>
			</trkpt>
			<trkpt lat="49.185508" lon="20.177482">
				<ele>2095.000000</ele>
			</trkpt>
			<trkpt lat="49.185525" lon="20.177464">
				<ele>2094.000000</ele>
			</trkpt>
			<trkpt lat="49.185543" lon="20.177419">
				<ele>2094.000000</ele>
			</trkpt>
			<trkpt lat="49.185560" lon="20.177365">
				<ele>2093.000000</ele>
			</trkpt>
			<trkpt lat="49.185631" lon="20.177203">
				<ele>2092.000000</ele>
			</trkpt>
			<trkpt lat="49.185637" lon="20.177176">
				<ele>2092.000000</ele>
			</trkpt>
			<trkpt lat="49.185643" lon="20.177140">
				<ele>2091.000000</ele>
			</trkpt>
			<trkpt lat="49.185602" lon="20.177033">
				<ele>2090.000000</ele>
			</trkpt>
			<trkpt lat="49.185596" lon="20.176988">
				<ele>2090.000000</ele>
			</trkpt>
			<trkpt lat="49.185607" lon="20.176943">
				<ele>2089.000000</ele>
			</trkpt>
			<trkpt lat="49.185613" lon="20.176907">
				<ele>2088.000000</ele>
			</trkpt>
			<trkpt lat="49.185613" lon="20.176889">
				<ele>2087.000000</ele>
			</trkpt>
			<trkpt lat="49.185602" lon="20.176853">
				<ele>2087.000000</ele>
			</trkpt>
			<trkpt lat="49.185572" lon="20.176836">
				<ele>2086.000000</ele>
			</trkpt>
			<trkpt lat="49.185490" lon="20.176809">
				<ele>2083.000000</ele>
			</trkpt>
			<trkpt lat="49.185438" lon="20.176799">
				<ele>2082.000000</ele>
			</trkpt>
			<trkpt lat="49.185343" lon="20.176763">
				<ele>2078.000000</ele>
			</trkpt>
			<trkpt lat="49.185273" lon="20.176736">
				<ele>2076.000000</ele>
			</trkpt>
			<trkpt lat="49.185267" lon="20.176719">
				<ele>2075.000000</ele>
			</trkpt>
			<trkpt lat="49.185273" lon="20.176683">
				<ele>2074.000000</ele>
			</trkpt>
			<trkpt lat="49.185302" lon="20.176593">
				<ele>2072.000000</ele>
			</trkpt>
			<trkpt lat="49.185308" lon="20.176557">
				<ele>2071.000000</ele>
			</trkpt>
			<trkpt lat="49.185308" lon="20.176530">
				<ele>2070.000000</ele>
			</trkpt>
			<trkpt lat="49.185291" lon="20.176530">
				<ele>2070.000000</ele>
			</trkpt>
			<trkpt lat="49.185144" lon="20.176574">
				<ele>2066.000000</ele>
			</trkpt>
			<trkpt lat="49.184985" lon="20.176656">
				<ele>2062.000000</ele>
			</trkpt>
			<trkpt lat="49.184927" lon="20.176691">
				<ele>2061.000000</ele>
			</trkpt>
			<trkpt lat="49.184897" lon="20.176700">
				<ele>2060.000000</ele>
			</trkpt>
			<trkpt lat="49.184744" lon="20.176700">
				<ele>2057.000000</ele>
			</trkpt>
			<trkpt lat="49.184703" lon="20.176709">
				<ele>2056.000000</ele>
			</trkpt>
			<trkpt lat="49.184674" lon="20.176727">
				<ele>2055.000000</ele>
			</trkpt>
			<trkpt lat="49.184650" lon="20.176736">
				<ele>2054.000000</ele>
			</trkpt>
			<trkpt lat="49.184621" lon="20.176736">
				<ele>2053.000000</ele>
			</trkpt>
			<trkpt lat="49.184545" lon="20.176763">
				<ele>2052.000000</ele>
			</trkpt>
			<trkpt lat="49.184516" lon="20.176772">
				<ele>2051.000000</ele>
			</trkpt>
			<trkpt lat="49.184498" lon="20.176754">
				<ele>2050.000000</ele>
			</trkpt>
			<trkpt lat="49.184486" lon="20.176736">
				<ele>2050.000000</ele>
			</trkpt>
			<trkpt lat="49.184486" lon="20.176700">
				<ele>2049.000000</ele>
			</trkpt>
			<trkpt lat="49.184498" lon="20.176673">
				<ele>2049.000000</ele>
			</trkpt>
			<trkpt lat="49.184522" lon="20.176656">
				<ele>2048.000000</ele>
			</trkpt>
			<trkpt lat="49.184539" lon="20.176629">
				<ele>2048.000000</ele>
			</trkpt>
			<trkpt lat="49.184550" lon="20.176583">
				<ele>2047.000000</ele>
			</trkpt>
			<trkpt lat="49.184557" lon="20.176547">
				<ele>2046.000000</ele>
			</trkpt>
			<trkpt lat="49.184586" lon="20.176503">
				<ele>2045.000000</ele>
			</trkpt>
			<trkpt lat="49.184610" lon="20.176457">
				<ele>2044.000000</ele>
			</trkpt>
			<trkpt lat="49.184616" lon="20.176394">
				<ele>2043.000000</ele>
			</trkpt>
			<trkpt lat="49.184639" lon="20.176333">
				<ele>2042.000000</ele>
			</trkpt>
			<trkpt lat="49.184668" lon="20.176233">
				<ele>2040.000000</ele>
			</trkpt>
			<trkpt lat="49.184709" lon="20.176188">
				<ele>2039.000000</ele>
			</trkpt>
			<trkpt lat="49.184721" lon="20.176170">
				<ele>2039.000000</ele>
			</trkpt>
			<trkpt lat="49.184733" lon="20.176143">
				<ele>2038.000000</ele>
			</trkpt>
			<trkpt lat="49.184733" lon="20.176125">
				<ele>2038.000000</ele>
			</trkpt>
			<trkpt lat="49.184703" lon="20.176107">
				<ele>2037.000000</ele>
			</trkpt>
			<trkpt lat="49.184603" lon="20.176080">
				<ele>2035.000000</ele>
			</trkpt>
			<trkpt lat="49.184439" lon="20.176080">
				<ele>2031.000000</ele>
			</trkpt>
			<trkpt lat="49.184398" lon="20.176063">
				<ele>2030.000000</ele>
			</trkpt>
			<trkpt lat="49.184392" lon="20.176054">
				<ele>2030.000000</ele>
			</trkpt>
			<trkpt lat="49.184392" lon="20.176017">
				<ele>2029.000000</ele>
			</trkpt>
			<trkpt lat="49.184398" lon="20.175964">
				<ele>2028.000000</ele>
			</trkpt>
			<trkpt lat="49.184392" lon="20.175937">
				<ele>2028.000000</ele>
			</trkpt>
			<trkpt lat="49.184375" lon="20.175928">
				<ele>2027.000000</ele>
			</trkpt>
			<trkpt lat="49.184328" lon="20.175981">
				<ele>2026.000000</ele>
			</trkpt>
			<trkpt lat="49.184298" lon="20.176000">
				<ele>2025.000000</ele>
			</trkpt>
			<trkpt lat="49.184175" lon="20.176017">
				<ele>2022.000000</ele>
			</trkpt>
			<trkpt lat="49.184116" lon="20.176071">
				<ele>2021.000000</ele>
			</trkpt>
			<trkpt lat="49.184093" lon="20.176071">
				<ele>2020.000000</ele>
			</trkpt>
			<trkpt lat="49.184034" lon="20.176063">
				<ele>2020.000000</ele>
			</trkpt>
			<trkpt lat="49.183958" lon="20.176044">
				<ele>2020.000000</ele>
			</trkpt>
			<trkpt lat="49.183905" lon="20.176017">
				<ele>2020.000000</ele>
			</trkpt>
			<trkpt lat="49.183811" lon="20.175918">
				<ele>2020.000000</ele>
			</trkpt>
			<trkpt lat="49.183705" lon="20.175767">
				<ele>2020.000000</ele>
			</trkpt>
			<trkpt lat="49.183623" lon="20.175658">
				<ele>2020.000000</ele>
			</trkpt>
			<trkpt lat="49.183517" lon="20.175532">
				<ele>2020.000000</ele>
			</trkpt>
			<trkpt lat="49.183364" lon="20.175371">
				<ele>2020.000000</ele>
			</trkpt>
			<trkpt lat="49.183347" lon="20.175325">
				<ele>2020.000000</ele>
			</trkpt>
			<trkpt lat="49.183341" lon="20.175272">
				<ele>2020.000000</ele>
			</trkpt>
			<trkpt lat="49.183323" lon="20.175128">
				<ele>2020.000000</ele>
			</trkpt>
			<trkpt lat="49.183312" lon="20.174985">
				<ele>2020.000000</ele>
			</trkpt>
			<trkpt lat="49.183323" lon="20.174931">
				<ele>2020.000000</ele>
			</trkpt>
			<trkpt lat="49.183341" lon="20.174868">
				<ele>2020.000000</ele>
			</trkpt>
			<trkpt lat="49.183347" lon="20.174814">
				<ele>2020.000000</ele>
			</trkpt>
			<trkpt lat="49.183341" lon="20.174778">
				<ele>2020.000000</ele>
			</trkpt>
			<trkpt lat="49.183317" lon="20.174688">
				<ele>2020.000000</ele>
			</trkpt>
			<trkpt lat="49.183300" lon="20.174643">
				<ele>2020.000000</ele>
			</trkpt>
			<trkpt lat="49.183289" lon="20.174599">
				<ele>2020.000000</ele>
			</trkpt>
			<trkpt lat="49.183294" lon="20.174517">
				<ele>2020.000000</ele>
			</trkpt>
			<trkpt lat="49.183276" lon="20.174463">
				<ele>2020.000000</ele>
			</trkpt>
			<trkpt lat="49.183265" lon="20.174338">
				<ele>2020.000000</ele>
			</trkpt>
			<trkpt lat="49.183223" lon="20.174212">
				<ele>2020.000000</ele>
			</trkpt>
			<trkpt lat="49.183218" lon="20.174185">
				<ele>2020.000000</ele>
			</trkpt>
			<trkpt lat="49.183195" lon="20.174159">
				<ele>2020.000000</ele>
			</trkpt>
			<trkpt lat="49.183177" lon="20.174086">
				<ele>2020.000000</ele>
			</trkpt>
			<trkpt lat="49.183153" lon="20.173951">
				<ele>2020.000000</ele>
			</trkpt>
			<trkpt lat="49.183159" lon="20.173780">
				<ele>2020.000000</ele>
			</trkpt>
			<trkpt lat="49.183177" lon="20.173717">
				<ele>2020.000000</ele>
			</trkpt>
			<trkpt lat="49.183200" lon="20.173574">
				<ele>2020.000000</ele>
			</trkpt>
			<trkpt lat="49.183206" lon="20.173511">
				<ele>2020.000000</ele>
			</trkpt>
			<trkpt lat="49.183206" lon="20.173475">
				<ele>2020.000000</ele>
			</trkpt>
			<trkpt lat="49.183177" lon="20.173385">
				<ele>2020.000000</ele>
			</trkpt>
			<trkpt lat="49.183159" lon="20.173385">
				<ele>2020.000000</ele>
			</trkpt>
			<trkpt lat="49.183118" lon="20.173358">
				<ele>2020.000000</ele>
			</trkpt>
			<trkpt lat="49.183089" lon="20.173323">
				<ele>2020.000000</ele>
			</trkpt>
			<trkpt lat="49.183065" lon="20.173278">
				<ele>2020.000000</ele>
			</trkpt>
			<trkpt lat="49.183059" lon="20.173268">
				<ele>2020.000000</ele>
			</trkpt>
			<trkpt lat="49.183036" lon="20.173251">
				<ele>2020.000000</ele>
			</trkpt>
			<trkpt lat="49.182989" lon="20.173224">
				<ele>2020.000000</ele>
			</trkpt>
			<trkpt lat="49.182930" lon="20.173206">
				<ele>2018.000000</ele>
			</trkpt>
			<trkpt lat="49.182901" lon="20.173178">
				<ele>2017.000000</ele>
			</trkpt>
			<trkpt lat="49.182842" lon="20.173170">
				<ele>2015.000000</ele>
			</trkpt>
			<trkpt lat="49.182701" lon="20.173008">
				<ele>2010.000000</ele>
			</trkpt>
			<trkpt lat="49.182601" lon="20.172901">
				<ele>2007.000000</ele>
			</trkpt>
			<trkpt lat="49.182413" lon="20.172612">
				<ele>2001.000000</ele>
			</trkpt>
			<trkpt lat="49.182396" lon="20.172568">
				<ele>2000.000000</ele>
			</trkpt>
			<trkpt lat="49.182367" lon="20.172442">
				<ele>2000.000000</ele>
			</trkpt>
			<trkpt lat="49.182349" lon="20.172343">
				<ele>2000.000000</ele>
			</trkpt>
			<trkpt lat="49.182349" lon="20.172236">
				<ele>2000.000000</ele>
			</trkpt>
			<trkpt lat="49.182331" lon="20.172119">
				<ele>2000.000000</ele>
			</trkpt>
			<trkpt lat="49.182337" lon="20.172083">
				<ele>2000.000000</ele>
			</trkpt>
			<trkpt lat="49.182367" lon="20.172029">
				<ele>2000.000000</ele>
			</trkpt>
			<trkpt lat="49.182407" lon="20.171957">
				<ele>2001.000000</ele>
			</trkpt>
			<trkpt lat="49.182413" lon="20.171922">
				<ele>2001.000000</ele>
			</trkpt>
			<trkpt lat="49.182401" lon="20.171822">
				<ele>2003.000000</ele>
			</trkpt>
			<trkpt lat="49.182396" lon="20.171633">
				<ele>2005.000000</ele>
			</trkpt>
			<trkpt lat="49.182413" lon="20.171472">
				<ele>2007.000000</ele>
			</trkpt>
			<trkpt lat="49.182448" lon="20.171364">
				<ele>2008.000000</ele>
			</trkpt>
			<trkpt lat="49.182466" lon="20.171301">
				<ele>2009.000000</ele>
			</trkpt>
			<trkpt lat="49.182496" lon="20.171184">
				<ele>2010.000000</ele>
			</trkpt>
			<trkpt lat="49.182537" lon="20.171077">
				<ele>2010.000000</ele>
			</trkpt>
			<trkpt lat="49.182572" lon="20.171023">
				<ele>2010.000000</ele>
			</trkpt>
			<trkpt lat="49.182607" lon="20.170996">
				<ele>2010.000000</ele>
			</trkpt>
			<trkpt lat="49.182666" lon="20.170943">
				<ele>2010.000000</ele>
			</trkpt>
			<trkpt lat="49.182678" lon="20.170897">
				<ele>2010.000000</ele>
			</trkpt>
			<trkpt lat="49.182672" lon="20.170825">
				<ele>2010.000000</ele>
			</trkpt>
			<trkpt lat="49.182654" lon="20.170790">
				<ele>2010.000000</ele>
			</trkpt>
			<trkpt lat="49.182648" lon="20.170754">
				<ele>2010.000000</ele>
			</trkpt>
			<trkpt lat="49.182648" lon="20.170727">
				<ele>2010.000000</ele>
			</trkpt>
			<trkpt lat="49.182684" lon="20.170654">
				<ele>2010.000000</ele>
			</trkpt>
			<trkpt lat="49.182689" lon="20.170583">
				<ele>2010.000000</ele>
			</trkpt>
			<trkpt lat="49.182684" lon="20.170475">
				<ele>2010.000000</ele>
			</trkpt>
			<trkpt lat="49.182707" lon="20.170412">
				<ele>2009.000000</ele>
			</trkpt>
			<trkpt lat="49.182707" lon="20.170331">
				<ele>2009.000000</ele>
			</trkpt>
			<trkpt lat="49.182731" lon="20.170268">
				<ele>2009.000000</ele>
			</trkpt>
			<trkpt lat="49.182754" lon="20.170205">
				<ele>2008.000000</ele>
			</trkpt>
			<trkpt lat="49.182859" lon="20.170044">
				<ele>2008.000000</ele>
			</trkpt>
			<trkpt lat="49.182942" lon="20.169756">
				<ele>2006.000000</ele>
			</trkpt>
			<trkpt lat="49.182983" lon="20.169666">
				<ele>2006.000000</ele>
			</trkpt>
			<trkpt lat="49.183036" lon="20.169576">
				<ele>2005.000000</ele>
			</trkpt>
			<trkpt lat="49.183071" lon="20.169505">
				<ele>2005.000000</ele>
			</trkpt>
			<trkpt lat="49.183124" lon="20.169451">
				<ele>2005.000000</ele>
			</trkpt>
			<trkpt lat="49.183142" lon="20.169388">
				<ele>2004.000000</ele>
			</trkpt>
			<trkpt lat="49.183165" lon="20.169298">
				<ele>2004.000000</ele>
			</trkpt>
			<trkpt lat="49.183200" lon="20.169226">
				<ele>2004.000000</ele>
			</trkpt>
			<trkpt lat="49.183247" lon="20.169163">
				<ele>2003.000000</ele>
			</trkpt>
			<trkpt lat="49.183270" lon="20.168966">
				<ele>2002.000000</ele>
			</trkpt>
			<trkpt lat="49.183270" lon="20.168939">
				<ele>2002.000000</ele>
			</trkpt>
			<trkpt lat="49.183282" lon="20.168920">
				<ele>2002.000000</ele>
			</trkpt>
			<trkpt lat="49.183306" lon="20.168903">
				<ele>2002.000000</ele>
			</trkpt>
			<trkpt lat="49.183341" lon="20.168840">
				<ele>2002.000000</ele>
			</trkpt>
			<trkpt lat="49.183423" lon="20.168687">
				<ele>2001.000000</ele>
			</trkpt>
			<trkpt lat="49.183459" lon="20.168643">
				<ele>2001.000000</ele>
			</trkpt>
			<trkpt lat="49.183523" lon="20.168463">
				<ele>2000.000000</ele>
			</trkpt>
			<trkpt lat="49.183529" lon="20.168391">
				<ele>2000.000000</ele>
			</trkpt>
			<trkpt lat="49.183535" lon="20.168293">
				<ele>2000.000000</ele>
			</trkpt>
			<trkpt lat="49.183541" lon="20.168230">
				<ele>2000.000000</ele>
			</trkpt>
			<trkpt lat="49.183558" lon="20.168148">
				<ele>2000.000000</ele>
			</trkpt>
			<trkpt lat="49.183564" lon="20.168041">
				<ele>2000.000000</ele>
			</trkpt>
			<trkpt lat="49.183558" lon="20.167851">
				<ele>2000.000000</ele>
			</trkpt>
			<trkpt lat="49.183570" lon="20.167691">
				<ele>2000.000000</ele>
			</trkpt>
			<trkpt lat="49.183576" lon="20.167582">
				<ele>2000.000000</ele>
			</trkpt>
			<trkpt lat="49.183582" lon="20.167519">
				<ele>2000.000000</ele>
			</trkpt>
			<trkpt lat="49.183617" lon="20.167322">
				<ele>2000.000000</ele>
			</trkpt>
			<trkpt lat="49.183635" lon="20.167205">
				<ele>2000.000000</ele>
			</trkpt>
			<trkpt lat="49.183635" lon="20.167142">
				<ele>2000.000000</ele>
			</trkpt>
			<trkpt lat="49.183623" lon="20.167062">
				<ele>2000.000000</ele>
			</trkpt>
			<trkpt lat="49.183647" lon="20.167008">
				<ele>2000.000000</ele>
			</trkpt>
			<trkpt lat="49.183670" lon="20.166981">
				<ele>2000.000000</ele>
			</trkpt>
			<trkpt lat="49.183676" lon="20.166945">
				<ele>2000.000000</ele>
			</trkpt>
			<trkpt lat="49.183676" lon="20.166756">
				<ele>2000.000000</ele>
			</trkpt>
			<trkpt lat="49.183700" lon="20.166585">
				<ele>2000.000000</ele>
			</trkpt>
			<trkpt lat="49.183711" lon="20.166415">
				<ele>2000.000000</ele>
			</trkpt>
			<trkpt lat="49.183734" lon="20.166226">
				<ele>2000.000000</ele>
			</trkpt>
			<trkpt lat="49.183740" lon="20.166190">
				<ele>2000.000000</ele>
			</trkpt>
			<trkpt lat="49.183747" lon="20.166172">
				<ele>2000.000000</ele>
			</trkpt>
			<trkpt lat="49.183775" lon="20.166146">
				<ele>2000.000000</ele>
			</trkpt>
			<trkpt lat="49.183858" lon="20.165939">
				<ele>2000.000000</ele>
			</trkpt>
			<trkpt lat="49.183922" lon="20.165840">
				<ele>2000.000000</ele>
			</trkpt>
			<trkpt lat="49.183969" lon="20.165750">
				<ele>2000.000000</ele>
			</trkpt>
			<trkpt lat="49.183975" lon="20.165714">
				<ele>2000.000000</ele>
			</trkpt>
			<trkpt lat="49.183981" lon="20.165660">
				<ele>2000.000000</ele>
			</trkpt>
			<trkpt lat="49.183993" lon="20.165606">
				<ele>2000.000000</ele>
			</trkpt>
			<trkpt lat="49.184022" lon="20.165525">
				<ele>2000.000000</ele>
			</trkpt>
			<trkpt lat="49.184016" lon="20.165435">
				<ele>2000.000000</ele>
			</trkpt>
			<trkpt lat="49.183999" lon="20.165291">
				<ele>2000.000000</ele>
			</trkpt>
			<trkpt lat="49.183975" lon="20.165175">
				<ele>2000.000000</ele>
			</trkpt>
			<trkpt lat="49.183905" lon="20.165040">
				<ele>2000.000000</ele>
			</trkpt>
			<trkpt lat="49.183870" lon="20.164977">
				<ele>2000.000000</ele>
			</trkpt>
			<trkpt lat="49.183823" lon="20.164932">
				<ele>2000.000000</ele>
			</trkpt>
			<trkpt lat="49.183799" lon="20.164905">
				<ele>2000.000000</ele>
			</trkpt>
			<trkpt lat="49.183775" lon="20.164878">
				<ele>2000.000000</ele>
			</trkpt>
			<trkpt lat="49.183758" lon="20.164869">
				<ele>2000.000000</ele>
			</trkpt>
			<trkpt lat="49.183740" lon="20.164869">
				<ele>2000.000000</ele>
			</trkpt>
			<trkpt lat="49.183687" lon="20.164878">
				<ele>2000.000000</ele>
			</trkpt>
			<trkpt lat="49.183635" lon="20.164897">
				<ele>2000.000000</ele>
			</trkpt>
			<trkpt lat="49.183447" lon="20.165004">
				<ele>2000.000000</ele>
			</trkpt>
			<trkpt lat="49.183400" lon="20.165040">
				<ele>2000.000000</ele>
			</trkpt>
			<trkpt lat="49.183347" lon="20.165104">
				<ele>2000.000000</ele>
			</trkpt>
			<trkpt lat="49.183294" lon="20.165228">
				<ele>2000.000000</ele>
			</trkpt>
			<trkpt lat="49.183230" lon="20.165274">
				<ele>2000.000000</ele>
			</trkpt>
			<trkpt lat="49.183189" lon="20.165345">
				<ele>2000.000000</ele>
			</trkpt>
			<trkpt lat="49.183159" lon="20.165381">
				<ele>2000.000000</ele>
			</trkpt>
			<trkpt lat="49.183142" lon="20.165400">
				<ele>2000.000000</ele>
			</trkpt>
			<trkpt lat="49.183118" lon="20.165408">
				<ele>2000.000000</ele>
			</trkpt>
			<trkpt lat="49.183100" lon="20.165417">
				<ele>2000.000000</ele>
			</trkpt>
			<trkpt lat="49.183030" lon="20.165490">
				<ele>2000.000000</ele>
			</trkpt>
			<trkpt lat="49.182906" lon="20.165543">
				<ele>2000.000000</ele>
			</trkpt>
			<trkpt lat="49.182754" lon="20.165651">
				<ele>2000.000000</ele>
			</trkpt>
			<trkpt lat="49.182719" lon="20.165669">
				<ele>2000.000000</ele>
			</trkpt>
			<trkpt lat="49.182607" lon="20.165651">
				<ele>2001.000000</ele>
			</trkpt>
			<trkpt lat="49.182590" lon="20.165669">
				<ele>2001.000000</ele>
			</trkpt>
			<trkpt lat="49.182560" lon="20.165733">
				<ele>2002.000000</ele>
			</trkpt>
			<trkpt lat="49.182543" lon="20.165759">
				<ele>2003.000000</ele>
			</trkpt>
			<trkpt lat="49.182513" lon="20.165767">
				<ele>2003.000000</ele>
			</trkpt>
			<trkpt lat="49.182466" lon="20.165777">
				<ele>2005.000000</ele>
			</trkpt>
			<trkpt lat="49.182261" lon="20.165849">
				<ele>2009.000000</ele>
			</trkpt>
			<trkpt lat="49.182173" lon="20.165857">
				<ele>2010.000000</ele>
			</trkpt>
			<trkpt lat="49.182026" lon="20.165947">
				<ele>2010.000000</ele>
			</trkpt>
			<trkpt lat="49.181943" lon="20.166019">
				<ele>2010.000000</ele>
			</trkpt>
			<trkpt lat="49.181885" lon="20.166046">
				<ele>2010.000000</ele>
			</trkpt>
			<trkpt lat="49.181803" lon="20.166083">
				<ele>2010.000000</ele>
			</trkpt>
			<trkpt lat="49.181521" lon="20.166280">
				<ele>2010.000000</ele>
			</trkpt>
			<trkpt lat="49.181457" lon="20.166316">
				<ele>2009.000000</ele>
			</trkpt>
			<trkpt lat="49.181385" lon="20.166316">
				<ele>2008.000000</ele>
			</trkpt>
			<trkpt lat="49.181339" lon="20.166325">
				<ele>2008.000000</ele>
			</trkpt>
			<trkpt lat="49.181292" lon="20.166325">
				<ele>2007.000000</ele>
			</trkpt>
			<trkpt lat="49.181027" lon="20.166325">
				<ele>2004.000000</ele>
			</trkpt>
			<trkpt lat="49.180640" lon="20.166469">
				<ele>2000.000000</ele>
			</trkpt>
			<trkpt lat="49.180599" lon="20.166459">
				<ele>2000.000000</ele>
			</trkpt>
			<trkpt lat="49.180558" lon="20.166433">
				<ele>2000.000000</ele>
			</trkpt>
			<trkpt lat="49.180329" lon="20.166109">
				<ele>2000.000000</ele>
			</trkpt>
			<trkpt lat="49.180241" lon="20.165920">
				<ele>2000.000000</ele>
			</trkpt>
			<trkpt lat="49.180182" lon="20.165777">
				<ele>2000.000000</ele>
			</trkpt>
			<trkpt lat="49.180100" lon="20.165624">
				<ele>2000.000000</ele>
			</trkpt>
			<trkpt lat="49.180077" lon="20.165517">
				<ele>2000.000000</ele>
			</trkpt>
			<trkpt lat="49.180058" lon="20.165454">
				<ele>2000.000000</ele>
			</trkpt>
			<trkpt lat="49.180035" lon="20.165435">
				<ele>2000.000000</ele>
			</trkpt>
			<trkpt lat="49.179994" lon="20.165391">
				<ele>2000.000000</ele>
			</trkpt>
			<trkpt lat="49.179977" lon="20.165364">
				<ele>2000.000000</ele>
			</trkpt>
			<trkpt lat="49.179965" lon="20.165354">
				<ele>2000.000000</ele>
			</trkpt>
			<trkpt lat="49.179941" lon="20.165345">
				<ele>2000.000000</ele>
			</trkpt>
			<trkpt lat="49.179918" lon="20.165337">
				<ele>2000.000000</ele>
			</trkpt>
			<trkpt lat="49.179871" lon="20.165283">
				<ele>2000.000000</ele>
			</trkpt>
			<trkpt lat="49.179824" lon="20.165228">
				<ele>2000.000000</ele>
			</trkpt>
			<trkpt lat="49.179812" lon="20.165175">
				<ele>2000.000000</ele>
			</trkpt>
			<trkpt lat="49.179789" lon="20.165058">
				<ele>2000.000000</ele>
			</trkpt>
			<trkpt lat="49.179753" lon="20.164941">
				<ele>2000.000000</ele>
			</trkpt>
			<trkpt lat="49.179712" lon="20.164914">
				<ele>2000.000000</ele>
			</trkpt>
			<trkpt lat="49.179577" lon="20.164914">
				<ele>2000.000000</ele>
			</trkpt>
			<trkpt lat="49.179548" lon="20.164905">
				<ele>2000.000000</ele>
			</trkpt>
			<trkpt lat="49.179436" lon="20.164815">
				<ele>2000.000000</ele>
			</trkpt>
			<trkpt lat="49.179336" lon="20.164815">
				<ele>2000.000000</ele>
			</trkpt>
			<trkpt lat="49.179201" lon="20.164788">
				<ele>2000.000000</ele>
			</trkpt>
			<trkpt lat="49.179142" lon="20.164825">
				<ele>2000.000000</ele>
			</trkpt>
			<trkpt lat="49.179090" lon="20.164834">
				<ele>2000.000000</ele>
			</trkpt>
			<trkpt lat="49.179019" lon="20.164834">
				<ele>2000.000000</ele>
			</trkpt>
			<trkpt lat="49.178890" lon="20.164869">
				<ele>2000.000000</ele>
			</trkpt>
			<trkpt lat="49.178808" lon="20.164861">
				<ele>2000.000000</ele>
			</trkpt>
			<trkpt lat="49.178585" lon="20.164762">
				<ele>2000.000000</ele>
			</trkpt>
			<trkpt lat="49.178532" lon="20.164735">
				<ele>2000.000000</ele>
			</trkpt>
			<trkpt lat="49.178432" lon="20.164725">
				<ele>2000.000000</ele>
			</trkpt>
			<trkpt lat="49.178344" lon="20.164762">
				<ele>2000.000000</ele>
			</trkpt>
			<trkpt lat="49.178303" lon="20.164798">
				<ele>1999.000000</ele>
			</trkpt>
			<trkpt lat="49.178256" lon="20.164834">
				<ele>1998.000000</ele>
			</trkpt>
			<trkpt lat="49.178244" lon="20.164869">
				<ele>1998.000000</ele>
			</trkpt>
			<trkpt lat="49.178197" lon="20.164959">
				<ele>1997.000000</ele>
			</trkpt>
			<trkpt lat="49.178109" lon="20.165077">
				<ele>1995.000000</ele>
			</trkpt>
			<trkpt lat="49.178039" lon="20.165148">
				<ele>1994.000000</ele>
			</trkpt>
			<trkpt lat="49.177980" lon="20.165175">
				<ele>1993.000000</ele>
			</trkpt>
			<trkpt lat="49.177915" lon="20.165167">
				<ele>1992.000000</ele>
			</trkpt>
			<trkpt lat="49.177886" lon="20.165167">
				<ele>1991.000000</ele>
			</trkpt>
			<trkpt lat="49.177868" lon="20.165175">
				<ele>1991.000000</ele>
			</trkpt>
			<trkpt lat="49.177845" lon="20.165211">
				<ele>1991.000000</ele>
			</trkpt>
			<trkpt lat="49.177804" lon="20.165283">
				<ele>1989.000000</ele>
			</trkpt>
			<trkpt lat="49.177733" lon="20.165381">
				<ele>1986.000000</ele>
			</trkpt>
			<trkpt lat="49.177698" lon="20.165444">
				<ele>1985.000000</ele>
			</trkpt>
			<trkpt lat="49.177698" lon="20.165490">
				<ele>1984.000000</ele>
			</trkpt>
			<trkpt lat="49.177698" lon="20.165543">
				<ele>1983.000000</ele>
			</trkpt>
			<trkpt lat="49.177698" lon="20.165614">
				<ele>1981.000000</ele>
			</trkpt>
			<trkpt lat="49.177698" lon="20.165759">
				<ele>1979.000000</ele>
			</trkpt>
			<trkpt lat="49.177663" lon="20.165893">
				<ele>1978.000000</ele>
			</trkpt>
			<trkpt lat="49.177598" lon="20.166019">
				<ele>1977.000000</ele>
			</trkpt>
			<trkpt lat="49.177510" lon="20.166109">
				<ele>1976.000000</ele>
			</trkpt>
			<trkpt lat="49.177387" lon="20.166360">
				<ele>1973.000000</ele>
			</trkpt>
			<trkpt lat="49.177311" lon="20.166352">
				<ele>1972.000000</ele>
			</trkpt>
			<trkpt lat="49.177258" lon="20.166325">
				<ele>1971.000000</ele>
			</trkpt>
			<trkpt lat="49.177211" lon="20.166270">
				<ele>1971.000000</ele>
			</trkpt>
			<trkpt lat="49.177170" lon="20.166262">
				<ele>1970.000000</ele>
			</trkpt>
			<trkpt lat="49.177087" lon="20.166235">
				<ele>1970.000000</ele>
			</trkpt>
			<trkpt lat="49.177070" lon="20.166243">
				<ele>1970.000000</ele>
			</trkpt>
			<trkpt lat="49.177058" lon="20.166270">
				<ele>1970.000000</ele>
			</trkpt>
			<trkpt lat="49.177034" lon="20.166298">
				<ele>1970.000000</ele>
			</trkpt>
			<trkpt lat="49.176993" lon="20.166370">
				<ele>1970.000000</ele>
			</trkpt>
			<trkpt lat="49.176970" lon="20.166505">
				<ele>1970.000000</ele>
			</trkpt>
			<trkpt lat="49.176893" lon="20.166675">
				<ele>1970.000000</ele>
			</trkpt>
			<trkpt lat="49.176876" lon="20.166693">
				<ele>1970.000000</ele>
			</trkpt>
			<trkpt lat="49.176870" lon="20.166746">
				<ele>1970.000000</ele>
			</trkpt>
			<trkpt lat="49.176864" lon="20.166775">
				<ele>1970.000000</ele>
			</trkpt>
			<trkpt lat="49.176853" lon="20.166819">
				<ele>1970.000000</ele>
			</trkpt>
			<trkpt lat="49.176847" lon="20.166872">
				<ele>1970.000000</ele>
			</trkpt>
			<trkpt lat="49.176835" lon="20.166918">
				<ele>1970.000000</ele>
			</trkpt>
			<trkpt lat="49.176829" lon="20.167062">
				<ele>1970.000000</ele>
			</trkpt>
			<trkpt lat="49.176829" lon="20.167232">
				<ele>1970.000000</ele>
			</trkpt>
			<trkpt lat="49.176829" lon="20.167312">
				<ele>1970.000000</ele>
			</trkpt>
			<trkpt lat="49.176817" lon="20.167402">
				<ele>1970.000000</ele>
			</trkpt>
			<trkpt lat="49.176817" lon="20.167429">
				<ele>1970.000000</ele>
			</trkpt>
			<trkpt lat="49.176823" lon="20.167501">
				<ele>1970.000000</ele>
			</trkpt>
			<trkpt lat="49.176817" lon="20.167574">
				<ele>1970.000000</ele>
			</trkpt>
			<trkpt lat="49.176776" lon="20.167591">
				<ele>1970.000000</ele>
			</trkpt>
			<trkpt lat="49.176735" lon="20.167591">
				<ele>1970.000000</ele>
			</trkpt>
			<trkpt lat="49.176682" lon="20.167582">
				<ele>1970.000000</ele>
			</trkpt>
			<trkpt lat="49.176635" lon="20.167601">
				<ele>1970.000000</ele>
			</trkpt>
			<trkpt lat="49.176617" lon="20.167699">
				<ele>1970.000000</ele>
			</trkpt>
			<trkpt lat="49.176606" lon="20.167878">
				<ele>1966.000000</ele>
			</trkpt>
			<trkpt lat="49.176612" lon="20.167924">
				<ele>1966.000000</ele>
			</trkpt>
			<trkpt lat="49.176629" lon="20.167987">
				<ele>1964.000000</ele>
			</trkpt>
			<trkpt lat="49.176617" lon="20.168014">
				<ele>1964.000000</ele>
			</trkpt>
			<trkpt lat="49.176612" lon="20.168067">
				<ele>1963.000000</ele>
			</trkpt>
			<trkpt lat="49.176594" lon="20.168094">
				<ele>1962.000000</ele>
			</trkpt>
			<trkpt lat="49.176559" lon="20.168140">
				<ele>1961.000000</ele>
			</trkpt>
			<trkpt lat="49.176535" lon="20.168211">
				<ele>1960.000000</ele>
			</trkpt>
			<trkpt lat="49.176535" lon="20.168256">
				<ele>1959.000000</ele>
			</trkpt>
			<trkpt lat="49.176535" lon="20.168301">
				<ele>1958.000000</ele>
			</trkpt>
			<trkpt lat="49.176541" lon="20.168383">
				<ele>1957.000000</ele>
			</trkpt>
			<trkpt lat="49.176547" lon="20.168444">
				<ele>1955.000000</ele>
			</trkpt>
			<trkpt lat="49.176588" lon="20.168606">
				<ele>1952.000000</ele>
			</trkpt>
			<trkpt lat="49.176582" lon="20.168687">
				<ele>1951.000000</ele>
			</trkpt>
			<trkpt lat="49.176559" lon="20.168769">
				<ele>1950.000000</ele>
			</trkpt>
			<trkpt lat="49.176518" lon="20.168876">
				<ele>1949.000000</ele>
			</trkpt>
			<trkpt lat="49.176465" lon="20.168939">
				<ele>1948.000000</ele>
			</trkpt>
			<trkpt lat="49.176400" lon="20.169065">
				<ele>1946.000000</ele>
			</trkpt>
			<trkpt lat="49.176312" lon="20.169146">
				<ele>1945.000000</ele>
			</trkpt>
			<trkpt lat="49.176283" lon="20.169199">
				<ele>1945.000000</ele>
			</trkpt>
			<trkpt lat="49.176242" lon="20.169272">
				<ele>1944.000000</ele>
			</trkpt>
			<trkpt lat="49.176183" lon="20.169298">
				<ele>1943.000000</ele>
			</trkpt>
			<trkpt lat="49.176183" lon="20.169298">
				<ele>1942.000000</ele>
			</trkpt>
			<trkpt lat="49.176183" lon="20.169298">
				<ele>1942.000000</ele>
			</trkpt>
			<trkpt lat="49.176101" lon="20.169370">
				<ele>1942.000000</ele>
			</trkpt>
			<trkpt lat="49.175995" lon="20.169469">
				<ele>1940.000000</ele>
			</trkpt>
			<trkpt lat="49.175954" lon="20.169496">
				<ele>1939.000000</ele>
			</trkpt>
			<trkpt lat="49.175895" lon="20.169576">
				<ele>1937.000000</ele>
			</trkpt>
			<trkpt lat="49.175837" lon="20.169685">
				<ele>1935.000000</ele>
			</trkpt>
			<trkpt lat="49.175784" lon="20.169738">
				<ele>1934.000000</ele>
			</trkpt>
			<trkpt lat="49.175713" lon="20.169783">
				<ele>1932.000000</ele>
			</trkpt>
			<trkpt lat="49.175672" lon="20.169846">
				<ele>1931.000000</ele>
			</trkpt>
			<trkpt lat="49.175637" lon="20.169909">
				<ele>1930.000000</ele>
			</trkpt>
			<trkpt lat="49.175596" lon="20.170071">
				<ele>1930.000000</ele>
			</trkpt>
			<trkpt lat="49.175584" lon="20.170107">
				<ele>1930.000000</ele>
			</trkpt>
			<trkpt lat="49.175578" lon="20.170151">
				<ele>1930.000000</ele>
			</trkpt>
			<trkpt lat="49.175513" lon="20.170349">
				<ele>1930.000000</ele>
			</trkpt>
			<trkpt lat="49.175478" lon="20.170404">
				<ele>1930.000000</ele>
			</trkpt>
			<trkpt lat="49.175449" lon="20.170501">
				<ele>1930.000000</ele>
			</trkpt>
			<trkpt lat="49.175443" lon="20.170565">
				<ele>1930.000000</ele>
			</trkpt>
			<trkpt lat="49.175396" lon="20.170834">
				<ele>1930.000000</ele>
			</trkpt>
			<trkpt lat="49.175384" lon="20.171023">
				<ele>1929.000000</ele>
			</trkpt>
			<trkpt lat="49.175402" lon="20.171193">
				<ele>1928.000000</ele>
			</trkpt>
			<trkpt lat="49.175373" lon="20.171230">
				<ele>1927.000000</ele>
			</trkpt>
			<trkpt lat="49.175349" lon="20.171283">
				<ele>1927.000000</ele>
			</trkpt>
			<trkpt lat="49.175332" lon="20.171409">
				<ele>1926.000000</ele>
			</trkpt>
			<trkpt lat="49.175326" lon="20.171436">
				<ele>1925.000000</ele>
			</trkpt>
			<trkpt lat="49.175314" lon="20.171463">
				<ele>1925.000000</ele>
			</trkpt>
			<trkpt lat="49.175296" lon="20.171526">
				<ele>1925.000000</ele>
			</trkpt>
			<trkpt lat="49.175284" lon="20.171589">
				<ele>1924.000000</ele>
			</trkpt>
			<trkpt lat="49.175232" lon="20.171715">
				<ele>1923.000000</ele>
			</trkpt>
			<trkpt lat="49.175220" lon="20.171822">
				<ele>1922.000000</ele>
			</trkpt>
			<trkpt lat="49.175190" lon="20.171885">
				<ele>1921.000000</ele>
			</trkpt>
			<trkpt lat="49.175102" lon="20.171975">
				<ele>1920.000000</ele>
			</trkpt>
			<trkpt lat="49.175003" lon="20.172146">
				<ele>1917.000000</ele>
			</trkpt>
			<trkpt lat="49.174956" lon="20.172218">
				<ele>1916.000000</ele>
			</trkpt>
			<trkpt lat="49.174926" lon="20.172272">
				<ele>1915.000000</ele>
			</trkpt>
			<trkpt lat="49.174897" lon="20.172379">
				<ele>1914.000000</ele>
			</trkpt>
			<trkpt lat="49.174873" lon="20.172461">
				<ele>1913.000000</ele>
			</trkpt>
			<trkpt lat="49.174832" lon="20.172505">
				<ele>1912.000000</ele>
			</trkpt>
			<trkpt lat="49.174797" lon="20.172658">
				<ele>1910.000000</ele>
			</trkpt>
			<trkpt lat="49.174756" lon="20.172748">
				<ele>1910.000000</ele>
			</trkpt>
			<trkpt lat="49.174726" lon="20.172847">
				<ele>1910.000000</ele>
			</trkpt>
			<trkpt lat="49.174668" lon="20.172964">
				<ele>1910.000000</ele>
			</trkpt>
			<trkpt lat="49.174644" lon="20.173008">
				<ele>1910.000000</ele>
			</trkpt>
			<trkpt lat="49.174609" lon="20.173107">
				<ele>1910.000000</ele>
			</trkpt>
			<trkpt lat="49.174609" lon="20.173251">
				<ele>1910.000000</ele>
			</trkpt>
			<trkpt lat="49.174574" lon="20.173341">
				<ele>1909.000000</ele>
			</trkpt>
			<trkpt lat="49.174492" lon="20.173593">
				<ele>1906.000000</ele>
			</trkpt>
			<trkpt lat="49.174445" lon="20.173683">
				<ele>1905.000000</ele>
			</trkpt>
			<trkpt lat="49.174392" lon="20.173870">
				<ele>1902.000000</ele>
			</trkpt>
			<trkpt lat="49.174404" lon="20.173987">
				<ele>1901.000000</ele>
			</trkpt>
			<trkpt lat="49.174374" lon="20.174176">
				<ele>1898.000000</ele>
			</trkpt>
			<trkpt lat="49.174339" lon="20.174356">
				<ele>1895.000000</ele>
			</trkpt>
			<trkpt lat="49.174351" lon="20.174427">
				<ele>1894.000000</ele>
			</trkpt>
			<trkpt lat="49.174339" lon="20.174499">
				<ele>1893.000000</ele>
			</trkpt>
			<trkpt lat="49.174239" lon="20.174778">
				<ele>1887.000000</ele>
			</trkpt>
			<trkpt lat="49.174251" lon="20.174966">
				<ele>1884.000000</ele>
			</trkpt>
			<trkpt lat="49.174280" lon="20.175146">
				<ele>1880.000000</ele>
			</trkpt>
			<trkpt lat="49.174251" lon="20.175352">
				<ele>1877.000000</ele>
			</trkpt>
			<trkpt lat="49.174268" lon="20.175461">
				<ele>1875.000000</ele>
			</trkpt>
			<trkpt lat="49.174292" lon="20.175559">
				<ele>1874.000000</ele>
			</trkpt>
			<trkpt lat="49.174345" lon="20.175587">
				<ele>1873.000000</ele>
			</trkpt>
			<trkpt lat="49.174398" lon="20.175631">
				<ele>1871.000000</ele>
			</trkpt>
			<trkpt lat="49.174480" lon="20.175730">
				<ele>1868.000000</ele>
			</trkpt>
			<trkpt lat="49.174409" lon="20.175838">
				<ele>1865.000000</ele>
			</trkpt>
			<trkpt lat="49.174409" lon="20.175964">
				<ele>1862.000000</ele>
			</trkpt>
			<trkpt lat="49.174451" lon="20.176027">
				<ele>1860.000000</ele>
			</trkpt>
			<trkpt lat="49.174468" lon="20.176080">
				<ele>1859.000000</ele>
			</trkpt>
			<trkpt lat="49.174492" lon="20.176098">
				<ele>1858.000000</ele>
			</trkpt>
			<trkpt lat="49.174527" lon="20.176071">
				<ele>1858.000000</ele>
			</trkpt>
			<trkpt lat="49.174585" lon="20.176080">
				<ele>1856.000000</ele>
			</trkpt>
			<trkpt lat="49.174621" lon="20.176107">
				<ele>1855.000000</ele>
			</trkpt>
			<trkpt lat="49.174638" lon="20.176197">
				<ele>1854.000000</ele>
			</trkpt>
			<trkpt lat="49.174679" lon="20.176251">
				<ele>1853.000000</ele>
			</trkpt>
			<trkpt lat="49.174709" lon="20.176270">
				<ele>1852.000000</ele>
			</trkpt>
			<trkpt lat="49.174726" lon="20.176367">
				<ele>1851.000000</ele>
			</trkpt>
			<trkpt lat="49.174744" lon="20.176574">
				<ele>1848.000000</ele>
			</trkpt>
			<trkpt lat="49.174721" lon="20.176790">
				<ele>1846.000000</ele>
			</trkpt>
			<trkpt lat="49.174726" lon="20.176907">
				<ele>1845.000000</ele>
			</trkpt>
			<trkpt lat="49.174732" lon="20.176979">
				<ele>1844.000000</ele>
			</trkpt>
			<trkpt lat="49.174797" lon="20.177123">
				<ele>1842.000000</ele>
			</trkpt>
			<trkpt lat="49.174809" lon="20.177149">
				<ele>1842.000000</ele>
			</trkpt>
			<trkpt lat="49.174850" lon="20.177176">
				<ele>1841.000000</ele>
			</trkpt>
			<trkpt lat="49.174909" lon="20.177140">
				<ele>1840.000000</ele>
			</trkpt>
			<trkpt lat="49.174943" lon="20.177059">
				<ele>1838.000000</ele>
			</trkpt>
			<trkpt lat="49.174973" lon="20.177006">
				<ele>1837.000000</ele>
			</trkpt>
			<trkpt lat="49.175015" lon="20.176988">
				<ele>1837.000000</ele>
			</trkpt>
			<trkpt lat="49.175085" lon="20.176960">
				<ele>1835.000000</ele>
			</trkpt>
			<trkpt lat="49.175102" lon="20.176988">
				<ele>1835.000000</ele>
			</trkpt>
			<trkpt lat="49.175102" lon="20.177033">
				<ele>1834.000000</ele>
			</trkpt>
			<trkpt lat="49.175085" lon="20.177113">
				<ele>1833.000000</ele>
			</trkpt>
			<trkpt lat="49.175120" lon="20.177222">
				<ele>1831.000000</ele>
			</trkpt>
			<trkpt lat="49.175190" lon="20.177409">
				<ele>1827.000000</ele>
			</trkpt>
			<trkpt lat="49.175261" lon="20.177464">
				<ele>1824.000000</ele>
			</trkpt>
			<trkpt lat="49.175290" lon="20.177509">
				<ele>1822.000000</ele>
			</trkpt>
			<trkpt lat="49.175302" lon="20.177581">
				<ele>1820.000000</ele>
			</trkpt>
			<trkpt lat="49.175296" lon="20.177643">
				<ele>1819.000000</ele>
			</trkpt>
			<trkpt lat="49.175314" lon="20.177688">
				<ele>1817.000000</ele>
			</trkpt>
			<trkpt lat="49.175349" lon="20.177725">
				<ele>1816.000000</ele>
			</trkpt>
			<trkpt lat="49.175454" lon="20.177778">
				<ele>1812.000000</ele>
			</trkpt>
			<trkpt lat="49.175501" lon="20.177832">
				<ele>1809.000000</ele>
			</trkpt>
			<trkpt lat="49.175537" lon="20.177912">
				<ele>1807.000000</ele>
			</trkpt>
			<trkpt lat="49.175625" lon="20.178075">
				<ele>1801.000000</ele>
			</trkpt>
			<trkpt lat="49.175660" lon="20.178165">
				<ele>1798.000000</ele>
			</trkpt>
			<trkpt lat="49.175696" lon="20.178237">
				<ele>1795.000000</ele>
			</trkpt>
			<trkpt lat="49.175772" lon="20.178291">
				<ele>1792.000000</ele>
			</trkpt>
			<trkpt lat="49.175831" lon="20.178335">
				<ele>1789.000000</ele>
			</trkpt>
			<trkpt lat="49.175913" lon="20.178425">
				<ele>1785.000000</ele>
			</trkpt>
			<trkpt lat="49.175977" lon="20.178524">
				<ele>1781.000000</ele>
			</trkpt>
			<trkpt lat="49.176054" lon="20.178560">
				<ele>1778.000000</ele>
			</trkpt>
			<trkpt lat="49.176118" lon="20.178524">
				<ele>1775.000000</ele>
			</trkpt>
			<trkpt lat="49.176171" lon="20.178497">
				<ele>1773.000000</ele>
			</trkpt>
			<trkpt lat="49.176236" lon="20.178541">
				<ele>1771.000000</ele>
			</trkpt>
			<trkpt lat="49.176324" lon="20.178596">
				<ele>1768.000000</ele>
			</trkpt>
			<trkpt lat="49.176371" lon="20.178641">
				<ele>1766.000000</ele>
			</trkpt>
			<trkpt lat="49.176494" lon="20.178713">
				<ele>1761.000000</ele>
			</trkpt>
			<trkpt lat="49.176535" lon="20.178740">
				<ele>1760.000000</ele>
			</trkpt>
			<trkpt lat="49.176582" lon="20.178775">
				<ele>1758.000000</ele>
			</trkpt>
			<trkpt lat="49.176659" lon="20.178803">
				<ele>1756.000000</ele>
			</trkpt>
			<trkpt lat="49.176723" lon="20.178874">
				<ele>1754.000000</ele>
			</trkpt>
			<trkpt lat="49.176747" lon="20.178874">
				<ele>1753.000000</ele>
			</trkpt>
			<trkpt lat="49.176782" lon="20.178857">
				<ele>1752.000000</ele>
			</trkpt>
			<trkpt lat="49.176829" lon="20.178847">
				<ele>1751.000000</ele>
			</trkpt>
			<trkpt lat="49.176859" lon="20.178857">
				<ele>1750.000000</ele>
			</trkpt>
			<trkpt lat="49.176887" lon="20.178838">
				<ele>1750.000000</ele>
			</trkpt>
			<trkpt lat="49.176934" lon="20.178838">
				<ele>1749.000000</ele>
			</trkpt>
			<trkpt lat="49.176999" lon="20.178874">
				<ele>1748.000000</ele>
			</trkpt>
			<trkpt lat="49.177046" lon="20.178857">
				<ele>1748.000000</ele>
			</trkpt>
			<trkpt lat="49.177064" lon="20.178857">
				<ele>1747.000000</ele>
			</trkpt>
			<trkpt lat="49.177140" lon="20.178874">
				<ele>1747.000000</ele>
			</trkpt>
			<trkpt lat="49.177158" lon="20.178893">
				<ele>1746.000000</ele>
			</trkpt>
			<trkpt lat="49.177164" lon="20.178964">
				<ele>1746.000000</ele>
			</trkpt>
			<trkpt lat="49.177170" lon="20.179107">
				<ele>1745.000000</ele>
			</trkpt>
			<trkpt lat="49.177181" lon="20.179207">
				<ele>1744.000000</ele>
			</trkpt>
			<trkpt lat="49.177152" lon="20.179296">
				<ele>1743.000000</ele>
			</trkpt>
			<trkpt lat="49.177134" lon="20.179404">
				<ele>1742.000000</ele>
			</trkpt>
			<trkpt lat="49.177134" lon="20.179557">
				<ele>1741.000000</ele>
			</trkpt>
			<trkpt lat="49.177076" lon="20.179629">
				<ele>1740.000000</ele>
			</trkpt>
			<trkpt lat="49.177011" lon="20.179746">
				<ele>1738.000000</ele>
			</trkpt>
			<trkpt lat="49.176987" lon="20.179925">
				<ele>1734.000000</ele>
			</trkpt>
			<trkpt lat="49.176882" lon="20.180141">
				<ele>1728.000000</ele>
			</trkpt>
			<trkpt lat="49.176853" lon="20.180356">
				<ele>1724.000000</ele>
			</trkpt>
			<trkpt lat="49.176811" lon="20.180482">
				<ele>1721.000000</ele>
			</trkpt>
			<trkpt lat="49.176753" lon="20.180662">
				<ele>1719.000000</ele>
			</trkpt>
			<trkpt lat="49.176694" lon="20.180805">
				<ele>1717.000000</ele>
			</trkpt>
			<trkpt lat="49.176629" lon="20.181183">
				<ele>1714.000000</ele>
			</trkpt>
			<trkpt lat="49.176629" lon="20.181327">
				<ele>1713.000000</ele>
			</trkpt>
			<trkpt lat="49.176682" lon="20.181480">
				<ele>1711.000000</ele>
			</trkpt>
			<trkpt lat="49.176747" lon="20.181614">
				<ele>1709.000000</ele>
			</trkpt>
			<trkpt lat="49.176800" lon="20.181776">
				<ele>1707.000000</ele>
			</trkpt>
			<trkpt lat="49.176811" lon="20.181946">
				<ele>1705.000000</ele>
			</trkpt>
			<trkpt lat="49.176876" lon="20.182054">
				<ele>1703.000000</ele>
			</trkpt>
			<trkpt lat="49.176917" lon="20.182189">
				<ele>1701.000000</ele>
			</trkpt>
			<trkpt lat="49.176917" lon="20.182315">
				<ele>1700.000000</ele>
			</trkpt>
			<trkpt lat="49.176952" lon="20.182378">
				<ele>1699.000000</ele>
			</trkpt>
			<trkpt lat="49.177029" lon="20.182486">
				<ele>1697.000000</ele>
			</trkpt>
			<trkpt lat="49.177076" lon="20.182575">
				<ele>1696.000000</ele>
			</trkpt>
			<trkpt lat="49.177152" lon="20.182728">
				<ele>1695.000000</ele>
			</trkpt>
			<trkpt lat="49.177199" lon="20.182854">
				<ele>1693.000000</ele>
			</trkpt>
			<trkpt lat="49.177275" lon="20.182925">
				<ele>1692.000000</ele>
			</trkpt>
			<trkpt lat="49.177357" lon="20.183088">
				<ele>1690.000000</ele>
			</trkpt>
			<trkpt lat="49.177416" lon="20.183231">
				<ele>1690.000000</ele>
			</trkpt>
			<trkpt lat="49.177492" lon="20.183420">
				<ele>1690.000000</ele>
			</trkpt>
			<trkpt lat="49.177510" lon="20.183501">
				<ele>1690.000000</ele>
			</trkpt>
			<trkpt lat="49.177575" lon="20.183627">
				<ele>1689.000000</ele>
			</trkpt>
			<trkpt lat="49.177587" lon="20.183698">
				<ele>1689.000000</ele>
			</trkpt>
			<trkpt lat="49.177616" lon="20.183824">
				<ele>1688.000000</ele>
			</trkpt>
			<trkpt lat="49.177616" lon="20.183923">
				<ele>1687.000000</ele>
			</trkpt>
			<trkpt lat="49.177628" lon="20.184013">
				<ele>1686.000000</ele>
			</trkpt>
			<trkpt lat="49.177686" lon="20.184147">
				<ele>1685.000000</ele>
			</trkpt>
			<trkpt lat="49.177762" lon="20.184283">
				<ele>1683.000000</ele>
			</trkpt>
			<trkpt lat="49.177804" lon="20.184336">
				<ele>1683.000000</ele>
			</trkpt>
			<trkpt lat="49.177839" lon="20.184426">
				<ele>1682.000000</ele>
			</trkpt>
			<trkpt lat="49.177845" lon="20.184497">
				<ele>1681.000000</ele>
			</trkpt>
			<trkpt lat="49.177886" lon="20.184587">
				<ele>1680.000000</ele>
			</trkpt>
			<trkpt lat="49.177874" lon="20.184660">
				<ele>1680.000000</ele>
			</trkpt>
			<trkpt lat="49.177874" lon="20.184686">
				<ele>1679.000000</ele>
			</trkpt>
			<trkpt lat="49.177880" lon="20.184713">
				<ele>1679.000000</ele>
			</trkpt>
			<trkpt lat="49.177886" lon="20.184759">
				<ele>1678.000000</ele>
			</trkpt>
			<trkpt lat="49.177886" lon="20.184803">
				<ele>1678.000000</ele>
			</trkpt>
			<trkpt lat="49.177898" lon="20.184830">
				<ele>1677.000000</ele>
			</trkpt>
			<trkpt lat="49.177921" lon="20.184947">
				<ele>1675.000000</ele>
			</trkpt>
			<trkpt lat="49.177933" lon="20.184992">
				<ele>1675.000000</ele>
			</trkpt>
			<trkpt lat="49.177962" lon="20.185073">
				<ele>1673.000000</ele>
			</trkpt>
			<trkpt lat="49.178003" lon="20.185199">
				<ele>1671.000000</ele>
			</trkpt>
			<trkpt lat="49.178009" lon="20.185342">
				<ele>1669.000000</ele>
			</trkpt>
			<trkpt lat="49.178003" lon="20.185449">
				<ele>1667.000000</ele>
			</trkpt>
			<trkpt lat="49.178021" lon="20.185566">
				<ele>1665.000000</ele>
			</trkpt>
			<trkpt lat="49.177939" lon="20.185495">
				<ele>1663.000000</ele>
			</trkpt>
			<trkpt lat="49.177892" lon="20.185405">
				<ele>1661.000000</ele>
			</trkpt>
			<trkpt lat="49.177862" lon="20.185369">
				<ele>1660.000000</ele>
			</trkpt>
			<trkpt lat="49.177839" lon="20.185360">
				<ele>1660.000000</ele>
			</trkpt>
			<trkpt lat="49.177769" lon="20.185262">
				<ele>1658.000000</ele>
			</trkpt>
			<trkpt lat="49.177639" lon="20.185126">
				<ele>1654.000000</ele>
			</trkpt>
			<trkpt lat="49.177504" lon="20.184965">
				<ele>1651.000000</ele>
			</trkpt>
			<trkpt lat="49.177516" lon="20.185136">
				<ele>1648.000000</ele>
			</trkpt>
			<trkpt lat="49.177563" lon="20.185325">
				<ele>1645.000000</ele>
			</trkpt>
			<trkpt lat="49.177563" lon="20.185459">
				<ele>1644.000000</ele>
			</trkpt>
			<trkpt lat="49.177575" lon="20.185566">
				<ele>1642.000000</ele>
			</trkpt>
			<trkpt lat="49.177592" lon="20.185818">
				<ele>1639.000000</ele>
			</trkpt>
			<trkpt lat="49.177551" lon="20.185935">
				<ele>1638.000000</ele>
			</trkpt>
			<trkpt lat="49.177563" lon="20.186052">
				<ele>1637.000000</ele>
			</trkpt>
			<trkpt lat="49.177592" lon="20.186159">
				<ele>1636.000000</ele>
			</trkpt>
			<trkpt lat="49.177616" lon="20.186241">
				<ele>1635.000000</ele>
			</trkpt>
			<trkpt lat="49.177634" lon="20.186285">
				<ele>1635.000000</ele>
			</trkpt>
			<trkpt lat="49.177639" lon="20.186312">
				<ele>1634.000000</ele>
			</trkpt>
			<trkpt lat="49.177634" lon="20.186331">
				<ele>1634.000000</ele>
			</trkpt>
			<trkpt lat="49.177628" lon="20.186357">
				<ele>1634.000000</ele>
			</trkpt>
			<trkpt lat="49.177610" lon="20.186384">
				<ele>1634.000000</ele>
			</trkpt>
			<trkpt lat="49.177557" lon="20.186457">
				<ele>1633.000000</ele>
			</trkpt>
			<trkpt lat="49.177539" lon="20.186474">
				<ele>1633.000000</ele>
			</trkpt>
			<trkpt lat="49.177492" lon="20.186474">
				<ele>1632.000000</ele>
			</trkpt>
			<trkpt lat="49.177428" lon="20.186600">
				<ele>1631.000000</ele>
			</trkpt>
			<trkpt lat="49.177334" lon="20.186770">
				<ele>1629.000000</ele>
			</trkpt>
			<trkpt lat="49.177123" lon="20.187004">
				<ele>1625.000000</ele>
			</trkpt>
			<trkpt lat="49.176987" lon="20.187202">
				<ele>1623.000000</ele>
			</trkpt>
			<trkpt lat="49.176870" lon="20.187283">
				<ele>1621.000000</ele>
			</trkpt>
			<trkpt lat="49.176676" lon="20.187560">
				<ele>1617.000000</ele>
			</trkpt>
			<trkpt lat="49.176559" lon="20.187713">
				<ele>1615.000000</ele>
			</trkpt>
			<trkpt lat="49.176494" lon="20.187947">
				<ele>1613.000000</ele>
			</trkpt>
			<trkpt lat="49.176400" lon="20.188118">
				<ele>1610.000000</ele>
			</trkpt>
			<trkpt lat="49.176265" lon="20.188162">
				<ele>1609.000000</ele>
			</trkpt>
			<trkpt lat="49.176224" lon="20.188279">
				<ele>1607.000000</ele>
			</trkpt>
			<trkpt lat="49.176236" lon="20.188378">
				<ele>1607.000000</ele>
			</trkpt>
			<trkpt lat="49.176212" lon="20.188531">
				<ele>1605.000000</ele>
			</trkpt>
			<trkpt lat="49.176212" lon="20.188684">
				<ele>1604.000000</ele>
			</trkpt>
			<trkpt lat="49.176248" lon="20.188818">
				<ele>1603.000000</ele>
			</trkpt>
			<trkpt lat="49.176195" lon="20.188881">
				<ele>1602.000000</ele>
			</trkpt>
			<trkpt lat="49.176189" lon="20.188935">
				<ele>1602.000000</ele>
			</trkpt>
			<trkpt lat="49.176206" lon="20.189007">
				<ele>1601.000000</ele>
			</trkpt>
			<trkpt lat="49.176201" lon="20.189124">
				<ele>1600.000000</ele>
			</trkpt>
			<trkpt lat="49.176183" lon="20.189160">
				<ele>1599.000000</ele>
			</trkpt>
			<trkpt lat="49.176148" lon="20.189151">
				<ele>1598.000000</ele>
			</trkpt>
			<trkpt lat="49.176118" lon="20.189088">
				<ele>1597.000000</ele>
			</trkpt>
			<trkpt lat="49.176083" lon="20.189151">
				<ele>1596.000000</ele>
			</trkpt>
			<trkpt lat="49.176071" lon="20.189294">
				<ele>1594.000000</ele>
			</trkpt>
			<trkpt lat="49.176048" lon="20.189403">
				<ele>1592.000000</ele>
			</trkpt>
			<trkpt lat="49.176054" lon="20.189520">
				<ele>1590.000000</ele>
			</trkpt>
			<trkpt lat="49.176071" lon="20.189627">
				<ele>1589.000000</ele>
			</trkpt>
			<trkpt lat="49.176059" lon="20.189789">
				<ele>1588.000000</ele>
			</trkpt>
			<trkpt lat="49.176024" lon="20.190004">
				<ele>1585.000000</ele>
			</trkpt>
			<trkpt lat="49.176030" lon="20.190193">
				<ele>1584.000000</ele>
			</trkpt>
			<trkpt lat="49.176071" lon="20.190336">
				<ele>1582.000000</ele>
			</trkpt>
			<trkpt lat="49.176107" lon="20.190436">
				<ele>1581.000000</ele>
			</trkpt>
			<trkpt lat="49.176136" lon="20.190759">
				<ele>1578.000000</ele>
			</trkpt>
			<trkpt lat="49.176148" lon="20.190822">
				<ele>1577.000000</ele>
			</trkpt>
			<trkpt lat="49.176118" lon="20.190894">
				<ele>1576.000000</ele>
			</trkpt>
			<trkpt lat="49.176112" lon="20.190965">
				<ele>1575.000000</ele>
			</trkpt>
			<trkpt lat="49.176071" lon="20.191154">
				<ele>1573.000000</ele>
			</trkpt>
			<trkpt lat="49.176007" lon="20.191315">
				<ele>1571.000000</ele>
			</trkpt>
			<trkpt lat="49.175942" lon="20.191460">
				<ele>1569.000000</ele>
			</trkpt>
			<trkpt lat="49.175878" lon="20.191505">
				<ele>1568.000000</ele>
			</trkpt>
			<trkpt lat="49.175848" lon="20.191612">
				<ele>1567.000000</ele>
			</trkpt>
			<trkpt lat="49.175795" lon="20.191828">
				<ele>1565.000000</ele>
			</trkpt>
			<trkpt lat="49.175748" lon="20.191998">
				<ele>1563.000000</ele>
			</trkpt>
			<trkpt lat="49.175696" lon="20.192124">
				<ele>1562.000000</ele>
			</trkpt>
			<trkpt lat="49.175631" lon="20.192170">
				<ele>1561.000000</ele>
			</trkpt>
			<trkpt lat="49.175578" lon="20.192143">
				<ele>1560.000000</ele>
			</trkpt>
			<trkpt lat="49.175537" lon="20.192115">
				<ele>1560.000000</ele>
			</trkpt>
			<trkpt lat="49.175484" lon="20.192115">
				<ele>1560.000000</ele>
			</trkpt>
			<trkpt lat="49.175460" lon="20.192124">
				<ele>1560.000000</ele>
			</trkpt>
			<trkpt lat="49.175390" lon="20.192170">
				<ele>1560.000000</ele>
			</trkpt>
			<trkpt lat="49.175326" lon="20.192294">
				<ele>1560.000000</ele>
			</trkpt>
			<trkpt lat="49.175302" lon="20.192376">
				<ele>1560.000000</ele>
			</trkpt>
			<trkpt lat="49.175232" lon="20.192447">
				<ele>1559.000000</ele>
			</trkpt>
			<trkpt lat="49.175202" lon="20.192547">
				<ele>1558.000000</ele>
			</trkpt>
			<trkpt lat="49.175155" lon="20.192789">
				<ele>1557.000000</ele>
			</trkpt>
			<trkpt lat="49.175149" lon="20.192807">
				<ele>1556.000000</ele>
			</trkpt>
			<trkpt lat="49.175143" lon="20.192816">
				<ele>1556.000000</ele>
			</trkpt>
			<trkpt lat="49.175132" lon="20.192825">
				<ele>1556.000000</ele>
			</trkpt>
			<trkpt lat="49.175126" lon="20.192834">
				<ele>1556.000000</ele>
			</trkpt>
			<trkpt lat="49.175126" lon="20.192852">
				<ele>1556.000000</ele>
			</trkpt>
			<trkpt lat="49.175114" lon="20.192879">
				<ele>1556.000000</ele>
			</trkpt>
			<trkpt lat="49.175108" lon="20.192889">
				<ele>1556.000000</ele>
			</trkpt>
			<trkpt lat="49.175090" lon="20.192915">
				<ele>1555.000000</ele>
			</trkpt>
			<trkpt lat="49.175079" lon="20.192923">
				<ele>1555.000000</ele>
			</trkpt>
			<trkpt lat="49.175062" lon="20.192969">
				<ele>1555.000000</ele>
			</trkpt>
			<trkpt lat="49.175043" lon="20.192978">
				<ele>1555.000000</ele>
			</trkpt>
			<trkpt lat="49.175020" lon="20.192996">
				<ele>1555.000000</ele>
			</trkpt>
			<trkpt lat="49.175009" lon="20.193013">
				<ele>1554.000000</ele>
			</trkpt>
			<trkpt lat="49.175009" lon="20.193023">
				<ele>1554.000000</ele>
			</trkpt>
			<trkpt lat="49.174991" lon="20.193049">
				<ele>1554.000000</ele>
			</trkpt>
			<trkpt lat="49.174979" lon="20.193076">
				<ele>1554.000000</ele>
			</trkpt>
			<trkpt lat="49.174979" lon="20.193086">
				<ele>1554.000000</ele>
			</trkpt>
			<trkpt lat="49.174985" lon="20.193139">
				<ele>1553.000000</ele>
			</trkpt>
			<trkpt lat="49.174985" lon="20.193166">
				<ele>1553.000000</ele>
			</trkpt>
			<trkpt lat="49.174991" lon="20.193185">
				<ele>1553.000000</ele>
			</trkpt>
			<trkpt lat="49.174956" lon="20.193275">
				<ele>1553.000000</ele>
			</trkpt>
			<trkpt lat="49.174962" lon="20.193283">
				<ele>1552.000000</ele>
			</trkpt>
			<trkpt lat="49.174956" lon="20.193328">
				<ele>1552.000000</ele>
			</trkpt>
			<trkpt lat="49.174950" lon="20.193346">
				<ele>1552.000000</ele>
			</trkpt>
			<trkpt lat="49.174932" lon="20.193391">
				<ele>1552.000000</ele>
			</trkpt>
			<trkpt lat="49.174909" lon="20.193409">
				<ele>1551.000000</ele>
			</trkpt>
			<trkpt lat="49.174897" lon="20.193426">
				<ele>1551.000000</ele>
			</trkpt>
			<trkpt lat="49.174891" lon="20.193454">
				<ele>1551.000000</ele>
			</trkpt>
			<trkpt lat="49.174891" lon="20.193481">
				<ele>1551.000000</ele>
			</trkpt>
			<trkpt lat="49.174897" lon="20.193508">
				<ele>1551.000000</ele>
			</trkpt>
			<trkpt lat="49.174891" lon="20.193544">
				<ele>1550.000000</ele>
			</trkpt>
			<trkpt lat="49.174850" lon="20.193625">
				<ele>1550.000000</ele>
			</trkpt>
			<trkpt lat="49.174838" lon="20.193661">
				<ele>1550.000000</ele>
			</trkpt>
			<trkpt lat="49.174832" lon="20.193696">
				<ele>1549.000000</ele>
			</trkpt>
			<trkpt lat="49.174815" lon="20.193741">
				<ele>1549.000000</ele>
			</trkpt>
			<trkpt lat="49.174750" lon="20.193778">
				<ele>1548.000000</ele>
			</trkpt>
			<trkpt lat="49.174726" lon="20.193795">
				<ele>1548.000000</ele>
			</trkpt>
			<trkpt lat="49.174709" lon="20.193822">
				<ele>1548.000000</ele>
			</trkpt>
			<trkpt lat="49.174674" lon="20.193885">
				<ele>1547.000000</ele>
			</trkpt>
			<trkpt lat="49.174662" lon="20.193894">
				<ele>1547.000000</ele>
			</trkpt>
			<trkpt lat="49.174656" lon="20.193912">
				<ele>1547.000000</ele>
			</trkpt>
			<trkpt lat="49.174638" lon="20.193948">
				<ele>1547.000000</ele>
			</trkpt>
			<trkpt lat="49.174638" lon="20.193965">
				<ele>1547.000000</ele>
			</trkpt>
			<trkpt lat="49.174627" lon="20.194020">
				<ele>1546.000000</ele>
			</trkpt>
			<trkpt lat="49.174627" lon="20.194047">
				<ele>1546.000000</ele>
			</trkpt>
			<trkpt lat="49.174627" lon="20.194082">
				<ele>1546.000000</ele>
			</trkpt>
			<trkpt lat="49.174615" lon="20.194110">
				<ele>1546.000000</ele>
			</trkpt>
			<trkpt lat="49.174591" lon="20.194137">
				<ele>1545.000000</ele>
			</trkpt>
			<trkpt lat="49.174591" lon="20.194164">
				<ele>1545.000000</ele>
			</trkpt>
			<trkpt lat="49.174574" lon="20.194191">
				<ele>1545.000000</ele>
			</trkpt>
			<trkpt lat="49.174532" lon="20.194235">
				<ele>1544.000000</ele>
			</trkpt>
			<trkpt lat="49.174521" lon="20.194271">
				<ele>1544.000000</ele>
			</trkpt>
			<trkpt lat="49.174515" lon="20.194289">
				<ele>1544.000000</ele>
			</trkpt>
			<trkpt lat="49.174486" lon="20.194317">
				<ele>1544.000000</ele>
			</trkpt>
			<trkpt lat="49.174468" lon="20.194344">
				<ele>1543.000000</ele>
			</trkpt>
			<trkpt lat="49.174457" lon="20.194370">
				<ele>1543.000000</ele>
			</trkpt>
			<trkpt lat="49.174439" lon="20.194407">
				<ele>1543.000000</ele>
			</trkpt>
			<trkpt lat="49.174421" lon="20.194451">
				<ele>1543.000000</ele>
			</trkpt>
			<trkpt lat="49.174398" lon="20.194514">
				<ele>1542.000000</ele>
			</trkpt>
			<trkpt lat="49.174380" lon="20.194531">
				<ele>1542.000000</ele>
			</trkpt>
			<trkpt lat="49.174368" lon="20.194550">
				<ele>1542.000000</ele>
			</trkpt>
			<trkpt lat="49.174351" lon="20.194568">
				<ele>1542.000000</ele>
			</trkpt>
			<trkpt lat="49.174327" lon="20.194604">
				<ele>1541.000000</ele>
			</trkpt>
			<trkpt lat="49.174321" lon="20.194613">
				<ele>1541.000000</ele>
			</trkpt>
			<trkpt lat="49.174315" lon="20.194621">
				<ele>1541.000000</ele>
			</trkpt>
			<trkpt lat="49.174310" lon="20.194657">
				<ele>1541.000000</ele>
			</trkpt>
			<trkpt lat="49.174304" lon="20.194684">
				<ele>1541.000000</ele>
			</trkpt>
			<trkpt lat="49.174304" lon="20.194703">
				<ele>1541.000000</ele>
			</trkpt>
			<trkpt lat="49.174298" lon="20.194730">
				<ele>1540.000000</ele>
			</trkpt>
			<trkpt lat="49.174298" lon="20.194738">
				<ele>1540.000000</ele>
			</trkpt>
			<trkpt lat="49.174286" lon="20.194774">
				<ele>1540.000000</ele>
			</trkpt>
			<trkpt lat="49.174286" lon="20.194801">
				<ele>1540.000000</ele>
			</trkpt>
			<trkpt lat="49.174280" lon="20.194820">
				<ele>1540.000000</ele>
			</trkpt>
			<trkpt lat="49.174280" lon="20.194847">
				<ele>1539.000000</ele>
			</trkpt>
			<trkpt lat="49.174274" lon="20.194855">
				<ele>1539.000000</ele>
			</trkpt>
			<trkpt lat="49.174274" lon="20.194873">
				<ele>1539.000000</ele>
			</trkpt>
			<trkpt lat="49.174274" lon="20.194883">
				<ele>1539.000000</ele>
			</trkpt>
			<trkpt lat="49.174274" lon="20.194891">
				<ele>1539.000000</ele>
			</trkpt>
			<trkpt lat="49.174274" lon="20.194900">
				<ele>1539.000000</ele>
			</trkpt>
			<trkpt lat="49.174268" lon="20.194910">
				<ele>1539.000000</ele>
			</trkpt>
			<trkpt lat="49.174251" lon="20.194944">
				<ele>1538.000000</ele>
			</trkpt>
			<trkpt lat="49.174239" lon="20.194954">
				<ele>1538.000000</ele>
			</trkpt>
			<trkpt lat="49.174227" lon="20.194981">
				<ele>1538.000000</ele>
			</trkpt>
			<trkpt lat="49.174210" lon="20.195007">
				<ele>1537.000000</ele>
			</trkpt>
			<trkpt lat="49.174204" lon="20.195044">
				<ele>1537.000000</ele>
			</trkpt>
			<trkpt lat="49.174198" lon="20.195080">
				<ele>1536.000000</ele>
			</trkpt>
			<trkpt lat="49.174198" lon="20.195107">
				<ele>1536.000000</ele>
			</trkpt>
			<trkpt lat="49.174192" lon="20.195134">
				<ele>1536.000000</ele>
			</trkpt>
			<trkpt lat="49.174192" lon="20.195143">
				<ele>1536.000000</ele>
			</trkpt>
			<trkpt lat="49.174186" lon="20.195214">
				<ele>1535.000000</ele>
			</trkpt>
			<trkpt lat="49.174151" lon="20.195296">
				<ele>1534.000000</ele>
			</trkpt>
			<trkpt lat="49.174127" lon="20.195349">
				<ele>1533.000000</ele>
			</trkpt>
			<trkpt lat="49.174116" lon="20.195386">
				<ele>1533.000000</ele>
			</trkpt>
			<trkpt lat="49.174063" lon="20.195547">
				<ele>1531.000000</ele>
			</trkpt>
			<trkpt lat="49.174063" lon="20.195807">
				<ele>1527.000000</ele>
			</trkpt>
			<trkpt lat="49.174040" lon="20.196005">
				<ele>1524.000000</ele>
			</trkpt>
			<trkpt lat="49.174016" lon="20.196229">
				<ele>1521.000000</ele>
			</trkpt>
			<trkpt lat="49.173963" lon="20.196355">
				<ele>1519.000000</ele>
			</trkpt>
			<trkpt lat="49.173881" lon="20.196552">
				<ele>1516.000000</ele>
			</trkpt>
			<trkpt lat="49.173822" lon="20.196589">
				<ele>1515.000000</ele>
			</trkpt>
			<trkpt lat="49.173816" lon="20.196652">
				<ele>1514.000000</ele>
			</trkpt>
			<trkpt lat="49.173793" lon="20.196697">
				<ele>1513.000000</ele>
			</trkpt>
			<trkpt lat="49.173716" lon="20.196705">
				<ele>1512.000000</ele>
			</trkpt>
			<trkpt lat="49.173704" lon="20.196841">
				<ele>1510.000000</ele>
			</trkpt>
			<trkpt lat="49.173634" lon="20.197011">
				<ele>1508.000000</ele>
			</trkpt>
			<trkpt lat="49.173587" lon="20.197137">
				<ele>1507.000000</ele>
			</trkpt>
			<trkpt lat="49.173505" lon="20.197191">
				<ele>1506.000000</ele>
			</trkpt>
			<trkpt lat="49.173452" lon="20.197263">
				<ele>1505.000000</ele>
			</trkpt>
			<trkpt lat="49.173370" lon="20.197397">
				<ele>1503.000000</ele>
			</trkpt>
			<trkpt lat="49.173329" lon="20.197550">
				<ele>1502.000000</ele>
			</trkpt>
			<trkpt lat="49.173229" lon="20.197657">
				<ele>1500.000000</ele>
			</trkpt>
			<trkpt lat="49.173176" lon="20.197793">
				<ele>1498.000000</ele>
			</trkpt>
			<trkpt lat="49.173099" lon="20.197856">
				<ele>1496.000000</ele>
			</trkpt>
			<trkpt lat="49.173047" lon="20.197954">
				<ele>1495.000000</ele>
			</trkpt>
			<trkpt lat="49.172971" lon="20.198080">
				<ele>1492.000000</ele>
			</trkpt>
			<trkpt lat="49.172918" lon="20.198152">
				<ele>1491.000000</ele>
			</trkpt>
			<trkpt lat="49.172894" lon="20.198278">
				<ele>1489.000000</ele>
			</trkpt>
			<trkpt lat="49.172765" lon="20.198422">
				<ele>1486.000000</ele>
			</trkpt>
			<trkpt lat="49.172712" lon="20.198529">
				<ele>1484.000000</ele>
			</trkpt>
			<trkpt lat="49.172618" lon="20.198637">
				<ele>1481.000000</ele>
			</trkpt>
			<trkpt lat="49.172524" lon="20.198718">
				<ele>1479.000000</ele>
			</trkpt>
			<trkpt lat="49.172483" lon="20.198789">
				<ele>1478.000000</ele>
			</trkpt>
			<trkpt lat="49.172377" lon="20.198925">
				<ele>1476.000000</ele>
			</trkpt>
			<trkpt lat="49.172295" lon="20.199078">
				<ele>1473.000000</ele>
			</trkpt>
			<trkpt lat="49.172219" lon="20.199141">
				<ele>1472.000000</ele>
			</trkpt>
			<trkpt lat="49.172154" lon="20.199185">
				<ele>1471.000000</ele>
			</trkpt>
			<trkpt lat="49.172119" lon="20.199311">
				<ele>1469.000000</ele>
			</trkpt>
			<trkpt lat="49.172025" lon="20.199428">
				<ele>1467.000000</ele>
			</trkpt>
			<trkpt lat="49.171978" lon="20.199472">
				<ele>1467.000000</ele>
			</trkpt>
			<trkpt lat="49.171943" lon="20.199535">
				<ele>1466.000000</ele>
			</trkpt>
			<trkpt lat="49.171837" lon="20.199562">
				<ele>1464.000000</ele>
			</trkpt>
			<trkpt lat="49.171772" lon="20.199634">
				<ele>1463.000000</ele>
			</trkpt>
			<trkpt lat="49.171749" lon="20.199688">
				<ele>1462.000000</ele>
			</trkpt>
			<trkpt lat="49.171732" lon="20.199768">
				<ele>1462.000000</ele>
			</trkpt>
			<trkpt lat="49.171702" lon="20.199841">
				<ele>1461.000000</ele>
			</trkpt>
			<trkpt lat="49.171632" lon="20.200030">
				<ele>1459.000000</ele>
			</trkpt>
			<trkpt lat="49.171590" lon="20.200093">
				<ele>1459.000000</ele>
			</trkpt>
			<trkpt lat="49.171585" lon="20.200155">
				<ele>1459.000000</ele>
			</trkpt>
			<trkpt lat="49.171596" lon="20.200254">
				<ele>1458.000000</ele>
			</trkpt>
			<trkpt lat="49.171708" lon="20.200487">
				<ele>1457.000000</ele>
			</trkpt>
			<trkpt lat="49.171778" lon="20.200757">
				<ele>1456.000000</ele>
			</trkpt>
			<trkpt lat="49.171813" lon="20.201009">
				<ele>1455.000000</ele>
			</trkpt>
			<trkpt lat="49.171855" lon="20.201305">
				<ele>1453.000000</ele>
			</trkpt>
			<trkpt lat="49.171843" lon="20.201665">
				<ele>1452.000000</ele>
			</trkpt>
			<trkpt lat="49.171766" lon="20.201881">
				<ele>1451.000000</ele>
			</trkpt>
			<trkpt lat="49.171661" lon="20.202068">
				<ele>1449.000000</ele>
			</trkpt>
			<trkpt lat="49.171632" lon="20.202194">
				<ele>1448.000000</ele>
			</trkpt>
			<trkpt lat="49.171590" lon="20.202428">
				<ele>1447.000000</ele>
			</trkpt>
			<trkpt lat="49.171532" lon="20.202653">
				<ele>1446.000000</ele>
			</trkpt>
			<trkpt lat="49.171461" lon="20.202841">
				<ele>1444.000000</ele>
			</trkpt>
			<trkpt lat="49.171449" lon="20.202923">
				<ele>1444.000000</ele>
			</trkpt>
			<trkpt lat="49.171420" lon="20.202994">
				<ele>1443.000000</ele>
			</trkpt>
			<trkpt lat="49.171408" lon="20.203164">
				<ele>1442.000000</ele>
			</trkpt>
			<trkpt lat="49.171385" lon="20.203236">
				<ele>1442.000000</ele>
			</trkpt>
			<trkpt lat="49.171338" lon="20.203326">
				<ele>1441.000000</ele>
			</trkpt>
			<trkpt lat="49.171268" lon="20.203399">
				<ele>1440.000000</ele>
			</trkpt>
			<trkpt lat="49.171226" lon="20.203460">
				<ele>1440.000000</ele>
			</trkpt>
			<trkpt lat="49.171197" lon="20.203506">
				<ele>1439.000000</ele>
			</trkpt>
			<trkpt lat="49.171150" lon="20.203542">
				<ele>1439.000000</ele>
			</trkpt>
			<trkpt lat="49.171121" lon="20.203668">
				<ele>1438.000000</ele>
			</trkpt>
			<trkpt lat="49.171091" lon="20.203739">
				<ele>1438.000000</ele>
			</trkpt>
			<trkpt lat="49.171038" lon="20.203812">
				<ele>1437.000000</ele>
			</trkpt>
			<trkpt lat="49.170985" lon="20.203865">
				<ele>1436.000000</ele>
			</trkpt>
			<trkpt lat="49.170974" lon="20.203955">
				<ele>1436.000000</ele>
			</trkpt>
			<trkpt lat="49.170968" lon="20.204045">
				<ele>1435.000000</ele>
			</trkpt>
			<trkpt lat="49.170932" lon="20.204162">
				<ele>1435.000000</ele>
			</trkpt>
			<trkpt lat="49.170932" lon="20.204296">
				<ele>1434.000000</ele>
			</trkpt>
			<trkpt lat="49.170932" lon="20.204405">
				<ele>1433.000000</ele>
			</trkpt>
			<trkpt lat="49.170956" lon="20.204494">
				<ele>1433.000000</ele>
			</trkpt>
			<trkpt lat="49.171032" lon="20.204772">
				<ele>1431.000000</ele>
			</trkpt>
			<trkpt lat="49.171038" lon="20.204961">
				<ele>1430.000000</ele>
			</trkpt>
			<trkpt lat="49.171021" lon="20.205034">
				<ele>1430.000000</ele>
			</trkpt>
			<trkpt lat="49.170968" lon="20.205141">
				<ele>1430.000000</ele>
			</trkpt>
			<trkpt lat="49.170921" lon="20.205321">
				<ele>1430.000000</ele>
			</trkpt>
			<trkpt lat="49.170927" lon="20.205500">
				<ele>1429.000000</ele>
			</trkpt>
			<trkpt lat="49.170950" lon="20.205644">
				<ele>1429.000000</ele>
			</trkpt>
			<trkpt lat="49.170985" lon="20.205779">
				<ele>1428.000000</ele>
			</trkpt>
			<trkpt lat="49.170956" lon="20.205896">
				<ele>1427.000000</ele>
			</trkpt>
			<trkpt lat="49.170921" lon="20.206039">
				<ele>1427.000000</ele>
			</trkpt>
			<trkpt lat="49.170915" lon="20.206165">
				<ele>1426.000000</ele>
			</trkpt>
			<trkpt lat="49.170880" lon="20.206290">
				<ele>1426.000000</ele>
			</trkpt>
			<trkpt lat="49.170821" lon="20.206462">
				<ele>1425.000000</ele>
			</trkpt>
			<trkpt lat="49.170762" lon="20.206569">
				<ele>1424.000000</ele>
			</trkpt>
			<trkpt lat="49.170715" lon="20.206705">
				<ele>1423.000000</ele>
			</trkpt>
			<trkpt lat="49.170692" lon="20.206812">
				<ele>1423.000000</ele>
			</trkpt>
			<trkpt lat="49.170680" lon="20.206929">
				<ele>1422.000000</ele>
			</trkpt>
			<trkpt lat="49.170651" lon="20.207081">
				<ele>1422.000000</ele>
			</trkpt>
			<trkpt lat="49.170633" lon="20.207153">
				<ele>1421.000000</ele>
			</trkpt>
			<trkpt lat="49.170592" lon="20.207252">
				<ele>1421.000000</ele>
			</trkpt>
			<trkpt lat="49.170598" lon="20.207360">
				<ele>1420.000000</ele>
			</trkpt>
			<trkpt lat="49.170568" lon="20.207422">
				<ele>1420.000000</ele>
			</trkpt>
			<trkpt lat="49.170533" lon="20.207441">
				<ele>1419.000000</ele>
			</trkpt>
			<trkpt lat="49.170516" lon="20.207540">
				<ele>1418.000000</ele>
			</trkpt>
			<trkpt lat="49.170521" lon="20.207629">
				<ele>1418.000000</ele>
			</trkpt>
			<trkpt lat="49.170521" lon="20.207692">
				<ele>1417.000000</ele>
			</trkpt>
			<trkpt lat="49.170504" lon="20.207747">
				<ele>1417.000000</ele>
			</trkpt>
			<trkpt lat="49.170445" lon="20.207781">
				<ele>1416.000000</ele>
			</trkpt>
			<trkpt lat="49.170357" lon="20.207881">
				<ele>1414.000000</ele>
			</trkpt>
			<trkpt lat="49.170327" lon="20.208024">
				<ele>1413.000000</ele>
			</trkpt>
			<trkpt lat="49.170269" lon="20.208168">
				<ele>1411.000000</ele>
			</trkpt>
			<trkpt lat="49.170210" lon="20.208410">
				<ele>1409.000000</ele>
			</trkpt>
			<trkpt lat="49.170163" lon="20.208617">
				<ele>1407.000000</ele>
			</trkpt>
			<trkpt lat="49.170104" lon="20.208887">
				<ele>1404.000000</ele>
			</trkpt>
			<trkpt lat="49.170052" lon="20.209139">
				<ele>1401.000000</ele>
			</trkpt>
			<trkpt lat="49.170010" lon="20.209355">
				<ele>1399.000000</ele>
			</trkpt>
			<trkpt lat="49.169957" lon="20.209552">
				<ele>1396.000000</ele>
			</trkpt>
			<trkpt lat="49.169887" lon="20.209695">
				<ele>1394.000000</ele>
			</trkpt>
			<trkpt lat="49.169793" lon="20.209911">
				<ele>1391.000000</ele>
			</trkpt>
			<trkpt lat="49.169763" lon="20.210064">
				<ele>1390.000000</ele>
			</trkpt>
			<trkpt lat="49.169705" lon="20.210217">
				<ele>1388.000000</ele>
			</trkpt>
			<trkpt lat="49.169629" lon="20.210378">
				<ele>1385.000000</ele>
			</trkpt>
			<trkpt lat="49.169588" lon="20.210513">
				<ele>1384.000000</ele>
			</trkpt>
			<trkpt lat="49.169476" lon="20.210603">
				<ele>1382.000000</ele>
			</trkpt>
			<trkpt lat="49.169429" lon="20.210674">
				<ele>1380.000000</ele>
			</trkpt>
			<trkpt lat="49.169435" lon="20.210747">
				<ele>1380.000000</ele>
			</trkpt>
			<trkpt lat="49.169435" lon="20.210837">
				<ele>1379.000000</ele>
			</trkpt>
			<trkpt lat="49.169399" lon="20.210980">
				<ele>1377.000000</ele>
			</trkpt>
			<trkpt lat="49.169394" lon="20.211060">
				<ele>1376.000000</ele>
			</trkpt>
			<trkpt lat="49.169329" lon="20.211169">
				<ele>1375.000000</ele>
			</trkpt>
			<trkpt lat="49.169247" lon="20.211232">
				<ele>1374.000000</ele>
			</trkpt>
			<trkpt lat="49.169206" lon="20.211294">
				<ele>1373.000000</ele>
			</trkpt>
			<trkpt lat="49.169188" lon="20.211357">
				<ele>1372.000000</ele>
			</trkpt>
			<trkpt lat="49.169177" lon="20.211492">
				<ele>1371.000000</ele>
			</trkpt>
			<trkpt lat="49.169129" lon="20.211609">
				<ele>1370.000000</ele>
			</trkpt>
			<trkpt lat="49.169018" lon="20.211942">
				<ele>1366.000000</ele>
			</trkpt>
			<trkpt lat="49.168977" lon="20.212112">
				<ele>1365.000000</ele>
			</trkpt>
			<trkpt lat="49.168900" lon="20.212211">
				<ele>1363.000000</ele>
			</trkpt>
			<trkpt lat="49.168883" lon="20.212282">
				<ele>1363.000000</ele>
			</trkpt>
			<trkpt lat="49.168877" lon="20.212372">
				<ele>1362.000000</ele>
			</trkpt>
			<trkpt lat="49.168836" lon="20.212435">
				<ele>1361.000000</ele>
			</trkpt>
			<trkpt lat="49.168795" lon="20.212462">
				<ele>1360.000000</ele>
			</trkpt>
			<trkpt lat="49.168771" lon="20.212534">
				<ele>1360.000000</ele>
			</trkpt>
			<trkpt lat="49.168765" lon="20.212651">
				<ele>1359.000000</ele>
			</trkpt>
			<trkpt lat="49.168736" lon="20.212722">
				<ele>1358.000000</ele>
			</trkpt>
			<trkpt lat="49.168689" lon="20.212804">
				<ele>1357.000000</ele>
			</trkpt>
			<trkpt lat="49.168642" lon="20.212947">
				<ele>1356.000000</ele>
			</trkpt>
			<trkpt lat="49.168589" lon="20.213226">
				<ele>1354.000000</ele>
			</trkpt>
			<trkpt lat="49.168548" lon="20.213370">
				<ele>1352.000000</ele>
			</trkpt>
			<trkpt lat="49.168477" lon="20.213693">
				<ele>1350.000000</ele>
			</trkpt>
			<trkpt lat="49.168436" lon="20.213972">
				<ele>1347.000000</ele>
			</trkpt>
			<trkpt lat="49.168401" lon="20.214232">
				<ele>1345.000000</ele>
			</trkpt>
			<trkpt lat="49.168348" lon="20.214448">
				<ele>1343.000000</ele>
			</trkpt>
			<trkpt lat="49.168301" lon="20.214690">
				<ele>1341.000000</ele>
			</trkpt>
			<trkpt lat="49.168260" lon="20.214869">
				<ele>1338.000000</ele>
			</trkpt>
			<trkpt lat="49.168231" lon="20.215103">
				<ele>1336.000000</ele>
			</trkpt>
			<trkpt lat="49.168184" lon="20.215337">
				<ele>1333.000000</ele>
			</trkpt>
			<trkpt lat="49.168137" lon="20.215498">
				<ele>1331.000000</ele>
			</trkpt>
			<trkpt lat="49.168078" lon="20.215634">
				<ele>1329.000000</ele>
			</trkpt>
			<trkpt lat="49.168007" lon="20.215804">
				<ele>1327.000000</ele>
			</trkpt>
			<trkpt lat="49.167949" lon="20.215884">
				<ele>1326.000000</ele>
			</trkpt>
			<trkpt lat="49.167873" lon="20.215984">
				<ele>1324.000000</ele>
			</trkpt>
			<trkpt lat="49.167785" lon="20.216110">
				<ele>1323.000000</ele>
			</trkpt>
			<trkpt lat="49.167708" lon="20.216200">
				<ele>1321.000000</ele>
			</trkpt>
			<trkpt lat="49.167649" lon="20.216307">
				<ele>1320.000000</ele>
			</trkpt>
			<trkpt lat="49.167626" lon="20.216414">
				<ele>1318.000000</ele>
			</trkpt>
			<trkpt lat="49.167579" lon="20.216496">
				<ele>1317.000000</ele>
			</trkpt>
			<trkpt lat="49.167555" lon="20.216567">
				<ele>1316.000000</ele>
			</trkpt>
			<trkpt lat="49.167596" lon="20.216622">
				<ele>1315.000000</ele>
			</trkpt>
			<trkpt lat="49.167602" lon="20.216693">
				<ele>1314.000000</ele>
			</trkpt>
			<trkpt lat="49.167602" lon="20.216792">
				<ele>1313.000000</ele>
			</trkpt>
			<trkpt lat="49.167626" lon="20.216900">
				<ele>1311.000000</ele>
			</trkpt>
			<trkpt lat="49.167591" lon="20.216972">
				<ele>1310.000000</ele>
			</trkpt>
			<trkpt lat="49.167538" lon="20.217035">
				<ele>1309.000000</ele>
			</trkpt>
			<trkpt lat="49.167402" lon="20.217322">
				<ele>1306.000000</ele>
			</trkpt>
			<trkpt lat="49.167344" lon="20.217565">
				<ele>1304.000000</ele>
			</trkpt>
			<trkpt lat="49.167321" lon="20.217754">
				<ele>1302.000000</ele>
			</trkpt>
			<trkpt lat="49.167297" lon="20.217871">
				<ele>1301.000000</ele>
			</trkpt>
			<trkpt lat="49.167262" lon="20.217978">
				<ele>1300.000000</ele>
			</trkpt>
			<trkpt lat="49.167185" lon="20.218292">
				<ele>1294.000000</ele>
			</trkpt>
			<trkpt lat="49.167150" lon="20.218481">
				<ele>1293.000000</ele>
			</trkpt>
			<trkpt lat="49.167179" lon="20.218670">
				<ele>1292.000000</ele>
			</trkpt>
			<trkpt lat="49.167209" lon="20.218831">
				<ele>1291.000000</ele>
			</trkpt>
			<trkpt lat="49.167221" lon="20.218957">
				<ele>1290.000000</ele>
			</trkpt>
			<trkpt lat="49.167256" lon="20.219029">
				<ele>1290.000000</ele>
			</trkpt>
			<trkpt lat="49.167291" lon="20.219110">
				<ele>1290.000000</ele>
			</trkpt>
			<trkpt lat="49.167332" lon="20.219163">
				<ele>1290.000000</ele>
			</trkpt>
			<trkpt lat="49.167402" lon="20.219190">
				<ele>1289.000000</ele>
			</trkpt>
			<trkpt lat="49.167461" lon="20.219226">
				<ele>1289.000000</ele>
			</trkpt>
			<trkpt lat="49.167479" lon="20.219272">
				<ele>1289.000000</ele>
			</trkpt>
			<trkpt lat="49.167502" lon="20.219379">
				<ele>1288.000000</ele>
			</trkpt>
			<trkpt lat="49.167520" lon="20.219577">
				<ele>1287.000000</ele>
			</trkpt>
			<trkpt lat="49.167526" lon="20.219810">
				<ele>1287.000000</ele>
			</trkpt>
			<trkpt lat="49.167561" lon="20.219945">
				<ele>1286.000000</ele>
			</trkpt>
			<trkpt lat="49.167602" lon="20.220098">
				<ele>1285.000000</ele>
			</trkpt>
			<trkpt lat="49.167626" lon="20.220196">
				<ele>1285.000000</ele>
			</trkpt>
			<trkpt lat="49.167643" lon="20.220322">
				<ele>1285.000000</ele>
			</trkpt>
			<trkpt lat="49.167655" lon="20.220431">
				<ele>1284.000000</ele>
			</trkpt>
			<trkpt lat="49.167638" lon="20.220619">
				<ele>1283.000000</ele>
			</trkpt>
			<trkpt lat="49.167596" lon="20.220708">
				<ele>1283.000000</ele>
			</trkpt>
			<trkpt lat="49.167543" lon="20.220762">
				<ele>1283.000000</ele>
			</trkpt>
			<trkpt lat="49.167491" lon="20.220781">
				<ele>1282.000000</ele>
			</trkpt>
			<trkpt lat="49.167396" lon="20.220735">
				<ele>1282.000000</ele>
			</trkpt>
			<trkpt lat="49.167291" lon="20.220637">
				<ele>1281.000000</ele>
			</trkpt>
			<trkpt lat="49.167138" lon="20.220448">
				<ele>1280.000000</ele>
			</trkpt>
			<trkpt lat="49.167062" lon="20.220431">
				<ele>1279.000000</ele>
			</trkpt>
			<trkpt lat="49.166932" lon="20.220448">
				<ele>1278.000000</ele>
			</trkpt>
			<trkpt lat="49.166839" lon="20.220439">
				<ele>1278.000000</ele>
			</trkpt>
			<trkpt lat="49.166839" lon="20.220439">
				<ele>1278.000000</ele>
			</trkpt>
			<trkpt lat="49.166804" lon="20.220439">
				<ele>1277.000000</ele>
			</trkpt>
			<trkpt lat="49.166721" lon="20.220439">
				<ele>1276.000000</ele>
			</trkpt>
			<trkpt lat="49.166663" lon="20.220395">
				<ele>1275.000000</ele>
			</trkpt>
			<trkpt lat="49.166592" lon="20.220395">
				<ele>1275.000000</ele>
			</trkpt>
			<trkpt lat="49.166504" lon="20.220395">
				<ele>1274.000000</ele>
			</trkpt>
			<trkpt lat="49.166393" lon="20.220431">
				<ele>1272.000000</ele>
			</trkpt>
			<trkpt lat="49.166287" lon="20.220521">
				<ele>1271.000000</ele>
			</trkpt>
			<trkpt lat="49.166251" lon="20.220610">
				<ele>1271.000000</ele>
			</trkpt>
			<trkpt lat="49.166240" lon="20.220718">
				<ele>1270.000000</ele>
			</trkpt>
			<trkpt lat="49.166210" lon="20.220781">
				<ele>1269.000000</ele>
			</trkpt>
			<trkpt lat="49.166151" lon="20.220825">
				<ele>1268.000000</ele>
			</trkpt>
			<trkpt lat="49.166081" lon="20.220852">
				<ele>1266.000000</ele>
			</trkpt>
			<trkpt lat="49.166004" lon="20.220852">
				<ele>1265.000000</ele>
			</trkpt>
			<trkpt lat="49.165934" lon="20.220871">
				<ele>1264.000000</ele>
			</trkpt>
			<trkpt lat="49.165899" lon="20.220934">
				<ele>1263.000000</ele>
			</trkpt>
			<trkpt lat="49.165917" lon="20.220987">
				<ele>1262.000000</ele>
			</trkpt>
			<trkpt lat="49.165946" lon="20.221005">
				<ele>1261.000000</ele>
			</trkpt>
			<trkpt lat="49.165981" lon="20.221014">
				<ele>1261.000000</ele>
			</trkpt>
			<trkpt lat="49.166016" lon="20.221058">
				<ele>1260.000000</ele>
			</trkpt>
			<trkpt lat="49.165981" lon="20.221104">
				<ele>1259.000000</ele>
			</trkpt>
			<trkpt lat="49.165923" lon="20.221131">
				<ele>1258.000000</ele>
			</trkpt>
			<trkpt lat="49.165876" lon="20.221203">
				<ele>1258.000000</ele>
			</trkpt>
			<trkpt lat="49.165817" lon="20.221284">
				<ele>1257.000000</ele>
			</trkpt>
			<trkpt lat="49.165746" lon="20.221274">
				<ele>1256.000000</ele>
			</trkpt>
			<trkpt lat="49.165664" lon="20.221337">
				<ele>1255.000000</ele>
			</trkpt>
			<trkpt lat="49.165576" lon="20.221356">
				<ele>1253.000000</ele>
			</trkpt>
			<trkpt lat="49.165435" lon="20.221418">
				<ele>1252.000000</ele>
			</trkpt>
			<trkpt lat="49.165370" lon="20.221517">
				<ele>1250.000000</ele>
			</trkpt>
			<trkpt lat="49.165306" lon="20.221607">
				<ele>1249.000000</ele>
			</trkpt>
			<trkpt lat="49.165059" lon="20.221787">
				<ele>1243.000000</ele>
			</trkpt>
			<trkpt lat="49.164995" lon="20.221832">
				<ele>1242.000000</ele>
			</trkpt>
			<trkpt lat="49.164948" lon="20.221886">
				<ele>1241.000000</ele>
			</trkpt>
			<trkpt lat="49.164912" lon="20.221957">
				<ele>1240.000000</ele>
			</trkpt>
			<trkpt lat="49.164889" lon="20.222074">
				<ele>1239.000000</ele>
			</trkpt>
			<trkpt lat="49.164901" lon="20.222190">
				<ele>1239.000000</ele>
			</trkpt>
			<trkpt lat="49.164818" lon="20.222335">
				<ele>1238.000000</ele>
			</trkpt>
			<trkpt lat="49.164783" lon="20.222469">
				<ele>1237.000000</ele>
			</trkpt>
			<trkpt lat="49.164765" lon="20.222640">
				<ele>1236.000000</ele>
			</trkpt>
			<trkpt lat="49.164754" lon="20.222712">
				<ele>1236.000000</ele>
			</trkpt>
			<trkpt lat="49.164654" lon="20.222856">
				<ele>1235.000000</ele>
			</trkpt>
			<trkpt lat="49.164589" lon="20.222945">
				<ele>1234.000000</ele>
			</trkpt>
			<trkpt lat="49.164501" lon="20.223026">
				<ele>1233.000000</ele>
			</trkpt>
			<trkpt lat="49.164390" lon="20.223161">
				<ele>1232.000000</ele>
			</trkpt>
			<trkpt lat="49.164131" lon="20.223341">
				<ele>1230.000000</ele>
			</trkpt>
			<trkpt lat="49.164031" lon="20.223521">
				<ele>1227.000000</ele>
			</trkpt>
			<trkpt lat="49.163978" lon="20.223664">
				<ele>1226.000000</ele>
			</trkpt>
			<trkpt lat="49.163908" lon="20.223853">
				<ele>1223.000000</ele>
			</trkpt>
			<trkpt lat="49.163849" lon="20.224006">
				<ele>1222.000000</ele>
			</trkpt>
			<trkpt lat="49.163790" lon="20.224176">
				<ele>1220.000000</ele>
			</trkpt>
			<trkpt lat="49.163720" lon="20.224257">
				<ele>1220.000000</ele>
			</trkpt>
			<trkpt lat="49.163573" lon="20.224364">
				<ele>1220.000000</ele>
			</trkpt>
			<trkpt lat="49.163450" lon="20.224463">
				<ele>1220.000000</ele>
			</trkpt>
			<trkpt lat="49.163320" lon="20.224544">
				<ele>1220.000000</ele>
			</trkpt>
			<trkpt lat="49.163156" lon="20.224544">
				<ele>1220.000000</ele>
			</trkpt>
			<trkpt lat="49.163044" lon="20.224500">
				<ele>1220.000000</ele>
			</trkpt>
			<trkpt lat="49.162933" lon="20.224392">
				<ele>1220.000000</ele>
			</trkpt>
			<trkpt lat="49.162839" lon="20.224266">
				<ele>1220.000000</ele>
			</trkpt>
			<trkpt lat="49.162756" lon="20.223978">
				<ele>1223.000000</ele>
			</trkpt>
			<trkpt lat="49.162692" lon="20.223898">
				<ele>1224.000000</ele>
			</trkpt>
			<trkpt lat="49.162586" lon="20.223888">
				<ele>1225.000000</ele>
			</trkpt>
			<trkpt lat="49.162433" lon="20.223951">
				<ele>1227.000000</ele>
			</trkpt>
			<trkpt lat="49.162357" lon="20.223924">
				<ele>1228.000000</ele>
			</trkpt>
			<trkpt lat="49.162339" lon="20.223880">
				<ele>1229.000000</ele>
			</trkpt>
			<trkpt lat="49.162357" lon="20.223817">
				<ele>1229.000000</ele>
			</trkpt>
			<trkpt lat="49.162528" lon="20.223674">
				<ele>1232.000000</ele>
			</trkpt>
			<trkpt lat="49.162539" lon="20.223620">
				<ele>1232.000000</ele>
			</trkpt>
			<trkpt lat="49.162498" lon="20.223565">
				<ele>1233.000000</ele>
			</trkpt>
			<trkpt lat="49.162351" lon="20.223601">
				<ele>1235.000000</ele>
			</trkpt>
			<trkpt lat="49.162216" lon="20.223700">
				<ele>1237.000000</ele>
			</trkpt>
			<trkpt lat="49.162039" lon="20.223727">
				<ele>1239.000000</ele>
			</trkpt>
			<trkpt lat="49.161964" lon="20.223700">
				<ele>1241.000000</ele>
			</trkpt>
			<trkpt lat="49.161964" lon="20.223637">
				<ele>1241.000000</ele>
			</trkpt>
			<trkpt lat="49.162039" lon="20.223548">
				<ele>1243.000000</ele>
			</trkpt>
			<trkpt lat="49.162016" lon="20.223511">
				<ele>1244.000000</ele>
			</trkpt>
			<trkpt lat="49.161916" lon="20.223538">
				<ele>1245.000000</ele>
			</trkpt>
			<trkpt lat="49.161799" lon="20.223521">
				<ele>1248.000000</ele>
			</trkpt>
			<trkpt lat="49.161570" lon="20.223484">
				<ele>1250.000000</ele>
			</trkpt>
			<trkpt lat="49.161470" lon="20.223458">
				<ele>1251.000000</ele>
			</trkpt>
			<trkpt lat="49.161352" lon="20.223395">
				<ele>1251.000000</ele>
			</trkpt>
			<trkpt lat="49.161247" lon="20.223377">
				<ele>1252.000000</ele>
			</trkpt>
			<trkpt lat="49.161141" lon="20.223395">
				<ele>1252.000000</ele>
			</trkpt>
			<trkpt lat="49.161070" lon="20.223421">
				<ele>1252.000000</ele>
			</trkpt>
			<trkpt lat="49.160964" lon="20.223440">
				<ele>1253.000000</ele>
			</trkpt>
			<trkpt lat="49.160788" lon="20.223511">
				<ele>1253.000000</ele>
			</trkpt>
			<trkpt lat="49.160618" lon="20.223655">
				<ele>1254.000000</ele>
			</trkpt>
			<trkpt lat="49.160494" lon="20.223790">
				<ele>1254.000000</ele>
			</trkpt>
			<trkpt lat="49.160419" lon="20.223888">
				<ele>1255.000000</ele>
			</trkpt>
			<trkpt lat="49.160336" lon="20.224006">
				<ele>1255.000000</ele>
			</trkpt>
			<trkpt lat="49.160289" lon="20.224068">
				<ele>1255.000000</ele>
			</trkpt>
			<trkpt lat="49.160224" lon="20.224096">
				<ele>1256.000000</ele>
			</trkpt>
			<trkpt lat="49.160077" lon="20.224203">
				<ele>1256.000000</ele>
			</trkpt>
			<trkpt lat="49.159819" lon="20.224356">
				<ele>1257.000000</ele>
			</trkpt>
			<trkpt lat="49.159719" lon="20.224410">
				<ele>1258.000000</ele>
			</trkpt>
			<trkpt lat="49.159596" lon="20.224482">
				<ele>1258.000000</ele>
			</trkpt>
			<trkpt lat="49.159461" lon="20.224607">
				<ele>1259.000000</ele>
			</trkpt>
			<trkpt lat="49.159267" lon="20.224850">
				<ele>1259.000000</ele>
			</trkpt>
			<trkpt lat="49.159108" lon="20.225102">
				<ele>1260.000000</ele>
			</trkpt>
			<trkpt lat="49.159008" lon="20.225263">
				<ele>1261.000000</ele>
			</trkpt>
			<trkpt lat="49.158832" lon="20.225605">
				<ele>1262.000000</ele>
			</trkpt>
			<trkpt lat="49.158738" lon="20.225775">
				<ele>1263.000000</ele>
			</trkpt>
			<trkpt lat="49.158738" lon="20.225731">
				<ele>1264.000000</ele>
			</trkpt>
			<trkpt lat="49.158791" lon="20.225532">
				<ele>1269.000000</ele>
			</trkpt>
			<trkpt lat="49.158821" lon="20.225406">
				<ele>1271.000000</ele>
			</trkpt>
			<trkpt lat="49.158850" lon="20.225308">
				<ele>1272.000000</ele>
			</trkpt>
			<trkpt lat="49.158879" lon="20.225209">
				<ele>1274.000000</ele>
			</trkpt>
			<trkpt lat="49.158909" lon="20.225102">
				<ele>1275.000000</ele>
			</trkpt>
			<trkpt lat="49.158932" lon="20.225012">
				<ele>1276.000000</ele>
			</trkpt>
			<trkpt lat="49.158932" lon="20.224949">
				<ele>1277.000000</ele>
			</trkpt>
			<trkpt lat="49.158926" lon="20.224922">
				<ele>1277.000000</ele>
			</trkpt>
			<trkpt lat="49.158879" lon="20.224966">
				<ele>1278.000000</ele>
			</trkpt>
			<trkpt lat="49.158826" lon="20.225029">
				<ele>1279.000000</ele>
			</trkpt>
			<trkpt lat="49.158791" lon="20.225003">
				<ele>1280.000000</ele>
			</trkpt>
			<trkpt lat="49.158732" lon="20.225200">
				<ele>1279.000000</ele>
			</trkpt>
			<trkpt lat="49.158703" lon="20.225299">
				<ele>1278.000000</ele>
			</trkpt>
		</trkseg>
	</trk>
</gpx>

